100 individuos 

Geracao 0: 1 1 1 1 1 1 1 1 1 1 1 1 1 1 1 1 1 1 1 1 1 1 1 1 1 1 1 1 1 1 1 1 1 1 1 1 1 1 1 1 1 1 1 1 1 1 1 1 1 1 1 1 1 1 1 1 1 1 1 1 1 1 1 1 1 1 1 1 1 1 1 1 1 1 1 1 1 1 1 1 1 1 1 1 1 1 1 1 1 1 1 1 1 1 1 1 1 1 1 1
Geracao 1: 814 645 454 290 242 232 221 183 182 181 180 176 170 166 162 155 153 150 148 148 145 142 142 142 139 136 136 132 130 129 128 120 114 113 109 105 100 94 44 43 32 29 2 2 2 2 2 2 2 2 2 2 2 2 2 2 2 2 2 2 2 2 2 2 2 2 2 2 2 1 1 1 1 1 1 1 1 1 1 1 1 1 1 1 1 1 1 1 1 1 1 1 1 1 1 1 1 1 1 1
Geracao 2: 1504 1403 1145 910 885 885 842 841 814 814 814 814 814 814 814 814 814 814 814 787 783 772 763 755 733 719 714 704 697 682 668 651 645 645 645 645 645 645 645 627 588 582 582 549 534 519 488 484 470 462 454 411 391 383 383 336 327 311 305 305 286 280 254 243 226 225 221 217 214 210 204 186 185 182 172 171 168 166 155 143 143 143 143 143 143 142 141 139 137 136 136 135 135 125 124 104 82 79 55 1
Geracao 3: 2436 1504 1504 1498 1484 1377 1377 1317 1302 1290 1271 1205 1183 1182 1165 1146 1145 1145 1145 1145 1145 1145 1100 1017 1015 991 969 966 934 934 934 934 934 934 908 854 818 814 814 814 814 814 814 814 814 814 814 814 814 814 814 814 713 695 694 687 636 615 610 602 600 587 575 370 351 327 321 318 297 283 254 240 229 224 202 184 181 180 175 171 169 169 166 165 164 164 164 164 164 164 164 160 156 147 146 143 142 138 136 134
Geracao 4: 2436 1774 1679 1643 1614 1582 1504 1504 1383 1358 1257 1248 1227 1190 1179 1153 1145 1145 1145 1145 1145 1145 1145 1145 1131 1110 1086 1084 1058 982 854 854 814 814 814 814 810 783 754 695 603 540 509 453 435 409 407 396 384 380 379 356 335 333 311 310 282 259 252 250 228 228 228 228 228 227 227 223 220 210 203 195 195 195 195 195 195 195 194 183 181 179 179 168 164 164 164 164 164 164 164 164 164 164 161 161 160 154 154 154
Geracao 5: 2436 2258 2131 2016 1965 1905 1881 1877 1807 1778 1745 1713 1644 1625 1624 1624 1624 1624 1617 1614 1614 1614 1614 1516 1467 1399 1320 1294 1251 1209 1165 1136 1122 1071 1055 1028 1016 999 908 837 813 811 774 656 654 641 557 539 531 501 465 448 440 419 411 409 395 385 375 351 347 337 335 328 310 283 268 253 241 223 220 215 214 207 203 203 203 197 194 178 167 165 164 164 164 164 164 164 164 164 164 164 164 164 164 164 164 161 161 161
Geracao 6: 2563 2436 2436 2436 2436 2436 2436 2379 2376 2367 2309 2291 2252 2242 2198 2142 2131 2098 2053 1999 1905 1878 1832 1792 1762 1754 1693 1642 1624 1624 1614 1614 1614 1436 1368 1363 1296 1203 1185 1137 1126 1112 1109 1097 1035 940 929 919 898 879 805 805 770 762 757 720 598 517 516 501 492 487 455 404 397 396 393 381 362 333 324 261 243 242 203 196 195 195 192 190 188 175 171 166 164 164 164 164 164 164 164 164 164 164 164 161 161 161 161 158
Geracao 7: 2592 2567 2563 2563 2563 2563 2563 2563 2563 2563 2502 2458 2436 2436 2436 2436 2371 2329 2329 2321 2245 2244 2131 2056 1844 1741 1740 1706 1703 1703 1703 1684 1623 1623 1623 1621 1615 1591 1578 1479 1415 1340 1277 1192 1132 1124 1114 1093 1057 1053 1028 1024 986 950 891 887 873 854 854 808 800 739 567 501 501 500 463 416 411 407 401 392 392 308 286 285 282 274 267 266 252 239 221 217 214 208 206 205 204 200 190 187 177 177 177 171 164 164 164 161
Geracao 8: 2618 2592 2592 2592 2563 2563 2563 2505 2464 2454 2364 2327 2305 2267 2263 2192 2125 2064 2021 1953 1942 1941 1886 1881 1872 1872 1754 1703 1683 1623 1623 1516 1514 1455 1431 1418 1289 1272 1240 1230 1225 1190 1174 1113 1077 1058 1035 992 990 938 898 893 889 832 823 777 760 714 679 656 654 646 645 597 577 566 531 506 445 409 407 406 357 341 296 277 270 269 261 261 261 261 261 261 261 261 261 261 261 261 261 261 259 244 235 228 219 204 199 168
Geracao 9: 2652 2641 2618 2618 2618 2569 2530 2484 2465 2452 2444 2438 2314 2303 2187 2184 2184 2177 2142 2136 2090 2041 2033 1823 1815 1812 1807 1761 1759 1753 1635 1631 1631 1625 1624 1613 1514 1325 1313 1224 1223 1154 1141 1141 1133 1112 1106 1096 1077 1077 1068 1031 1001 971 898 872 835 830 830 827 803 788 775 767 759 758 689 635 620 581 565 524 524 509 507 469 434 413 409 395 387 350 326 318 302 301 287 278 274 261 261 260 246 208 208 208 206 180 177 161
Geracao 10: 2652 2652 2652 2652 2640 2618 2529 2452 2371 2347 2317 2314 2305 2295 2268 2239 2231 2189 2187 2171 2164 2128 2102 2013 1981 1928 1844 1812 1766 1703 1641 1629 1624 1622 1616 1553 1424 1384 1218 1118 1099 1077 1051 1019 999 978 953 903 895 892 832 725 718 689 683 627 625 616 591 548 539 538 531 505 497 496 486 467 432 420 420 406 403 395 353 308 308 308 308 308 308 308 308 308 308 308 308 308 308 308 308 308 254 222 220 208 194 194 166 166
Geracao 11: 2652 2652 2652 2652 2652 2652 2652 2652 2652 2652 2652 2652 2652 2652 2652 2581 2555 2505 2504 2494 2441 2387 2346 2335 2270 2268 2260 2242 2216 2214 2149 2067 1932 1914 1913 1911 1900 1897 1890 1816 1789 1705 1664 1642 1631 1629 1629 1616 1615 1437 1236 1229 1154 1100 1068 1011 1009 980 973 872 872 825 808 797 719 671 659 595 522 517 503 474 463 428 421 419 406 406 359 310 308 308 308 308 308 308 308 308 308 308 308 308 308 308 308 308 308 308 308 308
Geracao 12: 2706 2652 2652 2652 2652 2652 2652 2652 2652 2652 2652 2652 2652 2652 2652 2652 2652 2652 2623 2563 2525 2505 2417 2401 2322 2309 2302 2290 2281 2223 2164 2072 2012 1945 1923 1920 1767 1749 1738 1705 1705 1688 1631 1629 1629 1628 1616 1584 1455 1391 1274 1222 1169 1095 1074 995 987 921 892 888 878 776 753 722 704 650 642 609 528 524 517 515 500 483 464 440 422 406 384 384 381 377 344 338 337 334 308 308 308 308 308 308 308 308 308 308 308 299 297 280
Geracao 13: 2706 2706 2706 2706 2706 2706 2706 2706 2706 2652 2652 2652 2652 2652 2652 2592 2581 2563 2475 2475 2455 2401 2363 2291 2286 2280 2266 2229 2216 2128 1974 1961 1935 1858 1858 1858 1835 1783 1758 1758 1758 1631 1616 1575 1563 1444 1442 1383 1380 1323 1272 1266 1236 1191 1156 1108 1108 1051 1029 958 942 913 873 831 636 614 600 590 584 557 493 485 470 449 437 437 398 396 395 395 395 395 395 395 395 395 395 395 395 386 357 349 315 308 308 308 308 308 308 308
Geracao 14: 2706 2706 2706 2706 2706 2706 2706 2706 2706 2706 2706 2706 2706 2706 2706 2706 2569 2563 2563 2547 2424 2401 2359 2348 2334 2318 2313 2291 2204 2195 2066 1997 1969 1940 1927 1918 1885 1877 1860 1789 1758 1740 1732 1729 1725 1576 1533 1442 1346 1220 1121 1090 1061 1054 1020 993 930 873 848 832 808 808 774 771 709 656 632 598 532 520 496 414 396 396 395 395 395 395 395 395 395 395 395 395 395 395 395 395 395 395 395 395 383 365 359 357 357 357 357 252
Geracao 15: 2706 2706 2706 2706 2706 2706 2706 2706 2706 2706 2706 2706 2706 2706 2706 2706 2706 2706 2563 2563 2553 2462 2458 2431 2401 2401 2401 2343 2318 2318 2291 2287 2270 2232 1989 1866 1866 1858 1858 1858 1758 1758 1758 1758 1729 1647 1612 1603 1587 1389 1327 1237 1215 1170 1148 1092 1027 1021 900 894 892 873 795 786 759 502 501 496 466 459 452 403 403 395 395 395 395 395 395 395 395 395 395 395 395 395 395 395 395 395 395 395 395 395 395 383 357 357 248 220
Geracao 16: 2706 2706 2706 2706 2706 2706 2706 2706 2706 2706 2706 2706 2706 2706 2706 2706 2706 2706 2706 2706 2706 2706 2706 2706 2706 2610 2451 2436 2401 2389 2374 2363 2354 2318 2308 2291 2290 2261 2243 2202 2154 2154 2109 2093 2028 2018 1947 1897 1858 1858 1847 1758 1758 1758 1723 1708 1685 1591 1424 1386 1277 1148 1134 1108 1077 1075 1072 985 892 892 882 873 856 806 799 683 645 534 480 448 417 411 396 396 395 395 395 395 395 395 395 395 395 395 395 395 395 383 360 357
Geracao 17: 2706 2706 2706 2706 2706 2706 2706 2706 2706 2706 2706 2706 2706 2706 2706 2706 2706 2706 2706 2706 2563 2419 2388 2382 2329 2318 2318 2306 2291 2284 2278 2175 2132 2091 2029 2017 1991 1970 1961 1947 1910 1879 1862 1858 1858 1802 1799 1787 1710 1630 1556 1483 1450 1283 1274 1200 1175 1138 1037 1013 1008 963 926 911 832 832 766 618 555 552 530 496 496 483 457 437 422 406 396 395 395 395 395 395 395 395 395 395 395 395 395 395 395 395 395 395 395 383 357 357
Geracao 18: 2706 2706 2706 2706 2706 2706 2706 2706 2706 2706 2706 2706 2706 2706 2706 2706 2706 2706 2706 2611 2563 2563 2550 2545 2479 2442 2422 2417 2365 2363 2357 2318 2291 2287 2262 2255 2224 2212 2207 2199 2192 2181 2002 1989 1964 1858 1858 1829 1815 1791 1786 1758 1758 1758 1758 1729 1642 1490 1330 1325 1206 1187 1175 1148 1142 1091 1075 1041 873 843 840 829 806 788 735 645 593 588 540 496 491 481 474 464 449 442 421 396 395 395 395 395 395 395 395 395 395 395 395 357
Geracao 19: 2733 2706 2706 2706 2706 2706 2706 2706 2706 2706 2706 2706 2706 2706 2706 2706 2706 2706 2706 2706 2706 2706 2706 2706 2558 2515 2411 2401 2363 2363 2361 2352 2334 2316 2311 2287 2286 2205 2185 2168 2042 1866 1866 1858 1858 1858 1791 1758 1758 1758 1758 1758 1758 1631 1624 1535 1410 1215 1206 1205 1113 1106 1061 997 895 892 873 841 762 735 673 617 574 536 472 466 428 413 406 399 397 395 395 395 395 395 395 395 395 395 395 395 395 395 395 395 395 384 358 357
Geracao 20: 4622 4481 2733 2733 2733 2733 2733 2733 2733 2733 2733 2733 2733 2733 2733 2733 2733 2733 2733 2733 2733 2733 2733 2733 2733 2733 2733 2733 2733 2733 2733 2733 2733 2733 2733 2733 2733 2733 2733 2733 2733 2733 2733 2733 2733 2733 2733 2733 2733 2733 2733 2706 2706 2706 2706 2706 2706 2706 2579 2475 2352 2301 2227 2083 1979 1876 1822 1808 1758 1758 1686 1457 1455 1331 1247 1196 1091 1084 1084 1084 1084 1084 1001 638 524 490 395 395 395 395 395 395 395 395 395 390 383 357 335 235
Geracao 21: 14255 4622 4622 4622 4622 4622 4622 4622 4622 4622 4622 4622 4622 4622 4622 4622 4622 4622 4622 4481 4481 4481 4481 4481 4481 4481 4481 4481 4481 4481 4481 4481 4481 4481 4481 4481 3267 2759 2741 2733 2733 2733 2733 2733 2733 2733 2733 2733 2733 2733 2733 2733 2733 2733 2733 2733 2733 2733 2733 2733 2733 2733 2733 2733 2733 2733 2733 2733 2733 2733 2733 2733 2733 2733 2733 2706 2330 1936 1609 1297 1084 1084 1084 892 892 892 892 888 784 625 546 525 506 446 446 440 395 395 395 395
Geracao 22: 23507 22141 19398 17219 17085 16318 14351 14255 14255 14255 14255 14255 14255 14255 14255 14255 14255 14255 14255 14255 14255 14255 14255 14255 14255 14255 14255 14255 14255 14255 14255 14255 14255 14255 14255 14255 14255 14255 12433 10421 8493 7514 7514 7514 7514 7514 7514 7514 7514 7514 7514 7514 7514 7514 7514 7404 6732 5678 4919 4788 4646 4646 4646 4481 4481 4481 4481 4481 4481 4481 4481 4481 4160 4148 3868 3566 2733 2733 2733 2733 2703 2389 1084 1078 904 546 537 516 395 395 395 395 395 395 395 369 368 367 367 352
Geracao 23: 23507 23507 23507 23507 23507 23507 23507 23507 23507 23507 23507 23507 23507 23507 23507 23507 23507 23507 23507 23507 23507 23507 23507 23507 23507 23507 23507 19669 19421 19398 19398 19398 17395 16971 15946 14255 13612 13573 13573 13573 13573 13573 13573 13369 12433 10933 10933 10933 10933 10933 10933 10933 10933 10933 9812 8963 7804 7514 7514 7514 7514 7514 7514 7514 7514 7514 7008 7008 7008 7008 7008 5514 5514 5427 4843 4497 4481 3868 3862 3712 2770 2733 2733 2582 1723 1562 1047 975 395 395 395 395 395 395 395 358 352 341 313 280
Geracao 24: 23507 23507 23507 23507 23507 23507 23507 23507 23507 23507 23507 23507 23507 23507 23507 23507 23507 23507 23507 23507 23507 23507 23507 23507 23507 23507 23507 23507 23507 23507 23507 23507 23507 23507 23507 23507 23507 23507 23507 23507 23507 23507 23507 23507 23507 23507 23507 23507 23507 23507 23507 23507 22406 18625 18168 17568 17196 16854 14946 14946 14946 14946 14763 14742 13921 12080 11487 10172 9954 7988 6346 5586 5057 4587 4569 3712 3712 3712 982 975 975 975 975 975 975 975 975 975 399 395 395 395 395 395 371 358 341 341 317 236
Geracao 25: 23507 23507 23507 23507 23507 23507 23507 23507 23507 23507 23507 23507 23507 23507 23507 23507 23507 23507 23507 23507 23507 23507 23507 23507 23507 23507 23507 23507 23507 23507 23507 23507 23507 23507 23507 23507 23507 23507 23507 23507 23507 23507 23507 23507 23507 23507 23507 23507 23507 23507 23507 23507 23507 23507 23507 22558 22282 21498 17013 16595 15642 14946 14946 13186 12412 11254 8816 8126 6828 6469 5929 5057 5057 3723 3712 1732 1084 975 975 975 975 975 975 975 975 975 395 395 380 371 362 333 295 295 295 281 280 274 244 240
Geracao 26: 33310 26129 23507 23507 23507 23507 23507 23507 23507 23507 23507 23507 23507 23507 23507 23507 23507 23507 23507 23507 23507 23507 23507 23507 23507 23507 23507 23507 23507 23507 23507 23507 23507 23507 23507 23507 23507 23507 23507 23507 23507 23507 23507 23507 23507 23507 23507 23507 23507 23507 23507 23507 23507 23507 23507 23507 22261 19930 19322 16024 15183 14946 11166 10869 10097 10097 8949 8256 6290 3712 3712 3712 2781 2767 2284 975 975 975 975 975 975 975 975 975 975 975 975 975 975 975 446 424 368 287 284 284 240 240 240 240
Geracao 27: 34698 33310 33310 33310 33310 33310 33310 33310 33310 33310 33310 33310 33310 33310 33310 33310 33310 33310 33310 33310 33310 33310 33310 33310 33310 33310 33310 33310 33310 33310 33310 33310 26129 26129 23507 23507 23507 23507 23507 23507 23507 23507 23507 23507 23507 23507 23507 23507 23507 23507 23507 22027 21654 19731 18575 17188 15050 14923 14145 13260 13260 12292 12292 12292 12292 11947 10097 10097 9954 6935 6183 5057 4997 4463 4159 3712 3270 2982 2776 2404 2119 1248 1148 622 615 442 437 424 296 250 245 241 237 237 232 230 222 222 220 219
Geracao 28: 34698 34698 34698 34698 34698 34698 34698 34698 34698 34698 34698 34698 34698 34698 34698 34698 34698 34698 34698 34698 34698 34698 34698 34698 34698 34698 34698 34698 34698 34698 34698 34698 34698 34698 34698 34698 34698 34698 34698 34698 34698 34698 34698 33310 33310 33310 33310 33310 33310 33310 33310 33310 33310 33310 33310 33310 33310 21008 17980 17191 16942 16385 16226 15167 14263 14079 13809 13627 13260 10097 10097 10092 9247 6443 5586 3712 3712 3712 3712 3712 2162 1647 1647 1165 1148 1148 1148 563 563 563 365 360 326 306 299 261 213 213 213 213
Geracao 29: 34698 34698 34698 34698 34698 34698 34698 34698 34698 34698 34698 34698 34698 34698 34698 34698 34698 34698 34698 34698 34698 34698 34698 34698 34698 34698 34698 34698 34698 34698 34698 34698 34698 34698 34698 34698 34698 34698 34698 34698 34698 34698 34698 34698 34698 34698 34698 34698 34698 34698 34698 34698 34698 34698 34698 34698 34698 34698 34698 34698 21513 20054 18388 16366 14436 13429 13300 10213 9224 6979 6175 6114 5940 5686 3712 2063 1714 1647 1647 1647 1647 1647 1647 1647 1647 1647 1134 1109 875 563 563 555 325 312 306 291 285 236 234 213
Geracao 30: 34698 34698 34698 34698 34698 34698 34698 18639 4359 4359 4359 1647 653 563 563 552 430 410 392 376 372 359 346 346 339 305 287 283 283 273 262 246 240 235 235 233 233 231 230 222 222 222 222 222 222 222 222 222 222 222 222 222 222 222 222 222 222 222 222 222 222 222 222 222 222 222 222 222 222 220 219 219 219 218 218 217 217 216 213 213 213 213 213 213 213 213 213 213 213 213 213 213 213 213 213 213 203 174 172 168
Geracao 31: 34698 34698 34698 34698 34698 34698 34698 34698 34698 34698 34698 34698 34698 34698 34698 34698 34698 34698 34698 34698 34698 34698 34698 34698 34698 34698 34698 34698 34698 34698 34698 34698 34698 34698 34698 34698 34698 34698 34698 34698 34698 34698 34698 34698 34698 34698 34698 34698 34698 34698 34698 34698 34698 34698 34698 34698 34698 34698 34698 34698 24681 23477 22281 19268 9916 9206 6175 5686 3712 3712 3712 3712 3486 3018 2802 1768 1647 1647 1647 1647 1647 1647 1647 1167 878 563 563 461 425 415 415 415 415 415 415 369 368 363 288 270
Geracao 32: 34698 34698 34698 34698 34698 34698 34698 34698 34698 34698 34698 34698 34698 34698 34698 34698 34698 34698 34698 34698 34698 34698 34698 34698 34698 34698 34698 34698 34698 34698 34698 34698 34698 34698 34698 34698 34698 34698 34698 34698 34698 34698 34698 34698 34698 34698 34698 34698 34698 23049 19883 14093 13583 13051 11839 11373 10807 10097 8583 7998 7915 7663 6175 6116 4931 3712 3712 3712 2653 2152 2083 1647 1647 1647 1647 1647 1647 1647 1647 1647 1647 875 847 704 606 563 563 538 415 415 409 405 388 370 270 267 242 220 213 213
Geracao 33: 34698 34698 34698 34698 34698 34698 34698 34698 34698 34698 34698 34698 34698 34698 34698 34698 34698 34698 34698 34698 34698 34698 34698 34698 34698 34698 34698 34698 34698 34698 34698 34698 34698 34698 34698 34698 34698 34698 34698 34698 34698 34698 34698 34698 34698 34698 34698 34698 34698 34698 34698 34698 34698 34698 23358 16128 13638 12700 10213 10213 10097 7271 4102 3712 3712 2270 1647 1647 1647 1647 1647 1647 1647 1647 1404 1330 999 859 705 705 705 694 563 563 563 563 563 563 563 466 416 391 383 349 328 276 274 230 213 213
Geracao 34: 34698 34698 34698 34698 34698 34698 34698 34698 34698 34698 34698 34698 34698 34698 34698 34698 34698 34698 34698 34698 34698 34698 34698 34698 34698 34698 34698 34698 34698 34698 34698 34698 34698 34698 34698 34698 34698 34698 34698 34698 34698 34698 34698 34698 34698 34698 34698 34698 34698 34698 34698 34698 34698 34698 34698 34698 34698 34698 34698 22863 19987 19622 18548 18266 18012 16525 14682 10097 10097 9539 9256 8248 6242 4705 3712 3712 3712 3579 1647 1647 1647 1647 1647 1647 1647 1647 1647 1647 1647 1647 1647 982 597 563 293 284 282 280 278 213
Geracao 35: 34698 34698 34698 34698 34698 34698 34698 34698 34698 34698 34698 34698 34698 34698 34698 34698 34698 34698 34698 34698 34698 34698 34698 34698 34698 34698 34698 34698 34698 34698 34698 34698 34698 34698 34698 34698 34698 34698 34698 34698 34698 34698 34698 34698 34698 34698 34698 34698 34698 34698 34698 34698 34698 34698 34698 34698 34698 34698 34698 27771 20513 17516 16538 13337 13110 12775 9931 9589 9515 8228 7817 6175 3843 3712 2097 1647 1647 1647 1647 1647 1647 1374 735 566 563 563 563 563 536 358 298 280 280 277 263 259 246 246 246 147
Geracao 36: 34698 34698 34698 34698 34698 34698 34698 34698 34698 34698 34698 34698 34698 34698 34698 34698 34698 34698 34698 34698 34698 34698 34698 34698 34698 34698 34698 34698 34698 34698 34698 34698 34698 34698 34698 34698 34698 34698 34698 34698 34698 34698 34698 34698 34698 34698 34698 34698 34698 34698 34698 34698 34698 30521 22031 21715 19999 12982 12005 10861 5642 5290 5024 4815 3853 3712 3712 3712 3712 3701 3052 2340 1647 1647 1647 1647 1647 1647 1647 1647 1325 724 608 563 563 563 563 563 563 546 353 351 294 279 272 263 252 252 252 252
Geracao 37: 34698 34698 34698 34698 34698 34698 34698 34698 34698 34698 34698 34698 34698 34698 34698 34698 34698 34698 34698 34698 34698 34698 34698 34698 34698 34698 34698 34698 34698 34698 34698 34698 34698 34698 34698 34698 34698 34698 34698 34698 34698 34698 34698 34698 34698 34698 34698 34698 34698 34698 34698 34698 34698 34698 34698 34698 34698 34698 34698 34698 34698 27771 22706 18585 12405 10213 10213 10097 10097 10097 7359 4226 3712 3712 2903 2321 1647 1647 1647 1647 1546 1464 1209 1084 1029 915 596 563 563 563 522 492 486 349 280 280 252 246 246 246
Geracao 38: 34698 34698 34698 34698 34698 34698 34698 34698 34698 34698 34698 34698 34698 34698 34698 34698 34698 34698 34698 34698 34698 34698 34698 34698 34698 34698 34698 34698 34698 34698 34698 34698 34698 34698 34698 34698 34698 34698 34698 34698 34698 34698 34698 34698 34698 34698 34698 34698 34698 34698 34698 34698 34698 34698 34698 34698 34698 34698 34698 34698 34698 34698 34698 34698 34698 31979 25229 22550 20099 19266 15872 12552 9246 7136 6175 5686 5398 3712 1868 1647 1647 1647 1647 1647 1647 1499 1276 574 563 563 563 563 563 563 509 298 280 280 256 251
Geracao 39: 34698 34698 34698 34698 34698 34698 34698 34698 34698 34698 34698 34698 34698 34698 34698 34698 34698 34698 34698 34698 34698 34698 34698 34698 34698 34698 34698 34698 34698 34698 34698 34698 34698 34698 34698 34698 34698 34698 34698 34698 34698 34698 34698 34698 34698 34698 34698 34698 34698 34698 34698 34698 34698 34698 34698 34698 34698 34698 18647 17238 17023 14142 11734 11389 8202 7018 6423 6345 3712 3712 2080 1647 1647 1647 1647 1647 1647 1647 1647 658 563 295 295 278 278 278 278 278 278 278 278 268 266 256 255 253 252 246 246 246
Geracao 40: 34698 34698 34698 34698 34698 34698 34698 34698 34698 34698 34698 34698 34698 34698 34698 34698 34698 34698 34698 34698 34698 34698 34698 34698 34698 34698 34698 34698 34698 34698 34698 34698 34698 34698 34698 34698 34698 34698 34698 34698 34698 34698 34698 34698 34698 34698 34698 34698 34698 34698 34698 34698 34698 34698 34698 20291 20053 18728 18550 13984 12595 11883 10213 10213 10213 10097 10097 8075 7704 6695 6210 5104 3712 3712 2104 1647 1647 1647 1647 1647 1647 1647 1647 1647 1495 1175 694 563 563 476 404 337 293 286 279 278 266 266 266 246
Geracao 41: 34698 34698 34698 34698 34698 34698 34698 34698 34698 34698 34698 34698 34698 34698 34698 34698 34698 34698 34698 34698 34698 34698 34698 34698 34698 34698 34698 34698 34698 34698 34698 34698 34698 34698 34698 34698 34698 34698 34698 34698 34698 34698 34698 34698 34698 34698 34698 34698 34698 34698 34698 34698 34698 34698 34698 34698 27145 22344 19736 17499 17053 16096 14070 13348 11104 10213 10097 10050 9412 7264 4226 3712 2313 1982 1647 1647 1647 1647 1647 1647 1647 1647 1647 1647 1647 1647 1647 1647 1647 1084 563 563 487 280 279 279 246 246 246 246
Geracao 42: 34698 34698 34698 34698 34698 34698 34698 34698 34698 34698 34698 34698 34698 34698 34698 34698 34698 34698 34698 34698 34698 34698 34698 34698 34698 34698 34698 34698 34698 34698 34698 34698 34698 34698 34698 34698 34698 34698 34698 34698 34698 34698 34698 34698 34698 34698 34698 34698 34698 34698 34698 34698 34698 34698 34698 34698 34698 34698 28916 25633 19795 19530 18780 18004 17479 17234 11865 11312 10097 6774 6609 3712 3712 3712 3326 1812 1647 1647 1647 1647 1647 1647 1647 1647 1647 563 563 424 279 279 279 279 279 279 279 270 266 246 246 176
Geracao 43: 34698 34698 34698 34698 34698 34698 34698 34698 34698 34698 34698 34698 34698 34698 34698 34698 34698 34698 34698 34698 34698 34698 34698 34698 34698 34698 34698 34698 34698 34698 34698 34698 34698 34698 34698 34698 34698 34698 34698 34698 34698 34698 34698 34698 34698 34698 34698 34698 34698 34698 34698 34698 34698 34698 34698 34698 34698 34698 31851 28576 27771 24399 19375 18461 17920 15830 13773 10213 10097 7339 6949 5107 1647 1647 1647 1647 1647 1647 1647 1647 1647 1647 1647 1647 1647 563 563 563 563 541 369 363 322 301 279 274 260 246 246 246
Geracao 44: 34698 34698 34698 34698 34698 34698 34698 34698 34698 34698 34698 34698 34698 34698 34698 34698 34698 34698 34698 34698 34698 34698 34698 34698 34698 34698 34698 34698 34698 34698 34698 34698 34698 34698 34698 34698 34698 34698 34698 34698 34698 34698 34698 34698 34698 34698 34698 34698 34698 34698 34698 34698 34698 34698 34698 34698 34698 34698 34698 34698 34698 34698 34698 34698 34698 34698 34454 22149 17313 12964 11539 10408 10213 10097 8837 6175 5797 4497 1647 1647 1647 1647 1647 1647 1647 1647 1647 1647 1209 1209 720 563 560 318 279 279 279 276 246 198
Geracao 45: 34698 34698 34698 34698 34698 34698 34698 34698 34698 34698 34698 34698 34698 34698 34698 34698 34698 34698 34698 34698 34698 34698 34698 34698 34698 34698 34698 34698 34698 34698 34698 34698 34698 34698 34698 34698 34698 34698 34698 34698 34698 34698 34698 34698 34698 34698 34698 34698 34698 34698 34698 34698 34698 34698 19119 17922 17041 16538 15321 10097 6175 6175 5509 5163 3503 1647 1647 1647 1647 1647 1647 1647 1647 1647 1647 1647 1647 1636 1349 1209 563 563 563 563 552 445 394 307 279 277 277 276 273 273 272 253 248 246 219 179
Geracao 46: 34698 34698 34698 34698 34698 34698 34698 34698 34698 34698 34698 34698 34698 34698 34698 34698 34698 34698 34698 34698 34698 34698 34698 34698 34698 34698 34698 34698 34698 34698 34698 34698 34698 34698 34698 34698 34698 34698 34698 34698 34698 34698 34698 34698 34698 34698 34698 34698 34698 34698 34698 34698 34698 34698 34698 34698 34698 34698 34698 32113 22104 18565 18433 17381 16807 10626 10213 8234 7339 3712 3712 3712 2141 1998 1647 1647 1647 1647 1647 1647 1647 1647 1647 1647 1647 1464 563 563 563 412 369 318 279 279 279 276 276 230 204 179
Geracao 47: 35081 34698 34698 34698 34698 34698 34698 34698 34698 34698 34698 34698 34698 34698 34698 34698 34698 34698 34698 34698 34698 34698 34698 34698 34698 34698 34698 34698 34698 34698 34698 34698 34698 34698 34698 34698 34698 34698 34698 34698 34698 34698 34698 34698 34698 34698 34698 34698 34698 34698 34698 34698 34698 34698 34698 34698 34698 34698 34698 34698 34698 34698 34698 34698 34698 34698 20994 20813 20756 20628 19270 18479 17475 10298 10094 4951 1647 1647 1647 1647 1647 1647 1647 1647 1647 1647 1276 666 559 494 393 333 326 320 320 289 254 246 235 224
Geracao 48: 35081 35081 35081 35081 35081 35081 35081 35081 35081 35081 35081 35081 35081 35081 35081 35081 35081 35081 35081 35081 35081 35081 35081 35081 35081 35081 35081 35081 35081 35081 35081 35081 35081 35081 35081 35081 35081 35081 35081 35081 35081 35081 35081 35081 35081 35081 34698 34698 34698 34698 34698 34698 34698 34698 34698 34698 34698 34698 34698 34698 34698 34698 34698 34698 34698 34698 34698 34698 15807 15346 13950 10213 10097 8257 6587 3712 3712 1901 1901 1901 1901 1647 1602 1084 563 548 545 437 409 407 407 407 315 297 283 283 283 266 266 162
Geracao 49: 35081 35081 35081 35081 35081 35081 35081 35081 35081 35081 35081 35081 35081 35081 35081 35081 35081 35081 35081 35081 35081 35081 35081 35081 35081 35081 35081 35081 35081 35081 35081 35081 35081 35081 35081 35081 35081 35081 35081 35081 35081 35081 35081 35081 35081 35081 35081 35081 35081 35081 35081 35081 35081 35081 35081 35081 35081 35081 35081 35081 35081 35081 35081 19509 19326 14082 12431 11511 10097 10097 10097 5826 5481 5361 5191 3712 3712 3712 2688 1949 1901 1901 1901 1901 1901 1901 1901 1901 744 673 530 332 311 309 309 249 243 239 216 162
Geracao 50: 35081 35081 35081 35081 35081 35081 35081 35081 35081 35081 35081 35081 35081 35081 35081 35081 35081 35081 35081 35081 35081 35081 35081 35081 35081 35081 35081 35081 35081 35081 35081 35081 35081 35081 35081 35081 35081 35081 35081 35081 35081 35081 35081 35081 35081 35081 35081 35081 35081 35081 35081 35081 35081 35081 35081 35081 35081 35081 35081 20379 19401 19326 17063 16645 11422 11306 10897 10097 10097 9467 7687 5989 3712 1901 1901 1901 1901 1901 1901 1901 1567 1033 414 413 349 301 293 293 289 270 264 264 261 258 253 230 229 210 206 206
Geracao 51: 35081 35081 35081 35081 35081 35081 35081 35081 35081 35081 35081 35081 35081 35081 35081 35081 35081 35081 35081 35081 35081 35081 35081 35081 35081 35081 35081 35081 35081 35081 35081 35081 35081 35081 35081 35081 35081 35081 35081 35081 35081 35081 35081 35081 35081 35081 35081 35081 35081 35081 35081 35081 35081 35081 35081 35081 35081 35081 35081 35081 35081 35081 35081 35081 18906 18671 15848 14167 13194 12349 10097 10097 7107 5753 4699 3941 2688 2283 1901 1901 1901 1901 1901 1901 1901 1901 736 692 618 420 410 304 304 299 282 273 270 258 256 242
Geracao 52: 35081 35081 35081 35081 35081 35081 35081 35081 35081 35081 35081 35081 35081 35081 35081 35081 35081 35081 35081 35081 35081 35081 35081 35081 35081 35081 35081 35081 35081 35081 35081 35081 35081 35081 35081 35081 35081 35081 35081 35081 35081 35081 35081 35081 35081 35081 35081 35081 35081 35081 35081 35081 35081 35081 35081 35081 35081 35081 35081 35081 35081 35081 35081 35081 35081 35081 35081 34090 19663 19338 17333 15217 10097 8219 6157 3712 3712 3712 3712 3712 3712 3712 1901 1901 1901 1901 1901 1901 364 340 320 264 264 261 258 258 255 252 246 211
Geracao 53: 35081 35081 35081 35081 35081 35081 35081 35081 35081 35081 35081 35081 35081 35081 35081 35081 35081 35081 35081 35081 35081 35081 35081 35081 35081 35081 35081 35081 35081 35081 35081 35081 35081 35081 35081 35081 35081 35081 35081 35081 35081 35081 35081 35081 35081 35081 35081 35081 35081 35081 35081 35081 35081 35081 35081 35081 35081 35081 35081 35081 35081 35081 35081 35081 35081 35081 35081 35081 26399 25304 20227 18511 14983 13331 10097 7763 5448 5052 3712 3706 2027 1901 1901 1901 1901 1084 799 358 349 295 286 284 283 283 282 275 264 251 242 237
Geracao 54: 35081 35081 35081 35081 35081 35081 35081 35081 35081 35081 35081 35081 35081 35081 35081 35081 35081 35081 35081 35081 35081 35081 35081 35081 35081 35081 35081 35081 35081 35081 35081 35081 35081 35081 35081 35081 35081 35081 35081 35081 35081 35081 35081 35081 35081 35081 35081 35081 35081 35081 35081 35081 35081 35081 35081 35081 35081 35081 35081 35081 35081 35081 35081 35081 35081 35081 28490 21704 19326 19326 10841 10504 10097 8198 4224 4111 3712 3712 1901 1901 1901 1901 1901 1901 1901 1633 390 361 358 355 348 283 283 275 264 250 245 232 214 205
Geracao 55: 35081 35081 35081 35081 35081 35081 35081 35081 35081 35081 35081 35081 35081 35081 35081 35081 35081 35081 35081 35081 35081 35081 35081 35081 35081 35081 35081 35081 35081 35081 35081 35081 35081 35081 35081 35081 35081 35081 35081 35081 35081 35081 35081 35081 35081 35081 35081 35081 35081 35081 35081 35081 35081 35081 35081 35081 30496 26037 22507 19326 16353 16121 15410 13792 11231 10240 8286 6861 4845 4829 3712 3712 3712 2688 2688 1901 1901 1901 1901 1901 1901 1901 1901 1901 1643 799 397 345 322 317 317 311 246 246 246 246 231 231 226 205
Geracao 56: 35081 35081 35081 35081 35081 35081 35081 35081 35081 35081 35081 35081 35081 35081 35081 35081 35081 35081 35081 35081 35081 35081 35081 35081 35081 35081 35081 35081 35081 35081 35081 35081 35081 35081 35081 35081 35081 35081 35081 35081 35081 35081 35081 35081 35081 35081 35081 35081 35081 35081 35081 35081 35081 35081 35081 35081 35081 35081 35081 35081 35081 35081 20535 19542 15705 15020 13416 11241 10440 10097 10097 9330 8364 7083 4357 3939 3863 3712 3510 1901 1901 1901 1901 1901 1901 1901 1893 700 647 624 378 310 305 305 250 243 238 238 207 199
Geracao 57: 35081 35081 35081 35081 35081 35081 35081 35081 35081 35081 35081 35081 35081 35081 35081 35081 35081 35081 35081 35081 35081 35081 35081 35081 35081 35081 35081 35081 35081 35081 35081 35081 35081 35081 35081 35081 35081 35081 35081 35081 35081 35081 35081 35081 35081 35081 35081 35081 35081 35081 35081 35081 35081 35081 35081 35081 35081 35081 35081 35081 35081 33442 31318 28421 20999 20945 16576 13720 9146 7498 5959 4768 4031 3712 3374 2778 2688 1901 1901 1901 1901 1901 1901 1901 1901 1901 1901 1335 1239 1124 471 471 413 340 297 297 297 297 259 238
Geracao 58: 35081 35081 35081 35081 35081 35081 35081 35081 35081 35081 35081 35081 35081 35081 35081 35081 35081 35081 35081 35081 35081 35081 35081 35081 35081 35081 35081 35081 35081 35081 35081 35081 35081 35081 35081 35081 35081 35081 35081 35081 35081 35081 35081 35081 35081 35081 35081 35081 35081 35081 35081 35081 35081 35081 35081 35081 35081 35081 35081 35081 35081 35081 35081 22682 19326 18600 18088 17694 13950 13163 10354 10097 8105 6871 5717 4292 4272 3712 3712 2688 2688 1901 1901 1901 1901 1901 1901 1738 1703 400 386 380 297 297 279 241 238 234 205 199
Geracao 59: 35081 35081 35081 35081 35081 35081 35081 35081 35081 35081 35081 35081 35081 35081 35081 35081 35081 35081 35081 35081 35081 35081 35081 35081 35081 35081 35081 35081 35081 35081 35081 35081 35081 35081 35081 35081 35081 35081 35081 35081 35081 35081 35081 35081 35081 35081 35081 35081 35081 35081 35081 35081 35081 35081 35081 35081 35081 35081 35081 35081 35081 35081 35081 27872 22493 20938 19753 19010 16651 15380 12944 11378 10097 9768 8628 8381 3712 3712 3712 2999 2188 1901 1901 1901 1901 1901 1901 1901 1901 1901 565 490 397 336 317 276 240 229 222 221
Geracao 60: 35081 35081 35081 35081 35081 35081 35081 35081 35081 35081 35081 35081 35081 35081 35081 35081 35081 35081 35081 35081 35081 35081 35081 35081 35081 35081 35081 35081 35081 35081 35081 35081 35081 35081 35081 35081 35081 35081 35081 35081 35081 35081 35081 35081 35081 35081 35081 35081 35081 35081 35081 35081 35081 35081 35081 35081 35081 35081 35081 35081 35081 35081 35081 35081 35081 35081 35081 35081 35081 35081 35081 35081 35081 35081 35081 35081 34090 22384 19037 18875 9367 6385 6384 2706 1901 1901 1901 1901 1901 1901 1462 1084 598 349 336 336 336 235 201 188
Geracao 61: 35081 35081 35081 35081 35081 35081 35081 35081 35081 35081 35081 35081 35081 35081 35081 35081 35081 35081 35081 35081 35081 35081 35081 35081 35081 35081 35081 35081 35081 35081 35081 35081 35081 35081 35081 35081 35081 35081 35081 35081 35081 35081 35081 35081 35081 35081 35081 35081 35081 35081 35081 35081 35081 35081 35081 35081 35081 35081 27315 25906 22262 19635 18638 18007 17288 9647 6527 6246 3712 3407 2688 1901 1901 1901 1901 1901 1901 1901 1901 1901 1419 1419 754 746 348 348 348 336 303 301 301 301 295 281 276 276 276 267 265 230
Geracao 62: 35081 35081 35081 35081 35081 35081 35081 35081 35081 35081 35081 35081 35081 35081 35081 35081 35081 35081 35081 35081 35081 35081 35081 35081 35081 35081 35081 35081 35081 35081 35081 35081 35081 35081 35081 35081 35081 35081 35081 35081 35081 35081 35081 35081 35081 35081 35081 35081 35081 35081 35081 35081 35081 35081 35081 35081 35081 35081 35081 35081 20321 19326 19326 16860 13911 12973 11564 10097 10097 9887 9503 8819 5773 5442 4002 3712 3712 1901 1901 1901 1901 1901 1901 1901 1901 692 409 330 301 296 296 296 280 276 276 276 276 251 199 199
Geracao 63: 35081 35081 35081 35081 35081 35081 35081 35081 35081 35081 35081 35081 35081 35081 35081 35081 35081 35081 35081 35081 35081 35081 35081 35081 35081 35081 35081 35081 35081 35081 35081 35081 35081 35081 35081 35081 35081 35081 35081 35081 35081 35081 35081 35081 35081 35081 35081 35081 35081 35081 35081 35081 35081 35081 35081 35081 35081 35081 35081 35081 35081 35081 35081 35081 35081 35081 35081 35081 22726 19326 16475 15688 14482 13854 10097 10097 3712 2688 2688 1901 1901 1901 1901 1901 1901 1901 1901 741 397 360 360 356 277 277 267 263 229 204 200 193
Geracao 64: 35081 35081 35081 35081 35081 35081 35081 35081 35081 35081 35081 35081 35081 35081 35081 35081 35081 35081 35081 35081 35081 35081 35081 35081 35081 35081 35081 35081 35081 35081 35081 35081 35081 35081 35081 35081 35081 35081 35081 35081 35081 35081 35081 35081 35081 35081 35081 35081 35081 35081 35081 35081 35081 35081 35081 35081 35081 35081 35081 28061 22971 22406 20006 18093 17946 17443 16766 14290 13211 10097 10053 9771 6346 4956 3712 3712 3712 3712 3712 3249 1901 1901 1901 1901 1901 1901 1901 1901 774 483 402 277 270 270 227 200 200 200 200 193
Geracao 65: 35081 35081 35081 35081 35081 35081 35081 35081 35081 35081 35081 35081 35081 35081 35081 35081 35081 35081 35081 35081 35081 35081 35081 35081 35081 35081 35081 35081 35081 35081 35081 35081 35081 35081 35081 35081 35081 35081 35081 35081 35081 35081 35081 35081 35081 35081 35081 35081 35081 35081 35081 35081 35081 35081 35081 31586 26934 24058 21216 18642 17650 15780 14841 14543 11598 11348 11259 10863 10097 6245 3712 3542 1901 1901 1901 1901 1901 1901 1901 1901 1901 1901 1901 1901 1901 849 720 655 646 646 646 646 465 342 326 326 316 300 257 205
Geracao 66: 35081 35081 35081 35081 35081 35081 35081 35081 35081 35081 35081 35081 35081 35081 35081 35081 35081 35081 35081 35081 35081 35081 35081 35081 35081 35081 35081 35081 35081 35081 35081 35081 35081 35081 35081 35081 35081 35081 35081 35081 35081 35081 35081 35081 35081 35081 35081 35081 35081 35081 35081 35081 35081 35081 35081 35081 35081 35081 35081 35081 24797 21140 19326 19022 17516 16905 14641 14398 14305 6001 5941 5473 3712 3712 2688 2297 1901 1901 1901 1901 1901 1901 1901 1901 1901 1901 792 673 604 397 361 344 344 344 344 315 300 298 258 252
Geracao 67: 35081 35081 35081 35081 35081 35081 35081 35081 35081 35081 35081 35081 35081 35081 35081 35081 35081 35081 35081 35081 35081 35081 35081 35081 35081 35081 35081 35081 35081 35081 35081 35081 35081 35081 35081 35081 35081 35081 35081 35081 35081 35081 35081 35081 35081 35081 35081 35081 35081 35081 35081 35081 35081 35081 35081 35081 35081 35081 21911 20751 20124 19326 19326 17385 16705 14233 13593 13593 12082 10315 10097 9091 8289 7107 4192 3712 3712 3712 3712 1901 1901 1901 1901 1901 1901 1633 792 774 651 614 611 597 575 446 440 416 344 344 330 257
Geracao 68: 35081 35081 35081 35081 35081 35081 35081 35081 35081 35081 35081 35081 35081 35081 35081 35081 35081 35081 35081 35081 35081 35081 35081 35081 35081 35081 35081 35081 35081 35081 35081 35081 35081 35081 35081 35081 35081 35081 35081 35081 35081 35081 35081 35081 35081 35081 35081 35081 35081 35081 35081 35081 35081 35081 35081 35081 35081 35081 35081 35081 29416 26026 23154 20193 19326 15658 15562 15030 12880 11910 10097 10097 6938 6493 3712 2291 2176 1901 1901 1901 1901 1901 1901 1901 1901 1901 945 928 398 395 330 244 244 229 200 200 200 199 174 174
Geracao 69: 35081 35081 35081 35081 35081 35081 35081 35081 35081 35081 35081 35081 35081 35081 35081 35081 35081 35081 35081 35081 35081 35081 35081 35081 35081 35081 35081 35081 35081 35081 35081 35081 35081 35081 35081 35081 35081 35081 35081 35081 35081 35081 35081 35081 35081 35081 35081 35081 35081 35081 35081 35081 25296 22703 22693 22100 19326 19326 19125 18408 17032 14116 12881 11348 11168 10139 10097 7337 7128 6371 5366 3712 3553 3078 2389 2359 1901 1901 1901 1901 1901 1901 1901 1901 1901 1901 1901 764 746 352 269 251 244 244 244 239 214 200 174 169
Geracao 70: 35081 35081 35081 35081 35081 35081 35081 35081 35081 35081 35081 35081 35081 35081 35081 35081 35081 35081 35081 35081 35081 35081 35081 35081 35081 35081 35081 35081 35081 35081 35081 35081 35081 35081 35081 35081 35081 35081 35081 35081 35081 35081 35081 35081 35081 35081 35081 35081 35081 35081 35081 35081 35081 35081 35081 35081 35081 35081 35081 35081 35081 35081 35081 19326 17834 13280 10127 9433 3808 3712 3712 2688 2216 2046 1901 1901 1901 1901 1901 1901 1901 1901 1901 1901 1727 1082 647 647 254 253 236 230 226 226 226 222 222 222 200 174
Geracao 71: 35081 35081 35081 35081 35081 35081 35081 35081 35081 35081 35081 35081 35081 35081 35081 35081 35081 35081 35081 35081 35081 35081 35081 35081 35081 35081 35081 35081 35081 35081 35081 35081 35081 35081 35081 35081 35081 35081 35081 35081 35081 35081 35081 35081 35081 35081 35081 35081 35081 35081 35081 35081 35081 35081 35081 35081 35081 35081 35081 35081 35081 35081 35081 25134 19977 15549 14375 12608 10687 7793 7330 4421 3712 3712 3712 3031 2688 1964 1901 1901 1901 1901 1901 1901 1901 1901 1239 471 315 249 240 240 240 240 204 200 199 174 174 174
Geracao 72: 35081 35081 35081 35081 35081 35081 35081 35081 35081 35081 35081 35081 35081 35081 35081 35081 35081 35081 35081 35081 35081 35081 35081 35081 35081 35081 35081 35081 35081 35081 35081 35081 35081 35081 35081 35081 35081 35081 35081 35081 35081 35081 35081 35081 35081 35081 35081 35081 35081 35081 35081 35081 35081 35081 35081 35081 35081 35081 35081 34090 25449 19326 18179 17192 15653 14798 14711 10433 8853 7847 6635 5587 3712 3712 3712 2154 2011 1901 1901 1901 1901 1901 1901 1901 1901 1901 1721 1435 860 498 383 346 305 291 276 266 266 240 200 199
Geracao 73: 35081 35081 35081 35081 35081 35081 35081 35081 35081 35081 35081 35081 35081 35081 35081 35081 35081 35081 35081 35081 35081 35081 35081 35081 35081 35081 35081 35081 35081 35081 35081 35081 35081 35081 35081 35081 35081 35081 35081 35081 35081 35081 35081 35081 35081 35081 35081 35081 35081 35081 35081 35081 35081 35081 35081 35081 35081 35081 35081 35081 35081 35081 35081 35081 35081 35081 28258 21824 17406 13258 12948 11164 10097 8545 8219 7258 4625 3712 3712 3712 1901 1901 1901 1901 1901 1901 1901 324 302 258 255 250 250 250 205 205 205 205 200 160
Geracao 74: 35081 35081 35081 35081 35081 35081 35081 35081 35081 35081 35081 35081 35081 35081 35081 35081 35081 35081 35081 35081 35081 35081 35081 35081 35081 35081 35081 35081 35081 35081 35081 35081 35081 35081 35081 35081 35081 35081 35081 35081 35081 35081 35081 35081 35081 35081 35081 35081 35081 35081 35081 35081 35081 35081 35081 35081 35081 35081 35081 21531 19752 19729 16901 15450 15001 14574 10097 10097 7054 3712 2688 1901 1901 1901 1901 1901 1901 1901 1901 1901 1901 1901 1901 1901 471 454 353 250 250 228 225 225 225 225 222 210 194 160 160 160
Geracao 75: 35081 35081 35081 35081 35081 35081 35081 35081 35081 35081 35081 35081 35081 35081 35081 35081 35081 35081 35081 35081 35081 35081 35081 35081 35081 35081 35081 35081 35081 35081 35081 35081 35081 35081 35081 35081 35081 35081 35081 35081 35081 35081 35081 35081 35081 35081 35081 35081 35081 35081 35081 35081 35081 35081 35081 35081 35081 19402 19363 17282 17133 12189 11837 10097 10097 10097 10097 7107 5156 4597 3712 3712 2330 1901 1901 1901 1901 1901 1901 1901 1901 1408 732 471 334 321 321 306 296 287 280 250 225 210 205 205 190 166 160 160
Geracao 76: 35081 35081 35081 35081 35081 35081 35081 35081 35081 35081 35081 35081 35081 35081 35081 35081 35081 35081 35081 35081 35081 35081 35081 35081 35081 35081 35081 35081 35081 35081 35081 35081 35081 35081 35081 35081 35081 35081 35081 35081 35081 35081 35081 35081 35081 35081 35081 35081 35081 35081 35081 35081 35081 35081 35081 35081 35081 35081 35081 35081 35081 35081 35081 35081 35081 22356 19326 12754 9675 9010 8343 6989 5600 4897 4435 4428 4227 3712 3712 3712 3391 2705 2688 2057 2004 1901 1901 1901 1901 1901 1901 1505 647 325 315 244 238 205 182 160
Geracao 77: 35081 35081 35081 35081 35081 35081 35081 35081 35081 35081 35081 35081 35081 35081 35081 35081 35081 35081 35081 35081 35081 35081 35081 35081 35081 35081 35081 35081 35081 35081 35081 35081 35081 35081 35081 35081 35081 35081 35081 35081 35081 35081 35081 35081 35081 35081 35081 35081 35081 35081 35081 35081 35081 35081 35081 35081 19326 19326 19326 18353 16128 15641 10390 8250 5257 3712 3712 3712 3712 3566 3566 1901 1901 1901 1901 1901 1901 1901 1901 1901 1901 1901 1901 1901 1901 1721 1522 732 569 303 272 240 239 239 239 239 231 205 205 190
Geracao 78: 35081 35081 35081 35081 35081 35081 35081 35081 35081 35081 35081 35081 35081 35081 35081 35081 35081 35081 35081 35081 35081 35081 35081 35081 35081 35081 35081 35081 35081 35081 35081 35081 35081 35081 35081 35081 35081 35081 35081 35081 35081 35081 35081 35081 35081 35081 35081 35081 35081 35081 35081 35081 35081 35081 35081 35081 35081 35081 35081 35081 35081 35081 35081 35081 35081 35081 35081 21957 19125 18654 15459 11130 10097 9982 9062 7179 5970 5633 4743 4743 2688 1901 1901 1901 1901 1901 1901 1901 318 275 256 249 225 225 225 205 205 205 188 187
Geracao 79: 35081 35081 35081 35081 35081 35081 35081 35081 35081 35081 35081 35081 35081 35081 35081 35081 35081 35081 35081 35081 35081 35081 35081 35081 35081 35081 35081 35081 35081 35081 35081 35081 35081 35081 35081 35081 35081 35081 35081 35081 35081 35081 35081 35081 35081 35081 35081 35081 35081 35081 35081 35081 35081 35081 35081 35081 35081 35081 35081 35081 35081 35081 35081 27939 25003 23062 19823 12251 10293 7629 6724 5097 4894 4067 3712 3712 3712 3659 3017 2688 2121 1901 1901 1901 1901 1901 1901 1901 1901 1075 771 647 277 242 239 239 233 233 212 182
Geracao 80: 35081 35081 35081 35081 35081 35081 35081 35081 35081 35081 35081 35081 35081 35081 35081 35081 35081 35081 35081 35081 35081 35081 35081 35081 35081 35081 35081 35081 35081 35081 35081 35081 35081 35081 35081 35081 35081 35081 35081 35081 35081 35081 35081 35081 35081 35081 35081 35081 35081 35081 35081 35081 35081 35081 35081 35081 35081 35081 35081 35081 35081 35081 35081 35081 35081 35081 35081 35081 35081 35081 35081 18680 15443 11357 10552 9708 7929 7891 4333 1901 1901 1901 1901 1901 1901 1901 1901 1901 1901 1901 1901 1901 849 277 257 252 223 223 223 192
Geracao 81: 35081 35081 35081 35081 35081 35081 35081 35081 35081 35081 35081 35081 35081 35081 35081 35081 35081 35081 35081 35081 35081 35081 35081 35081 35081 35081 35081 35081 35081 35081 35081 35081 35081 35081 35081 35081 35081 35081 35081 35081 35081 35081 35081 35081 35081 35081 35081 35081 35081 35081 35081 35081 35081 35081 35081 35081 35081 35081 35081 35081 35081 35081 35081 35081 35081 35081 27624 18457 17417 16498 13210 10097 9919 9468 5076 3712 3712 3712 3712 3566 3566 2135 1901 1901 1901 1901 1901 1901 1901 1901 1901 1901 1899 297 297 243 230 223 223 223
Geracao 82: 35081 35081 35081 35081 35081 35081 35081 35081 35081 35081 35081 35081 35081 35081 35081 35081 35081 35081 35081 35081 35081 35081 35081 35081 35081 35081 35081 35081 35081 35081 35081 35081 35081 35081 35081 35081 35081 35081 35081 35081 35081 35081 35081 35081 35081 35081 35081 35081 35081 35081 35081 35081 35081 35081 35081 35081 35081 35081 35081 35081 35081 35081 35081 35081 35081 35081 23862 19977 16858 16825 16075 14040 10873 9036 8182 5555 4998 4052 3875 3712 2365 1901 1901 1901 1901 1901 1901 1901 1901 1901 1901 647 403 399 297 297 278 260 223 205
Geracao 83: 35081 35081 35081 35081 35081 35081 35081 35081 35081 35081 35081 35081 35081 35081 35081 35081 35081 35081 35081 35081 35081 35081 35081 35081 35081 35081 35081 35081 35081 35081 35081 35081 35081 35081 35081 35081 35081 35081 35081 35081 35081 35081 35081 35081 35081 35081 35081 35081 35081 35081 35081 35081 35081 35081 35081 35081 35081 35081 35081 23097 19326 18648 18290 18174 17210 14530 12533 12251 9385 4859 3712 3712 2688 1901 1901 1901 1901 1901 1901 1901 1901 1901 1901 1514 1419 1239 1086 771 647 305 303 299 258 258 225 225 223 223 205 205
Geracao 84: 35081 35081 35081 35081 35081 35081 35081 35081 35081 35081 35081 35081 35081 35081 35081 35081 35081 35081 35081 35081 35081 35081 35081 35081 35081 35081 35081 35081 35081 35081 35081 35081 35081 35081 35081 35081 35081 35081 35081 35081 35081 35081 35081 35081 35081 35081 35081 35081 35081 35081 35081 35081 35081 35081 35081 35081 35081 35081 35081 35081 35081 35081 35081 35081 35081 35081 35081 35081 35081 35081 35081 35081 35081 30610 18564 11896 10097 9043 4770 3712 3186 2688 1901 1901 1901 1901 1901 1901 1901 1901 589 471 341 295 257 230 225 222 178 177
Geracao 85: 35081 35081 35081 35081 35081 35081 35081 35081 35081 35081 35081 35081 35081 35081 35081 35081 35081 35081 35081 35081 35081 35081 35081 35081 35081 35081 35081 35081 35081 35081 35081 35081 35081 35081 35081 35081 35081 35081 35081 35081 35081 35081 35081 35081 35081 35081 35081 35081 35081 35081 35081 35081 35081 35081 35081 35081 35081 35081 35081 35081 35081 35081 35081 35081 35081 35081 35081 35081 35081 35081 35081 35081 35081 26406 21387 19326 16023 12881 10097 8692 6452 5832 4191 3831 3712 2781 1901 1901 1901 1901 1901 1901 1901 340 324 314 265 221 205 177
Geracao 86: 35081 35081 35081 35081 35081 35081 35081 35081 35081 35081 35081 35081 35081 35081 35081 35081 35081 35081 35081 35081 35081 35081 35081 35081 35081 35081 35081 35081 35081 35081 35081 35081 35081 35081 35081 35081 35081 35081 35081 35081 35081 35081 35081 35081 35081 35081 35081 35081 35081 35081 35081 35081 35081 35081 35081 35081 35081 35081 35081 35081 35081 35081 35081 35081 35081 35081 35081 35081 35081 35081 20481 15276 13473 12212 10172 9260 9239 7878 3712 2688 1901 1901 1901 1901 1901 1901 1901 1901 1901 694 647 397 324 298 246 222 222 205 190 177
Geracao 87: 35081 35081 35081 35081 35081 35081 35081 35081 35081 35081 35081 35081 35081 35081 35081 35081 35081 35081 35081 35081 35081 35081 35081 35081 35081 35081 35081 35081 35081 35081 35081 35081 35081 35081 35081 35081 35081 35081 35081 35081 35081 35081 35081 35081 35081 35081 35081 35081 35081 35081 35081 35081 35081 35081 35081 35081 35081 35081 35081 35081 35081 35081 35081 35081 35081 35081 35081 35081 35081 35081 35081 35081 16553 16263 12947 10485 7621 5956 4661 4508 3712 3712 1901 1901 1901 1901 1901 1901 647 386 320 303 267 261 231 231 231 206 205 175
Geracao 88: 35081 35081 35081 35081 35081 35081 35081 35081 35081 35081 35081 35081 35081 35081 35081 35081 35081 35081 35081 35081 35081 35081 35081 35081 35081 35081 35081 35081 35081 35081 35081 35081 35081 35081 35081 35081 35081 35081 35081 35081 35081 35081 35081 35081 35081 35081 35081 35081 35081 35081 35081 35081 35081 35081 35081 35081 35081 35081 35081 35081 35081 35081 35081 35081 35081 20960 19953 16916 10558 10097 10097 9384 7050 5970 3712 3712 3260 1901 1901 1901 1901 1419 740 349 328 270 270 252 252 251 224 224 224 214 205 195 195 195 188 183
Geracao 89: 35081 35081 35081 35081 35081 35081 35081 35081 35081 35081 35081 35081 35081 35081 35081 35081 35081 35081 35081 35081 35081 35081 35081 35081 35081 35081 35081 35081 35081 35081 35081 35081 35081 35081 35081 35081 35081 35081 35081 35081 35081 35081 35081 35081 35081 35081 35081 35081 35081 35081 35081 35081 35081 35081 35081 35081 35081 35081 35081 35081 35081 35081 35081 35081 35081 35081 35081 35081 19678 17817 12993 10507 10412 10304 6484 4107 3741 3712 2196 1901 1901 1901 1901 1901 1901 1901 1901 1633 1419 1276 772 592 225 224 224 222 217 217 195 195
Geracao 90: 35081 35081 35081 35081 35081 35081 35081 35081 35081 35081 35081 35081 35081 35081 35081 35081 35081 35081 35081 35081 35081 35081 35081 35081 35081 35081 35081 35081 35081 35081 35081 35081 35081 35081 35081 35081 35081 35081 35081 35081 35081 35081 35081 35081 35081 35081 35081 35081 35081 35081 35081 35081 35081 35081 35081 35081 35081 35081 35081 35081 35081 35081 28111 25276 21822 20910 19267 17586 16212 13473 12673 12148 9151 5760 3712 3712 1901 1901 1901 1901 1901 1901 1901 1430 383 372 343 333 320 259 253 232 224 224 224 217 217 217 217 195
Geracao 91: 35081 35081 35081 35081 35081 35081 35081 35081 35081 35081 35081 35081 35081 35081 35081 35081 35081 35081 35081 35081 35081 35081 35081 35081 35081 35081 35081 35081 35081 35081 35081 35081 35081 35081 35081 35081 35081 35081 35081 35081 35081 35081 35081 35081 35081 35081 35081 35081 35081 35081 35081 35081 35081 35081 35081 35081 35081 35081 35081 35081 35081 35081 35081 35081 35081 35081 35081 35081 18298 15877 10097 3712 3712 3712 3076 2688 2688 2688 1901 1901 1901 1901 1901 1901 1901 1901 1702 647 606 599 563 481 481 399 399 399 399 399 399 195
Geracao 92: 35081 35081 35081 35081 35081 35081 35081 35081 35081 35081 35081 35081 35081 35081 35081 35081 35081 35081 35081 35081 35081 35081 35081 35081 35081 35081 35081 35081 35081 35081 35081 35081 35081 35081 35081 35081 35081 35081 35081 35081 35081 35081 35081 35081 35081 35081 35081 35081 35081 35081 35081 35081 35081 35081 35081 35081 35081 35081 35081 35081 35081 35081 35081 35081 35081 35081 35081 35081 35081 35081 25602 21532 19119 11680 10194 10097 10097 8420 7625 7107 3712 2688 1901 1901 1901 1901 1546 1205 1084 647 419 261 259 224 224 217 217 199 195 195
Geracao 93: 35081 35081 35081 35081 35081 35081 35081 35081 35081 35081 35081 35081 35081 35081 35081 35081 35081 35081 35081 35081 35081 35081 35081 35081 35081 35081 35081 35081 35081 35081 35081 35081 35081 35081 35081 35081 35081 35081 35081 35081 35081 35081 35081 35081 35081 35081 35081 35081 35081 35081 35081 35081 35081 35081 35081 35081 35081 35081 35081 35081 35081 35081 35081 21215 17747 17592 17412 12629 12116 10097 9382 5004 4747 3712 3712 3712 2153 1901 1901 1901 1901 1901 1901 1901 1901 1901 1901 647 370 315 296 288 288 288 285 246 227 225 225 195
Geracao 94: 35081 35081 35081 35081 35081 35081 35081 35081 35081 35081 35081 35081 35081 35081 35081 35081 35081 35081 35081 35081 35081 35081 35081 35081 35081 35081 35081 35081 35081 35081 35081 35081 35081 35081 35081 35081 35081 35081 35081 35081 35081 35081 35081 35081 35081 35081 35081 35081 35081 35081 35081 35081 35081 35081 35081 35081 35081 35081 35081 35081 35081 35081 35081 35081 35081 35081 35081 35081 35081 35081 35081 35081 35081 35081 35081 35081 28205 15573 12363 10311 10097 10097 9543 6938 4651 3712 2686 1901 1901 1901 352 351 351 351 245 239 217 195 185 178
Geracao 95: 35081 35081 35081 35081 35081 35081 35081 35081 35081 35081 35081 35081 35081 35081 35081 35081 35081 35081 35081 35081 35081 35081 35081 35081 35081 35081 35081 35081 35081 35081 35081 35081 35081 35081 35081 35081 35081 35081 35081 35081 35081 35081 35081 35081 35081 35081 35081 35081 35081 35081 35081 35081 35081 35081 35081 35081 35081 35081 35081 35081 35081 35081 35081 35081 35081 35081 35081 24033 18268 17134 15240 11898 5542 3712 3712 1901 1901 1901 1901 1901 1901 1901 1901 1901 1562 721 683 351 351 351 351 302 217 217 217 195 195 195 195 195
Geracao 96: 35081 35081 35081 35081 35081 35081 35081 35081 35081 35081 35081 35081 35081 35081 35081 35081 35081 35081 35081 35081 35081 35081 35081 35081 35081 35081 35081 35081 35081 35081 35081 35081 35081 35081 35081 35081 35081 35081 35081 35081 35081 35081 35081 35081 35081 35081 35081 35081 35081 35081 35081 35081 35081 35081 35081 35081 35081 35081 35081 35081 35081 35081 35081 35081 35081 35081 35081 35081 35081 35081 27012 22230 19326 17799 15661 14335 9187 7812 4208 4155 3712 3712 1991 1901 1901 1901 1901 1901 1901 1901 1521 1046 980 747 747 464 454 454 454 454
Geracao 97: 35081 35081 35081 35081 35081 35081 35081 35081 35081 35081 35081 35081 35081 35081 35081 35081 35081 35081 35081 35081 35081 35081 35081 35081 35081 35081 35081 35081 35081 35081 35081 35081 35081 35081 35081 35081 35081 35081 35081 35081 35081 35081 35081 35081 35081 35081 35081 35081 35081 35081 35081 35081 35081 35081 35081 35081 35081 35081 35081 35081 35081 35081 35081 35081 35081 35081 35081 35081 35081 21177 19342 17396 16431 11762 11439 10097 10097 6292 5962 5898 4436 4189 3712 3712 1901 1901 1901 1901 1901 1901 1239 1157 1046 747 647 585 454 454 355 253
Geracao 98: 35081 35081 35081 35081 35081 35081 35081 35081 35081 35081 35081 35081 35081 35081 35081 35081 35081 35081 35081 35081 35081 35081 35081 35081 35081 35081 35081 35081 35081 35081 35081 35081 35081 35081 35081 35081 35081 35081 35081 35081 35081 35081 35081 35081 35081 35081 35081 35081 35081 35081 35081 35081 35081 35081 35081 35081 35081 35081 35081 35081 35081 35081 35081 35081 35081 35081 35081 35081 35081 35081 35081 27336 22399 19465 7940 4331 1901 1901 1901 1901 1901 1901 1901 1901 1901 1901 1901 1239 1046 1046 837 770 747 747 647 454 454 435 431 332
Geracao 99: 35081 35081 35081 35081 35081 35081 35081 35081 35081 35081 35081 35081 35081 35081 35081 35081 35081 35081 35081 35081 35081 35081 35081 35081 35081 35081 35081 35081 35081 35081 35081 35081 35081 35081 35081 35081 35081 35081 35081 35081 35081 35081 35081 35081 35081 35081 35081 35081 35081 35081 35081 35081 35081 35081 35081 35081 35081 35081 35081 35081 35081 35081 35081 35081 35081 35081 35081 35081 35081 35081 35081 35081 35081 21612 15746 10097 8619 8028 2688 1901 1901 1901 1901 1901 1901 1901 1901 1046 837 530 472 454 454 454 406 393 289 284 276 236
Geracao 100: 35081 35081 35081 35081 35081 35081 35081 35081 35081 35081 35081 35081 35081 35081 35081 35081 35081 35081 35081 35081 35081 35081 35081 35081 35081 35081 35081 35081 35081 35081 35081 35081 35081 35081 35081 35081 35081 35081 35081 35081 35081 35081 35081 35081 35081 35081 35081 35081 35081 35081 35081 35081 35081 35081 35081 35081 35081 35081 35081 35081 35081 35081 35081 35081 35081 35081 35081 35081 35081 35081 35081 35081 28974 22946 13764 12422 10910 10097 10097 8711 4371 3712 3712 2878 1901 1901 1901 1901 1901 1552 1046 1046 914 837 747 454 454 454 389 217
Geracao 101: 35081 35081 35081 35081 35081 35081 35081 35081 35081 35081 35081 35081 35081 35081 35081 35081 35081 35081 35081 35081 35081 35081 35081 35081 35081 35081 35081 35081 35081 35081 35081 35081 35081 35081 35081 35081 35081 35081 35081 35081 35081 35081 35081 35081 35081 35081 35081 35081 35081 35081 35081 35081 35081 35081 35081 35081 35081 35081 35081 35081 35081 35081 35081 35081 35081 35081 28090 24912 24659 20185 19875 15909 14682 10097 8109 6242 4880 4738 4338 3530 2688 2688 2389 2131 1901 1901 1901 1901 1901 1462 1046 783 781 747 454 454 454 402 370 249
Geracao 102: 35081 35081 35081 35081 35081 35081 35081 35081 35081 35081 35081 35081 35081 35081 35081 35081 35081 35081 35081 35081 35081 35081 35081 35081 35081 35081 35081 35081 35081 35081 35081 35081 35081 35081 35081 35081 35081 35081 35081 35081 35081 35081 35081 35081 35081 35081 35081 35081 35081 35081 35081 35081 35081 35081 35081 35081 35081 35081 35081 35081 35081 35081 35081 35081 35081 35081 35081 35081 35081 35081 35081 35081 25255 19326 19326 19023 18483 13856 13709 5268 4883 2688 2289 1901 1901 1901 1901 652 647 603 602 602 600 522 442 326 326 279 275 249
Geracao 103: 35081 35081 35081 35081 35081 35081 35081 35081 35081 35081 35081 35081 35081 35081 35081 35081 35081 35081 35081 35081 35081 35081 35081 35081 35081 35081 35081 35081 35081 35081 35081 35081 35081 35081 35081 35081 35081 35081 35081 35081 35081 35081 35081 35081 35081 35081 35081 35081 35081 35081 35081 35081 35081 35081 35081 35081 35081 35081 35081 35081 35081 35081 35081 35081 20973 19326 15770 12697 12034 10097 5975 4034 4029 1901 1901 1901 1901 1901 1901 1901 1901 1633 1084 929 602 602 600 600 600 600 593 494 442 442 442 420 360 359 296 276
Geracao 104: 35081 35081 35081 35081 35081 35081 35081 35081 35081 35081 35081 35081 35081 35081 35081 35081 35081 35081 35081 35081 35081 35081 35081 35081 35081 35081 35081 35081 35081 35081 35081 35081 35081 35081 35081 35081 35081 35081 35081 35081 35081 35081 35081 35081 35081 35081 35081 35081 35081 35081 35081 35081 35081 35081 35081 35081 35081 35081 35081 35081 35081 35081 35081 35081 35081 35081 35081 35081 35081 35081 35081 35081 35081 35081 23060 22004 19907 19326 10885 10097 5000 4324 1901 1901 1901 1901 1901 1901 647 602 602 467 442 442 442 442 442 442 317 316
Geracao 105: 35081 35081 35081 35081 35081 35081 35081 35081 35081 35081 35081 35081 35081 35081 35081 35081 35081 35081 35081 35081 35081 35081 35081 35081 35081 35081 35081 35081 35081 35081 35081 35081 35081 35081 35081 35081 35081 35081 35081 35081 35081 35081 35081 35081 35081 35081 35081 35081 35081 35081 35081 35081 35081 35081 35081 35081 35081 35081 35081 35081 35081 35081 35081 35081 35081 35081 35081 35081 35081 35081 35081 35081 35081 35081 20631 16990 13994 11923 4037 3958 3712 3712 3712 3712 2127 1901 1901 1901 1901 1901 832 602 514 442 345 308 279 270 232 193
Geracao 106: 35081 35081 35081 35081 35081 35081 35081 35081 35081 35081 35081 35081 35081 35081 35081 35081 35081 35081 35081 35081 35081 35081 35081 35081 35081 35081 35081 35081 35081 35081 35081 35081 35081 35081 35081 35081 35081 35081 35081 35081 35081 35081 35081 35081 35081 35081 35081 35081 35081 35081 35081 35081 35081 35081 35081 35081 35081 35081 35081 35081 35081 35081 35081 35081 35081 35081 35081 35081 35081 35081 25212 20185 10047 9247 8930 6888 5203 3712 3712 3712 3712 1901 1901 1901 1901 1901 1901 1901 1901 1901 1895 1692 770 602 602 477 367 347 339 270
Geracao 107: 35081 35081 35081 35081 35081 35081 35081 35081 35081 35081 35081 35081 35081 35081 35081 35081 35081 35081 35081 35081 35081 35081 35081 35081 35081 35081 35081 35081 35081 35081 35081 35081 35081 35081 35081 35081 35081 35081 35081 35081 35081 35081 35081 35081 35081 35081 35081 35081 35081 35081 35081 35081 35081 35081 35081 35081 35081 35081 35081 35081 35081 35081 35081 35081 35081 35081 35081 35081 35081 35081 21536 17293 13525 7196 6123 5435 4728 3712 3712 3712 3712 2907 1901 1901 1901 1901 1195 764 600 600 597 577 577 544 544 524 418 356 285 269
Geracao 108: 35081 35081 35081 35081 35081 35081 35081 35081 35081 35081 35081 35081 35081 35081 35081 35081 35081 35081 35081 35081 35081 35081 35081 35081 35081 35081 35081 35081 35081 35081 35081 35081 35081 35081 35081 35081 35081 35081 35081 35081 35081 35081 35081 35081 35081 35081 35081 35081 35081 35081 35081 35081 35081 35081 35081 35081 35081 35081 35081 35081 35081 35081 35081 35081 35081 35081 35081 35081 29056 24806 19326 19326 19326 17867 17464 16632 12251 11335 10097 10086 7771 7107 5895 3715 3712 2688 1901 1901 1901 1901 1901 1901 1711 1119 875 600 600 544 521 270
Geracao 109: 35081 35081 35081 35081 35081 35081 35081 35081 35081 35081 35081 35081 35081 35081 35081 35081 35081 35081 35081 35081 35081 35081 35081 35081 35081 35081 35081 35081 35081 35081 35081 35081 35081 35081 35081 35081 35081 35081 35081 35081 35081 35081 35081 35081 35081 35081 35081 35081 35081 35081 35081 35081 35081 35081 35081 35081 35081 35081 35081 35081 35081 35081 35081 35081 35081 35081 35081 35081 35081 35081 23287 16642 15967 12539 11048 11048 10097 8500 7893 5794 3712 3101 1901 1901 1901 1901 1901 1901 1384 395 395 386 379 326 319 257 226 226 226 226
Geracao 110: 35081 35081 35081 35081 35081 35081 35081 35081 35081 35081 35081 35081 35081 35081 35081 35081 35081 35081 35081 35081 35081 35081 35081 35081 35081 35081 35081 35081 35081 35081 35081 35081 35081 35081 35081 35081 35081 35081 35081 35081 35081 35081 35081 35081 35081 35081 35081 35081 35081 35081 35081 35081 35081 35081 35081 35081 35081 35081 35081 35081 35081 35081 35081 18283 16365 15437 12772 11048 11048 10399 10097 7930 7536 3712 3712 3712 3712 3251 1901 1901 1901 1901 1901 1901 1901 1901 1901 1901 1901 647 431 395 395 395 332 294 278 226 226 226
Geracao 111: 35081 35081 35081 35081 35081 35081 35081 35081 35081 35081 35081 35081 35081 35081 35081 35081 35081 35081 35081 35081 35081 35081 35081 35081 35081 35081 35081 35081 35081 35081 35081 35081 35081 35081 35081 35081 35081 35081 35081 35081 35081 35081 35081 35081 35081 35081 35081 35081 35081 35081 35081 35081 35081 35081 35081 35081 35081 35081 35081 35081 35081 35081 35081 35081 35081 26497 24796 20613 19326 18933 11048 7668 7543 6509 5549 3712 3712 1901 1901 1901 1901 1901 1666 1094 455 455 442 426 398 396 394 394 394 374 363 354 344 342 316 308
Geracao 112: 35081 35081 35081 35081 35081 35081 35081 35081 35081 35081 35081 35081 35081 35081 35081 35081 35081 35081 35081 35081 35081 35081 35081 35081 35081 35081 35081 35081 35081 35081 35081 35081 35081 35081 35081 35081 35081 35081 35081 35081 35081 35081 35081 35081 35081 35081 35081 35081 35081 35081 35081 35081 35081 35081 35081 35081 25352 21617 19326 19326 19326 18791 15359 14288 13337 13337 11048 11048 10043 9927 9345 8035 7107 3712 3712 3712 3712 1901 1901 1901 1901 1901 1901 1419 647 543 480 455 442 412 412 412 412 394 394 394 365 352 269 269
Geracao 113: 35081 35081 35081 35081 35081 35081 35081 35081 35081 35081 35081 35081 35081 35081 35081 35081 35081 35081 35081 35081 35081 35081 35081 35081 35081 35081 35081 35081 35081 35081 35081 35081 35081 35081 35081 35081 35081 35081 35081 35081 35081 35081 35081 35081 35081 35081 35081 35081 35081 35081 35081 35081 35081 35081 35081 35081 35081 35081 35081 35081 35081 35081 35081 35081 21704 20722 19326 18369 14811 14511 14163 9380 3712 2688 1901 1901 1901 1901 1901 1901 1901 1901 1901 1554 466 455 434 402 397 394 382 378 378 378 378 378 374 359 318 268
Geracao 114: 35081 35081 35081 35081 35081 35081 35081 35081 35081 35081 35081 35081 35081 35081 35081 35081 35081 35081 35081 35081 35081 35081 35081 35081 35081 35081 35081 35081 35081 35081 35081 35081 35081 35081 35081 35081 35081 35081 35081 35081 35081 35081 35081 35081 35081 35081 35081 35081 35081 35081 35081 35081 35081 35081 35081 35081 35081 35081 35081 35081 35081 35081 35081 35081 35081 35081 35081 35081 35081 35081 35081 35081 35081 35081 35081 35081 35081 35081 20832 19377 19326 17519 17057 16790 13937 7863 3712 3712 1901 1901 1901 1901 1901 1901 522 400 397 394 394 378
Geracao 115: 35081 35081 35081 35081 35081 35081 35081 35081 35081 35081 35081 35081 35081 35081 35081 35081 35081 35081 35081 35081 35081 35081 35081 35081 35081 35081 35081 35081 35081 35081 35081 35081 35081 35081 35081 35081 35081 35081 35081 35081 35081 35081 35081 35081 35081 35081 35081 35081 35081 35081 35081 35081 35081 35081 35081 35081 35081 35081 35081 35081 35081 35081 35081 35081 35081 35081 35081 35081 25816 21704 20919 17578 14132 11436 11348 10097 10097 9576 8811 7522 3958 3712 3712 1901 1901 1901 1901 1901 1901 1773 572 455 455 394 394 394 376 368 360 226
Geracao 116: 35081 35081 35081 35081 35081 35081 35081 35081 35081 35081 35081 35081 35081 35081 35081 35081 35081 35081 35081 35081 35081 35081 35081 35081 35081 35081 35081 35081 35081 35081 35081 35081 35081 35081 35081 35081 35081 35081 35081 35081 35081 35081 35081 35081 35081 35081 35081 35081 35081 35081 35081 35081 35081 35081 35081 35081 35081 35081 35081 35081 35081 35081 35081 35081 35081 35081 35081 35081 35081 35081 35081 35081 35081 35081 35081 35081 35081 35081 35081 35081 22326 14856 13382 11025 5765 5088 3712 1901 1901 1901 1901 1346 455 394 394 360 357 248 248 223
Geracao 117: 35081 35081 35081 35081 35081 35081 35081 35081 35081 35081 35081 35081 35081 35081 35081 35081 35081 35081 35081 35081 35081 35081 35081 35081 35081 35081 35081 35081 35081 35081 35081 35081 35081 35081 35081 35081 35081 35081 35081 35081 35081 35081 35081 35081 35081 35081 35081 35081 35081 35081 35081 35081 35081 35081 35081 35081 35081 35081 35081 35081 35081 35081 35081 35081 35081 35081 35081 35081 35081 35081 23046 22836 10097 10097 10002 9727 8375 8144 3712 3712 3712 1901 1901 1901 1901 1901 1901 746 647 540 394 394 394 394 389 320 248 232 226 218
Geracao 118: 35081 35081 35081 35081 35081 35081 35081 35081 35081 35081 35081 35081 35081 35081 35081 35081 35081 35081 35081 35081 35081 35081 35081 35081 35081 35081 35081 35081 35081 35081 35081 35081 35081 35081 35081 35081 35081 35081 35081 35081 35081 35081 35081 35081 35081 35081 35081 35081 35081 35081 35081 35081 35081 35081 35081 35081 35081 35081 35081 35081 35081 35081 35081 35081 35081 35081 23367 21808 21350 20777 20366 15434 9426 5004 3712 3712 2971 1901 1901 1901 1901 1901 1901 1901 1901 1084 1084 475 458 432 407 394 394 394 394 389 226 217 207 205
Geracao 119: 35081 35081 35081 35081 35081 35081 35081 35081 35081 35081 35081 35081 35081 35081 35081 35081 35081 35081 35081 35081 35081 35081 35081 35081 35081 35081 35081 35081 35081 35081 35081 35081 35081 35081 35081 35081 35081 35081 35081 35081 35081 35081 35081 35081 35081 35081 35081 35081 35081 35081 35081 35081 35081 35081 35081 35081 35081 35081 35081 35081 35081 35081 35081 35081 35081 35081 35081 35081 35081 35081 35081 34090 21704 17164 16152 14038 12888 10097 10097 8646 8035 5823 4428 3712 1901 1901 1901 1901 1901 1901 1901 1157 398 394 389 389 389 264 230 217
Geracao 120: 35081 35081 35081 35081 35081 35081 35081 35081 35081 35081 35081 35081 35081 35081 35081 35081 35081 35081 35081 35081 35081 35081 35081 35081 35081 35081 35081 35081 35081 35081 35081 35081 35081 35081 35081 35081 35081 35081 35081 35081 35081 35081 35081 35081 35081 35081 35081 35081 35081 35081 35081 35081 35081 35081 35081 35081 35081 35081 35081 35081 35081 35081 35081 35081 24355 13974 11539 11402 11227 10915 10592 10484 6945 5766 4762 3712 3712 2194 1901 1901 1901 1901 1901 1901 1818 741 428 397 397 397 395 389 389 351 351 274 250 230 230 230
Geracao 121: 35081 35081 35081 35081 35081 35081 35081 35081 35081 35081 35081 35081 35081 35081 35081 35081 35081 35081 35081 35081 35081 35081 35081 35081 35081 35081 35081 35081 35081 35081 35081 35081 35081 35081 35081 35081 35081 35081 35081 35081 35081 35081 35081 35081 35081 35081 35081 35081 35081 35081 35081 35081 35081 35081 35081 35081 35081 35081 35081 35081 35081 35081 35081 35081 35081 35081 35081 35081 34090 23010 16604 16480 16259 15333 13665 13642 12049 11130 8787 8045 2688 2389 1901 1901 1901 647 397 397 389 389 377 292 259 244 242 230 230 230 230 230
Geracao 122: 35081 35081 35081 35081 35081 35081 35081 35081 35081 35081 35081 35081 35081 35081 35081 35081 35081 35081 35081 35081 35081 35081 35081 35081 35081 35081 35081 35081 35081 35081 35081 35081 35081 35081 35081 35081 35081 35081 35081 35081 35081 35081 35081 35081 35081 35081 35081 35081 35081 35081 35081 35081 35081 35081 35081 35081 35081 35081 35081 35081 35081 35081 35081 35081 35081 35081 35081 35081 35081 22398 20366 20185 17502 17495 17239 14749 14087 12839 11610 10097 8853 8343 8224 7391 5802 1901 1901 1901 1901 1901 1901 394 389 389 351 337 322 230 230 210
Geracao 123: 35081 35081 35081 35081 35081 35081 35081 35081 35081 35081 35081 35081 35081 35081 35081 35081 35081 35081 35081 35081 35081 35081 35081 35081 35081 35081 35081 35081 35081 35081 35081 35081 35081 35081 35081 35081 35081 35081 35081 35081 35081 35081 35081 35081 35081 35081 35081 35081 35081 35081 35081 35081 35081 35081 35081 35081 35081 35081 35081 35081 35081 35081 35081 35081 35081 35081 35081 35081 35081 35081 35081 35081 35081 20528 20135 19325 15651 15557 14903 6168 3712 3712 3712 2688 2353 1901 1901 1901 1901 1901 1901 1235 1117 423 370 370 290 216 216 215
Geracao 124: 35081 35081 35081 35081 35081 35081 35081 35081 35081 35081 35081 35081 35081 35081 35081 35081 35081 35081 35081 35081 35081 35081 35081 35081 35081 35081 35081 35081 35081 35081 35081 35081 35081 35081 35081 35081 35081 35081 35081 35081 35081 35081 35081 35081 35081 35081 35081 35081 35081 35081 35081 35081 35081 35081 35081 35081 35081 35081 35081 35081 35081 35081 35081 35081 35081 35081 35081 23395 22985 19498 18339 17177 11517 6771 6639 3225 2728 2688 1901 1901 1901 1901 1901 1901 1901 1901 1901 470 423 353 320 310 286 224 223 222 215 215 209 205
Geracao 125: 35081 35081 35081 35081 35081 35081 35081 35081 35081 35081 35081 35081 35081 35081 35081 35081 35081 35081 35081 35081 35081 35081 35081 35081 35081 35081 35081 35081 35081 35081 35081 35081 35081 35081 35081 35081 35081 35081 35081 35081 35081 35081 35081 35081 35081 35081 35081 35081 35081 35081 35081 35081 35081 35081 35081 35081 35081 35081 35081 35081 35081 35081 35081 35081 35081 35081 35081 35081 35081 35081 35081 35081 35081 35081 35081 35081 35081 35081 26460 20969 18751 16369 15683 13291 13138 10672 1901 1901 1683 1084 494 418 389 278 264 215 215 215 208 205
Geracao 126: 35081 35081 35081 35081 35081 35081 35081 35081 35081 35081 35081 35081 35081 35081 35081 35081 35081 35081 35081 35081 35081 35081 35081 35081 35081 35081 35081 35081 35081 35081 35081 35081 35081 35081 35081 35081 35081 35081 35081 35081 35081 35081 35081 35081 35081 35081 35081 35081 35081 35081 35081 35081 35081 35081 35081 35081 35081 35081 35081 35081 35081 35081 35081 35081 35081 35081 35081 35081 35081 35081 35081 35081 25904 24284 17945 16319 5715 3712 2598 2047 1901 1901 1901 1901 1901 1901 1239 647 442 421 389 389 347 275 261 248 210 208 208 195
Geracao 127: 35081 35081 35081 35081 35081 35081 35081 35081 35081 35081 35081 35081 35081 35081 35081 35081 35081 35081 35081 35081 35081 35081 35081 35081 35081 35081 35081 35081 35081 35081 35081 35081 35081 35081 35081 35081 35081 35081 35081 35081 35081 35081 35081 35081 35081 35081 35081 35081 35081 35081 35081 35081 35081 35081 35081 35081 35081 35081 35081 35081 35081 35081 35081 35081 35081 35081 35081 35081 35081 35081 35081 35081 35081 21436 18951 18151 16550 10654 8814 4842 3712 2915 2688 1901 1901 1901 1901 1901 1901 1901 1901 1901 647 389 389 261 213 210 210 194
Geracao 128: 35081 35081 35081 35081 35081 35081 35081 35081 35081 35081 35081 35081 35081 35081 35081 35081 35081 35081 35081 35081 35081 35081 35081 35081 35081 35081 35081 35081 35081 35081 35081 35081 35081 35081 35081 35081 35081 35081 35081 35081 35081 35081 35081 35081 35081 35081 35081 35081 35081 35081 35081 35081 35081 35081 35081 35081 35081 35081 35081 35081 35081 35081 35081 35081 35081 35081 35081 35081 35081 35081 16989 8526 8246 3712 3712 2688 2362 2296 1901 1901 1901 1901 1901 1901 1901 1871 1808 441 389 339 314 203 197 197 197 197 197 197 197 197
Geracao 129: 35081 35081 35081 35081 35081 35081 35081 35081 35081 35081 35081 35081 35081 35081 35081 35081 35081 35081 35081 35081 35081 35081 35081 35081 35081 35081 35081 35081 35081 35081 35081 35081 35081 35081 35081 35081 35081 35081 35081 35081 35081 35081 35081 35081 35081 35081 35081 35081 35081 35081 35081 35081 35081 35081 35081 35081 35081 35081 35081 35081 35081 35081 35081 35081 35081 35081 35081 35081 18998 18304 16880 10845 10722 10097 9430 8018 7731 7339 1901 1901 1901 1901 1901 1901 1901 1901 1901 1901 1538 1347 812 763 587 488 436 423 415 361 347 299
Geracao 130: 35081 35081 35081 35081 35081 35081 35081 35081 35081 35081 35081 35081 35081 35081 35081 35081 35081 35081 35081 35081 35081 35081 35081 35081 35081 35081 35081 35081 35081 35081 35081 35081 35081 35081 35081 35081 35081 35081 35081 35081 35081 35081 35081 35081 35081 35081 35081 35081 35081 35081 35081 35081 35081 35081 35081 35081 35081 35081 35081 35081 35081 35081 35081 35081 35081 23730 22514 19042 17466 15544 14832 14700 9304 8091 7996 5775 5492 3712 3712 3712 2399 2282 1901 1901 1901 1901 424 416 416 416 414 372 351 348 348 348 299 285 219 186
Geracao 131: 35081 35081 35081 35081 35081 35081 35081 35081 35081 35081 35081 35081 35081 35081 35081 35081 35081 35081 35081 35081 35081 35081 35081 35081 35081 35081 35081 35081 35081 35081 35081 35081 35081 35081 35081 35081 35081 35081 35081 35081 35081 35081 35081 35081 35081 35081 35081 35081 35081 35081 35081 35081 35081 35081 35081 35081 35081 35081 35081 35081 35081 35081 35081 35081 35081 35081 35081 35081 35081 35081 35081 35081 35081 35081 35081 35081 35081 20757 11642 11304 10097 10097 7080 3712 3640 2688 1901 1901 1901 1901 1901 1149 1084 373 367 348 331 328 316 313
Geracao 132: 35081 35081 35081 35081 35081 35081 35081 35081 35081 35081 35081 35081 35081 35081 35081 35081 35081 35081 35081 35081 35081 35081 35081 35081 35081 35081 35081 35081 35081 35081 35081 35081 35081 35081 35081 35081 35081 35081 35081 35081 35081 35081 35081 35081 35081 35081 35081 35081 35081 35081 35081 35081 35081 35081 35081 35081 35081 35081 35081 35081 35081 35081 35081 35081 35081 35081 35081 35081 35081 35081 35081 19486 5161 3712 3712 3712 3712 3712 1901 1901 1901 463 408 366 366 362 343 343 343 343 343 330 313 313 304 285 285 285 255 254
Geracao 133: 35081 35081 35081 35081 35081 35081 35081 35081 35081 35081 35081 35081 35081 35081 35081 35081 35081 35081 35081 35081 35081 35081 35081 35081 35081 35081 35081 35081 35081 35081 35081 35081 35081 35081 35081 35081 35081 35081 35081 35081 35081 35081 35081 35081 35081 35081 35081 35081 35081 35081 35081 35081 35081 35081 35081 35081 35081 35081 35081 35081 35081 35081 35081 35081 35081 19192 17486 8219 8018 7874 5572 3712 3712 3712 3712 3177 1901 1901 1901 1901 1901 1901 1901 1232 460 437 372 367 352 349 343 340 328 328 325 325 313 305 276 230
Geracao 134: 35081 35081 35081 35081 35081 35081 35081 35081 35081 35081 35081 35081 35081 35081 35081 35081 35081 35081 35081 35081 35081 35081 35081 35081 35081 35081 35081 35081 35081 35081 35081 35081 35081 35081 35081 35081 35081 35081 35081 35081 35081 35081 35081 35081 35081 35081 35081 35081 35081 35081 35081 35081 35081 35081 35081 35081 35081 35081 35081 35081 35081 35081 35081 35081 35081 35081 35081 35081 24708 18795 13707 12957 12010 10126 8526 7042 3953 3712 3712 3419 1901 1901 1901 1901 1901 1901 1901 775 445 445 445 413 412 404 394 343 325 325 318 287
Geracao 135: 35081 35081 35081 35081 35081 35081 35081 35081 35081 35081 35081 35081 35081 35081 35081 35081 35081 35081 35081 35081 35081 35081 35081 35081 35081 35081 35081 35081 35081 35081 35081 35081 35081 35081 35081 35081 35081 35081 35081 35081 35081 35081 35081 35081 35081 35081 35081 35081 35081 35081 35081 35081 35081 35081 35081 35081 35081 35081 35081 35081 35081 35081 35081 35081 35081 35081 35081 35081 35081 35081 35081 35081 35081 35081 35081 19786 19099 10097 10097 9359 8371 4048 3712 3712 1901 1901 1901 1901 1901 1239 458 429 419 408 401 397 381 348 286 267
Geracao 136: 35081 35081 35081 35081 35081 35081 35081 35081 35081 35081 35081 35081 35081 35081 35081 35081 35081 35081 35081 35081 35081 35081 35081 35081 35081 35081 35081 35081 35081 35081 35081 35081 35081 35081 35081 35081 35081 35081 35081 35081 35081 35081 35081 35081 35081 35081 35081 35081 35081 35081 35081 35081 35081 35081 35081 35081 35081 35081 35081 35081 35081 35081 35081 35081 35081 35081 35081 35081 35081 35081 35081 22301 19838 14068 10097 9771 8219 6920 4457 3712 3712 3712 2688 2688 1901 1901 1901 1901 1901 1901 1901 1541 413 381 323 299 299 299 271 267
Geracao 137: 35081 35081 35081 35081 35081 35081 35081 35081 35081 35081 35081 35081 35081 35081 35081 35081 35081 35081 35081 35081 35081 35081 35081 35081 35081 35081 35081 35081 35081 35081 35081 35081 35081 35081 35081 35081 35081 35081 35081 35081 35081 35081 35081 35081 35081 35081 35081 35081 35081 35081 35081 35081 35081 35081 35081 35081 35081 35081 35081 35081 35081 35081 35081 34090 20579 18875 18262 17084 16605 16110 15876 13976 8018 5447 5116 4066 3712 2595 2306 1901 1901 1901 1901 1901 1681 1239 1084 623 388 376 374 368 355 327 325 315 311 299 281 275
Geracao 138: 35081 35081 35081 35081 35081 35081 35081 35081 35081 35081 35081 35081 35081 35081 35081 35081 35081 35081 35081 35081 35081 35081 35081 35081 35081 35081 35081 35081 35081 35081 35081 35081 35081 35081 35081 35081 35081 35081 35081 35081 35081 35081 35081 35081 35081 35081 35081 35081 35081 35081 35081 35081 35081 35081 35081 35081 35081 35081 35081 35081 35081 35081 35081 35081 35081 35081 35081 35081 35081 35081 35081 35081 14912 12093 11491 10097 9838 7225 6510 5413 3712 3712 1901 1901 1901 1901 1901 1721 1678 384 382 380 379 319 301 301 300 297 271 255
Geracao 139: 35081 35081 35081 35081 35081 35081 35081 35081 35081 35081 35081 35081 35081 35081 35081 35081 35081 35081 35081 35081 35081 35081 35081 35081 35081 35081 35081 35081 35081 35081 35081 35081 35081 35081 35081 35081 35081 35081 35081 35081 35081 35081 35081 35081 35081 35081 35081 35081 35081 35081 35081 35081 35081 35081 35081 35081 35081 35081 35081 35081 35081 35081 35081 35081 35081 28951 28845 21867 16212 15074 12174 11320 8219 8017 7111 5107 2284 1901 1901 1901 1901 1901 1901 1901 596 556 463 429 425 374 373 353 350 347 344 344 329 298 289 209
Geracao 140: 35081 35081 35081 35081 35081 35081 35081 35081 35081 35081 35081 35081 35081 35081 35081 35081 35081 35081 35081 35081 35081 35081 35081 35081 35081 35081 35081 35081 35081 35081 35081 35081 35081 35081 35081 35081 35081 35081 35081 35081 35081 35081 35081 35081 35081 35081 35081 35081 35081 35081 35081 35081 35081 35081 35081 35081 35081 35081 35081 35081 35081 35081 35081 35081 35081 22797 22704 18476 17591 16088 14486 10137 9291 6895 6796 6705 5844 5204 5078 4705 3712 3712 3215 1901 1901 1901 1855 1743 1709 619 413 363 327 314 311 306 303 299 287 284
Geracao 141: 35081 35081 35081 35081 35081 35081 35081 35081 35081 35081 35081 35081 35081 35081 35081 35081 35081 35081 35081 35081 35081 35081 35081 35081 35081 35081 35081 35081 35081 35081 35081 35081 35081 35081 35081 35081 35081 35081 35081 35081 35081 35081 35081 35081 35081 35081 35081 35081 35081 35081 35081 35081 35081 35081 35081 35081 35081 35081 35081 35081 35081 35081 35081 35081 35081 35081 35081 35081 35081 35081 35081 35081 35081 35081 35081 22211 20289 20030 18178 14775 10042 9693 3712 3712 1901 1901 1901 1901 1901 1901 1901 1858 363 348 313 306 299 297 264 238
Geracao 142: 35081 35081 35081 35081 35081 35081 35081 35081 35081 35081 35081 35081 35081 35081 35081 35081 35081 35081 35081 35081 35081 35081 35081 35081 35081 35081 35081 35081 35081 35081 35081 35081 35081 35081 35081 35081 35081 35081 35081 35081 35081 35081 35081 35081 35081 35081 35081 35081 35081 35081 35081 35081 35081 35081 35081 35081 35081 35081 35081 35081 35081 35081 35081 35081 35081 35081 35081 35081 35081 35081 28421 22241 17884 16628 15914 12261 4994 4274 3712 3559 1901 1901 1901 1901 1901 1901 1901 1901 1259 465 438 421 402 390 382 322 285 256 238 210
Geracao 143: 35081 35081 35081 35081 35081 35081 35081 35081 35081 35081 35081 35081 35081 35081 35081 35081 35081 35081 35081 35081 35081 35081 35081 35081 35081 35081 35081 35081 35081 35081 35081 35081 35081 35081 35081 35081 35081 35081 35081 35081 35081 35081 35081 35081 35081 35081 35081 35081 35081 35081 35081 35081 35081 35081 35081 35081 35081 35081 35081 35081 35081 35081 35081 35081 35081 35081 35081 35081 35081 35081 35081 35081 35081 35081 35081 35081 24569 20752 19576 12385 10097 7998 7107 6755 6707 3712 1901 1901 1901 1901 1901 1901 1901 678 406 343 328 316 308 281
Geracao 144: 35081 35081 35081 35081 35081 35081 35081 35081 35081 35081 35081 35081 35081 35081 35081 35081 35081 35081 35081 35081 35081 35081 35081 35081 35081 35081 35081 35081 35081 35081 35081 35081 35081 35081 35081 35081 35081 35081 35081 35081 35081 35081 35081 35081 35081 35081 35081 35081 35081 35081 35081 35081 35081 35081 35081 35081 35081 35081 35081 35081 35081 35081 35081 35081 35081 35081 35081 29837 22943 11854 10097 8947 8309 8262 8166 6723 6309 5648 4726 4620 3712 3060 1901 1901 1901 1901 1901 1901 1901 558 493 339 334 329 313 295 276 262 224 214
Geracao 145: 35081 35081 35081 35081 35081 35081 35081 35081 35081 35081 35081 35081 35081 35081 35081 35081 35081 35081 35081 35081 35081 35081 35081 35081 35081 35081 35081 35081 35081 35081 35081 35081 35081 35081 35081 35081 35081 35081 35081 35081 35081 35081 35081 35081 35081 35081 35081 35081 35081 35081 35081 35081 35081 35081 35081 35081 35081 35081 35081 35081 35081 35081 35081 35081 35081 35081 35081 35081 35081 35081 35081 35081 30593 26185 22779 19714 18503 14104 13998 11919 11588 10097 9131 5385 3712 3712 1901 1901 1901 1901 1303 818 540 515 363 318 314 313 309 301
Geracao 146: 35081 35081 35081 35081 35081 35081 35081 35081 35081 35081 35081 35081 35081 35081 35081 35081 35081 35081 35081 35081 35081 35081 35081 35081 35081 35081 35081 35081 35081 35081 35081 35081 35081 35081 35081 35081 35081 35081 35081 35081 35081 35081 35081 35081 35081 35081 35081 35081 35081 35081 35081 35081 35081 35081 35081 35081 35081 35081 35081 35081 35081 35081 35081 35081 35081 35081 35081 35081 35081 35081 35081 35081 35081 35081 35081 35081 27177 14799 13907 13597 11464 9223 8219 7555 3712 1901 1901 1901 1444 438 389 353 331 310 301 257 229 229 218 209
Geracao 147: 35081 35081 35081 35081 35081 35081 35081 35081 35081 35081 35081 35081 35081 35081 35081 35081 35081 35081 35081 35081 35081 35081 35081 35081 35081 35081 35081 35081 35081 35081 35081 35081 35081 35081 35081 35081 35081 35081 35081 35081 35081 35081 35081 35081 35081 35081 35081 35081 35081 35081 35081 35081 35081 35081 35081 35081 35081 35081 35081 35081 21966 18015 15614 14158 13903 13669 10097 10097 9978 9582 9221 7928 7671 6220 5969 5502 4311 3712 2222 1901 1901 1901 1901 1901 1901 1901 1901 457 457 457 429 419 413 387 331 317 301 300 283 195
Geracao 148: 35081 35081 35081 35081 35081 35081 35081 35081 35081 35081 35081 35081 35081 35081 35081 35081 35081 35081 35081 35081 35081 35081 35081 35081 35081 35081 35081 35081 35081 35081 35081 35081 35081 35081 35081 35081 35081 35081 35081 35081 35081 35081 35081 35081 35081 35081 35081 35081 35081 35081 35081 35081 35081 35081 35081 35081 35081 35081 35081 35081 35081 35081 35081 35081 35081 35081 22018 21300 11713 11353 6643 3712 1901 1901 1901 1901 1901 1901 1901 1901 1901 1901 1901 1772 1721 859 644 434 314 301 301 301 300 298 294 292 289 267 265 256
Geracao 149: 35081 35081 35081 35081 35081 35081 35081 35081 35081 35081 35081 35081 35081 35081 35081 35081 35081 35081 35081 35081 35081 35081 35081 35081 35081 35081 35081 35081 35081 35081 35081 35081 35081 35081 35081 35081 35081 35081 35081 35081 35081 35081 35081 35081 35081 35081 35081 35081 35081 35081 35081 35081 35081 35081 35081 35081 35081 35081 35081 35081 35081 35081 35081 35081 30341 21470 18692 17855 13181 11878 10672 10097 8676 8267 6723 6485 3712 3712 1901 1901 1901 1901 1833 1806 401 390 364 364 360 304 301 301 301 301 301 294 265 265 265 234
Geracao 150: 35081 35081 35081 35081 35081 35081 35081 35081 35081 35081 35081 35081 35081 35081 35081 35081 35081 35081 35081 35081 35081 35081 35081 35081 35081 35081 35081 35081 35081 35081 35081 35081 35081 35081 35081 35081 35081 35081 35081 35081 35081 35081 35081 35081 35081 35081 35081 35081 35081 35081 35081 35081 35081 35081 35081 35081 35081 35081 35081 35081 35081 35081 35081 35081 21028 14777 13798 13307 10097 9223 8018 7107 6087 4991 4626 3963 3712 3712 2850 1901 1901 1901 1901 1901 1901 1901 1901 1239 599 521 521 521 472 425 361 348 302 300 300 294
Geracao 151: 35081 35081 35081 35081 35081 35081 35081 35081 35081 35081 35081 35081 35081 35081 35081 35081 35081 35081 35081 35081 35081 35081 35081 35081 35081 35081 35081 35081 35081 35081 35081 35081 35081 35081 35081 35081 35081 35081 35081 35081 35081 35081 35081 35081 35081 35081 35081 35081 35081 35081 35081 35081 35081 35081 35081 35081 35081 35081 35081 35081 35081 35081 35081 35081 35081 35081 28421 20950 19596 18872 16270 15025 14150 12478 7496 6780 4389 3712 3712 2840 2288 1901 1901 1901 1901 1901 611 545 521 521 492 411 358 344 320 316 304 300 300 293
Geracao 152: 35081 35081 35081 35081 35081 35081 35081 35081 35081 35081 35081 35081 35081 35081 35081 35081 35081 35081 35081 35081 35081 35081 35081 35081 35081 35081 35081 35081 35081 35081 35081 35081 35081 35081 35081 35081 35081 35081 35081 35081 35081 35081 35081 35081 35081 35081 35081 35081 35081 35081 35081 35081 35081 35081 35081 35081 35081 35081 35081 35081 35081 35081 35081 35081 35081 35081 35081 35081 35081 35081 21704 21349 21115 16796 16136 16120 14068 10097 9994 8018 8018 5177 4686 3978 3712 2266 1901 1901 534 379 355 300 300 300 298 295 295 295 278 248
Geracao 153: 35081 35081 35081 35081 35081 35081 35081 35081 35081 35081 35081 35081 35081 35081 35081 35081 35081 35081 35081 35081 35081 35081 35081 35081 35081 35081 35081 35081 35081 35081 35081 35081 35081 35081 35081 35081 35081 35081 35081 35081 35081 35081 35081 35081 35081 35081 35081 35081 35081 35081 35081 35081 35081 35081 35081 35081 35081 35081 35081 35081 35081 35081 35081 35081 23924 21645 19163 13524 11835 11176 10097 10097 9575 8018 8018 5399 4394 3509 2643 1901 1901 1901 1901 1901 1901 1901 1901 1901 580 482 422 369 345 301 301 300 297 295 290 270
Geracao 154: 35081 35081 35081 35081 35081 35081 35081 35081 35081 35081 35081 35081 35081 35081 35081 35081 35081 35081 35081 35081 35081 35081 35081 35081 35081 35081 35081 35081 35081 35081 35081 35081 35081 35081 35081 35081 35081 35081 35081 35081 35081 35081 35081 35081 35081 35081 35081 35081 35081 35081 35081 35081 35081 35081 35081 35081 35081 35081 35081 35081 35081 35081 35081 35081 35081 35081 35081 20926 16955 16895 15491 15386 7107 5113 3712 3216 2921 2066 1901 1901 1901 1901 1901 1901 1901 1901 1413 644 405 361 341 332 319 306 299 297 295 294 287 287
Geracao 155: 35081 35081 35081 35081 35081 35081 35081 35081 35081 35081 35081 35081 35081 35081 35081 35081 35081 35081 35081 35081 35081 35081 35081 35081 35081 35081 35081 35081 35081 35081 35081 35081 35081 35081 35081 35081 35081 35081 35081 35081 35081 35081 35081 35081 35081 35081 35081 35081 35081 35081 35081 35081 35081 35081 35081 35081 35081 35081 35081 35081 35081 35081 35081 35081 35081 35081 35081 21506 17773 11704 10097 9526 7894 7295 6985 6485 5496 3794 3712 3160 1901 1901 1901 1901 1901 1901 1901 499 442 369 339 316 310 297 297 297 294 287 287 287
Geracao 156: 35081 35081 35081 35081 35081 35081 35081 35081 35081 35081 35081 35081 35081 35081 35081 35081 35081 35081 35081 35081 35081 35081 35081 35081 35081 35081 35081 35081 35081 35081 35081 35081 35081 35081 35081 35081 35081 35081 35081 35081 35081 35081 35081 35081 35081 35081 35081 35081 35081 35081 35081 35081 35081 35081 35081 35081 34090 23691 20098 19667 18108 13343 12415 10097 10075 8724 8018 8018 7654 4850 3712 1901 1901 1901 1901 1901 1901 1901 1901 1901 1901 1901 1901 1901 1901 1835 547 398 367 337 334 316 299 299 297 297 297 297 287 287
Geracao 157: 35081 35081 35081 35081 35081 35081 35081 35081 35081 35081 35081 35081 35081 35081 35081 35081 35081 35081 35081 35081 35081 35081 35081 35081 35081 35081 35081 35081 35081 35081 35081 35081 35081 35081 35081 35081 35081 35081 35081 35081 35081 35081 35081 35081 35081 35081 35081 35081 35081 35081 35081 35081 35081 35081 35081 35081 35081 35081 35081 35081 35081 35081 35081 35081 35081 35081 35081 35081 35081 35081 35081 35081 35081 15671 13828 12669 10097 8200 8018 8018 8018 7134 3773 3712 3712 3712 3712 3712 1991 1901 1901 1901 1901 1901 1084 589 337 330 304 288
Geracao 158: 35081 35081 35081 35081 35081 35081 35081 35081 35081 35081 35081 35081 35081 35081 35081 35081 35081 35081 35081 35081 35081 35081 35081 35081 35081 35081 35081 35081 35081 35081 35081 35081 35081 35081 35081 35081 35081 35081 35081 35081 35081 35081 35081 35081 35081 35081 35081 35081 35081 35081 35081 35081 35081 35081 35081 35081 35081 35081 35081 35081 35081 35081 35081 35081 35081 35081 35081 19694 14807 12407 10933 10097 5142 3712 3712 3712 2334 1901 1901 1901 1901 1901 1901 1901 1901 1901 1689 1594 494 435 322 308 306 295 285 277 275 275 275 275
Geracao 159: 35081 35081 35081 35081 35081 35081 35081 35081 35081 35081 35081 35081 35081 35081 35081 35081 35081 35081 35081 35081 35081 35081 35081 35081 35081 35081 35081 35081 35081 35081 35081 35081 35081 35081 35081 35081 35081 35081 35081 35081 35081 35081 35081 35081 35081 35081 35081 35081 35081 35081 35081 35081 35081 35081 35081 35081 35081 35081 35081 35081 35081 35081 35081 35081 35081 35081 35081 35081 35081 35081 35081 35081 35081 35081 26586 19502 17649 17415 11864 10915 10097 8018 5877 1901 1901 1901 1901 1901 312 312 294 294 287 282 282 282 277 277 275 270
Geracao 160: 35081 35081 35081 35081 35081 35081 35081 35081 35081 35081 35081 35081 35081 35081 35081 35081 35081 35081 35081 35081 35081 35081 35081 35081 35081 35081 35081 35081 35081 35081 35081 35081 35081 35081 35081 35081 35081 35081 35081 35081 35081 35081 35081 35081 35081 35081 35081 35081 35081 35081 35081 35081 35081 35081 35081 35081 35081 35081 35081 35081 35081 35081 35081 35081 35081 15582 12754 10449 9037 8761 6678 3712 3712 3712 3586 1901 1901 1901 1901 1901 1901 1901 1901 1856 1699 491 451 391 366 346 303 294 294 292 277 247 242 242 230 230
Geracao 161: 35081 35081 35081 35081 35081 35081 35081 35081 35081 35081 35081 35081 35081 35081 35081 35081 35081 35081 35081 35081 35081 35081 35081 35081 35081 35081 35081 35081 35081 35081 35081 35081 35081 35081 35081 35081 35081 35081 35081 35081 35081 35081 35081 35081 35081 35081 35081 35081 35081 35081 35081 35081 35081 35081 35081 35081 35081 35081 35081 35081 35081 35081 35081 35081 35081 35081 35081 35081 35081 35081 35081 35081 35081 22436 18286 12260 11519 10281 5717 5433 3712 3526 2593 1901 1901 1901 1901 1901 1901 1901 1901 1901 1901 612 400 306 275 261 250 231
Geracao 162: 35081 35081 35081 35081 35081 35081 35081 35081 35081 35081 35081 35081 35081 35081 35081 35081 35081 35081 35081 35081 35081 35081 35081 35081 35081 35081 35081 35081 35081 35081 35081 35081 35081 35081 35081 35081 35081 35081 35081 35081 35081 35081 35081 35081 35081 35081 35081 35081 35081 35081 35081 35081 35081 35081 35081 35081 35081 35081 35081 35081 35081 35081 35081 35081 35081 35081 35081 35081 35081 35081 35081 35081 35081 35081 35081 19132 18787 10097 9623 8201 3712 3712 3712 3712 3712 3712 1901 1901 1901 1901 1901 447 445 381 327 327 302 279 253 249
Geracao 163: 35081 35081 35081 35081 35081 35081 35081 35081 35081 35081 35081 35081 35081 35081 35081 35081 35081 35081 35081 35081 35081 35081 35081 35081 35081 35081 35081 35081 35081 35081 35081 35081 35081 35081 35081 35081 35081 35081 35081 35081 35081 35081 35081 35081 35081 35081 35081 35081 35081 35081 35081 35081 35081 35081 35081 35081 35081 35081 35081 35081 35081 35081 35081 35081 35081 35081 35081 35081 35081 35081 35081 21629 12380 11178 8044 7107 6639 6511 4677 3712 3199 1901 1901 1901 1901 1901 1901 1901 1901 1772 1368 561 509 337 331 293 293 246 246 244
Geracao 164: 35081 35081 35081 35081 35081 35081 35081 35081 35081 35081 35081 35081 35081 35081 35081 35081 35081 35081 35081 35081 35081 35081 35081 35081 35081 35081 35081 35081 35081 35081 35081 35081 35081 35081 35081 35081 35081 35081 35081 35081 35081 35081 35081 35081 35081 35081 35081 35081 35081 35081 35081 35081 35081 35081 35081 35081 35081 35081 35081 35081 35081 35081 35081 35081 35081 35081 35081 35081 35081 35081 35081 35081 35081 35081 35081 35081 20559 18815 10097 10097 7227 3712 2525 1901 1901 1901 1901 1901 1901 763 371 368 334 322 303 278 269 256 255 255
Geracao 165: 35081 35081 35081 35081 35081 35081 35081 35081 35081 35081 35081 35081 35081 35081 35081 35081 35081 35081 35081 35081 35081 35081 35081 35081 35081 35081 35081 35081 35081 35081 35081 35081 35081 35081 35081 35081 35081 35081 35081 35081 35081 35081 35081 35081 35081 35081 35081 35081 35081 35081 35081 35081 35081 35081 35081 35081 35081 35081 35081 35081 35081 35081 35081 35081 35081 35081 35081 35081 35081 35081 35081 35081 35081 35081 35081 35081 35081 35081 35081 35081 35081 35081 35081 35081 13717 12557 9708 8358 7034 7008 4665 3712 1901 1901 1901 1901 298 259 245 241
Geracao 166: 35081 35081 35081 35081 35081 35081 35081 35081 35081 35081 35081 35081 35081 35081 35081 35081 35081 35081 35081 35081 35081 35081 35081 35081 35081 35081 35081 35081 35081 35081 35081 35081 35081 35081 35081 35081 35081 35081 35081 35081 35081 35081 35081 35081 35081 35081 35081 35081 35081 35081 35081 35081 35081 35081 35081 35081 35081 35081 35081 35081 35081 35081 22479 18892 17434 15546 12509 11545 7877 7347 7187 7073 4381 3712 3712 3653 2471 1901 1901 1901 1901 1901 1901 1901 1901 1901 1648 571 427 405 340 324 310 301 299 297 295 292 245 244
Geracao 167: 35081 35081 35081 35081 35081 35081 35081 35081 35081 35081 35081 35081 35081 35081 35081 35081 35081 35081 35081 35081 35081 35081 35081 35081 35081 35081 35081 35081 35081 35081 35081 35081 35081 35081 35081 35081 35081 35081 35081 35081 35081 35081 35081 35081 35081 35081 35081 35081 35081 35081 35081 35081 35081 35081 35081 35081 35081 35081 35081 35081 35081 35081 35081 35081 23124 15460 13712 12987 10097 9465 8486 8328 7107 4644 3319 2015 1901 1901 1901 1901 1901 1901 1901 1901 380 353 346 285 284 247 245 237 221 207 206 206 206 206 206 168
Geracao 168: 35081 35081 35081 35081 35081 35081 35081 35081 35081 35081 35081 35081 35081 35081 35081 35081 35081 35081 35081 35081 35081 35081 35081 35081 35081 35081 35081 35081 35081 35081 35081 35081 35081 35081 35081 35081 35081 35081 35081 35081 35081 35081 35081 35081 35081 35081 35081 35081 35081 35081 35081 35081 35081 35081 35081 35081 35081 35081 35081 35081 35081 35081 35081 35081 35081 35081 35081 35081 35081 35081 35081 35081 24885 20523 17639 17516 16931 16506 13324 12074 10097 10097 8160 5436 3712 3712 3712 3013 1901 1901 1901 1901 1901 1901 618 287 287 287 257 247
Geracao 169: 35081 35081 35081 35081 35081 35081 35081 35081 35081 35081 35081 35081 35081 35081 35081 35081 35081 35081 35081 35081 35081 35081 35081 35081 35081 35081 35081 35081 35081 35081 35081 35081 35081 35081 35081 35081 35081 35081 35081 35081 35081 35081 35081 35081 35081 35081 35081 35081 35081 35081 35081 35081 35081 35081 35081 35081 35081 17285 16810 16798 11425 9939 9601 8168 7653 7107 6845 5878 4801 4725 4566 4463 4236 4227 3712 3712 3712 1941 1901 1901 1901 1901 1901 1901 1901 1901 1901 1901 1901 1901 1336 490 389 383 329 292 288 250 245 234
Geracao 170: 35081 35081 35081 35081 35081 35081 35081 35081 35081 35081 35081 35081 35081 35081 35081 35081 35081 35081 35081 35081 35081 35081 35081 35081 35081 35081 35081 35081 35081 35081 35081 35081 35081 35081 35081 35081 35081 35081 35081 35081 35081 35081 35081 35081 35081 35081 35081 35081 35081 35081 35081 35081 35081 35081 35081 35081 35081 35081 35081 35081 35081 35081 35081 16334 14639 11318 10097 10097 6345 5332 3712 3712 3712 3712 3712 2675 1901 1901 1901 1901 1901 1901 1901 1901 1901 1617 1084 436 389 381 313 289 263 250 249 249 249 241 201 201
Geracao 171: 35081 35081 35081 35081 35081 35081 35081 35081 35081 35081 35081 35081 35081 35081 35081 35081 35081 35081 35081 35081 35081 35081 35081 35081 35081 35081 35081 35081 35081 35081 35081 35081 35081 35081 35081 35081 35081 35081 35081 35081 35081 35081 35081 35081 35081 35081 35081 35081 35081 35081 35081 35081 35081 35081 35081 35081 35081 35081 35081 35081 35081 35081 35081 35081 35081 35081 35081 35081 35081 34090 19062 11725 11717 9437 8627 7763 6518 5750 3712 2389 1901 1901 1901 1901 1901 1901 1901 1901 1901 1901 1901 378 353 331 312 297 287 285 270 231
Geracao 172: 35081 35081 35081 35081 35081 35081 35081 35081 35081 35081 35081 35081 35081 35081 35081 35081 35081 35081 35081 35081 35081 35081 35081 35081 35081 35081 35081 35081 35081 35081 35081 35081 35081 35081 35081 35081 35081 35081 35081 35081 35081 35081 35081 35081 35081 35081 35081 35081 35081 35081 35081 35081 35081 35081 35081 35081 35081 35081 35081 35081 35081 35081 35081 35081 35081 35081 35081 35081 35081 17532 13807 11302 10097 7343 5462 1901 1901 1901 1901 1901 1901 1901 1901 1901 573 413 413 372 287 287 280 280 280 274 274 274 274 274 270 261
Geracao 173: 35081 35081 35081 35081 35081 35081 35081 35081 35081 35081 35081 35081 35081 35081 35081 35081 35081 35081 35081 35081 35081 35081 35081 35081 35081 35081 35081 35081 35081 35081 35081 35081 35081 35081 35081 35081 35081 35081 35081 35081 35081 35081 35081 35081 35081 35081 35081 35081 35081 35081 35081 35081 35081 35081 35081 35081 35081 35081 35081 35081 35081 35081 35081 35081 35081 35081 35081 35081 18540 13663 10097 7823 3712 3712 3712 3712 3712 1901 1901 1901 1901 1901 1901 1901 1901 627 414 343 287 287 287 284 278 274 274 274 274 258 258 219
Geracao 174: 35081 35081 35081 35081 35081 35081 35081 35081 35081 35081 35081 35081 35081 35081 35081 35081 35081 35081 35081 35081 35081 35081 35081 35081 35081 35081 35081 35081 35081 35081 35081 35081 35081 35081 35081 35081 35081 35081 35081 35081 35081 35081 35081 35081 35081 35081 35081 35081 35081 35081 35081 35081 35081 35081 35081 35081 35081 35081 35081 35081 35081 35081 35081 35081 35081 35081 35081 35081 35081 35081 35081 35081 18601 11346 9496 8526 5031 3712 3033 1901 1901 1901 1901 1901 1901 1901 1901 1901 1901 1545 383 351 287 287 285 274 274 270 254 246
Geracao 175: 35081 35081 35081 35081 35081 35081 35081 35081 35081 35081 35081 35081 35081 35081 35081 35081 35081 35081 35081 35081 35081 35081 35081 35081 35081 35081 35081 35081 35081 35081 35081 35081 35081 35081 35081 35081 35081 35081 35081 35081 35081 35081 35081 35081 35081 35081 35081 35081 35081 35081 35081 35081 35081 35081 35081 35081 35081 35081 35081 35081 35081 35081 35081 35081 35081 35081 35081 35081 35081 35081 35081 24298 21563 9210 7654 6345 6345 4980 3712 2274 1901 1901 1901 1901 1901 1901 1901 1901 1420 1084 573 569 420 417 414 393 376 301 287 260
Geracao 176: 35081 35081 35081 35081 35081 35081 35081 35081 35081 35081 35081 35081 35081 35081 35081 35081 35081 35081 35081 35081 35081 35081 35081 35081 35081 35081 35081 35081 35081 35081 35081 35081 35081 35081 35081 35081 35081 35081 35081 35081 35081 35081 35081 35081 35081 35081 35081 35081 35081 35081 35081 35081 35081 35081 35081 35081 35081 35081 35081 35081 35081 35081 35081 35081 35081 35081 35081 35081 35081 35081 27140 23199 19611 16762 15935 10627 7385 7107 7107 6444 6345 6345 6345 3712 1901 1901 1901 1901 1901 1901 1901 1901 1415 1084 817 357 288 287 251 251
Geracao 177: 35081 35081 35081 35081 35081 35081 35081 35081 35081 35081 35081 35081 35081 35081 35081 35081 35081 35081 35081 35081 35081 35081 35081 35081 35081 35081 35081 35081 35081 35081 35081 35081 35081 35081 35081 35081 35081 35081 35081 35081 35081 35081 35081 35081 35081 35081 35081 35081 35081 35081 35081 35081 35081 35081 35081 35081 35081 35081 35081 35081 35081 35081 35081 35081 35081 35081 35081 35081 35081 35081 35081 35081 16646 9400 8851 6874 6345 3957 3712 3712 3712 2838 1901 1901 1901 1901 1901 1901 1901 1901 480 409 377 377 331 287 287 287 263 260
Geracao 178: 35081 35081 35081 35081 35081 35081 35081 35081 35081 35081 35081 35081 35081 35081 35081 35081 35081 35081 35081 35081 35081 35081 35081 35081 35081 35081 35081 35081 35081 35081 35081 35081 35081 35081 35081 35081 35081 35081 35081 35081 35081 35081 35081 35081 35081 35081 35081 35081 35081 35081 35081 35081 35081 35081 35081 35081 35081 35081 35081 35081 35081 35081 35081 35081 35081 35081 35081 35081 35081 35081 35081 35081 35081 22751 20885 14719 14249 10097 9479 9409 6345 5422 1901 1901 1901 1901 1901 1901 1901 1901 1901 1901 1241 1095 855 439 411 373 303 287
Geracao 179: 35081 35081 35081 35081 35081 35081 35081 35081 35081 35081 35081 35081 35081 35081 35081 35081 35081 35081 35081 35081 35081 35081 35081 35081 35081 35081 35081 35081 35081 35081 35081 35081 35081 35081 35081 35081 35081 35081 35081 35081 35081 35081 35081 35081 35081 35081 35081 35081 35081 35081 35081 35081 35081 35081 35081 35081 35081 35081 18220 17397 11356 9064 8690 7107 6345 6345 6345 4257 3781 3712 1974 1901 1901 1901 1901 1901 1901 1901 1901 1901 1901 1901 1901 1901 1901 1901 1901 1901 1271 1241 420 373 373 322 294 294 293 282 280 277
Geracao 180: 35081 35081 35081 35081 35081 35081 35081 35081 35081 35081 35081 35081 35081 35081 35081 35081 35081 35081 35081 35081 35081 35081 35081 35081 35081 35081 35081 35081 35081 35081 35081 35081 35081 35081 35081 35081 35081 35081 35081 35081 35081 35081 35081 35081 35081 35081 35081 35081 35081 35081 35081 35081 35081 35081 35081 35081 35081 35081 35081 35081 35081 35081 35081 35081 35081 35081 35081 35081 35081 35081 20145 12391 10097 9382 6345 3712 3712 3712 2677 1992 1901 1901 1901 1901 1901 1901 1901 1235 1214 424 420 373 373 332 326 320 307 294 287 286
Geracao 181: 35081 35081 35081 35081 35081 35081 35081 35081 35081 35081 35081 35081 35081 35081 35081 35081 35081 35081 35081 35081 35081 35081 35081 35081 35081 35081 35081 35081 35081 35081 35081 35081 35081 35081 35081 35081 35081 35081 35081 35081 35081 35081 35081 35081 35081 35081 35081 35081 35081 35081 35081 35081 35081 35081 35081 35081 35081 35081 35081 35081 35081 35081 35081 35081 35081 35081 35081 35081 35081 35081 35081 35081 35081 35081 35081 35081 21373 19893 16731 10097 6345 3712 3712 1901 1901 1901 1901 1901 1901 1241 414 386 386 370 370 339 322 320 292 265
Geracao 182: 35081 35081 35081 35081 35081 35081 35081 35081 35081 35081 35081 35081 35081 35081 35081 35081 35081 35081 35081 35081 35081 35081 35081 35081 35081 35081 35081 35081 35081 35081 35081 35081 35081 35081 35081 35081 35081 35081 35081 35081 35081 35081 35081 35081 35081 35081 35081 35081 35081 35081 35081 35081 35081 35081 35081 35081 35081 35081 35081 35081 24607 21493 20035 16824 16167 10097 9400 8606 7750 6345 6345 5647 4130 3712 1901 1901 1901 1901 1901 1901 1901 1901 1901 1901 1901 1705 1241 866 739 496 473 407 407 391 382 381 373 361 329 288
Geracao 183: 35081 35081 35081 35081 35081 35081 35081 35081 35081 35081 35081 35081 35081 35081 35081 35081 35081 35081 35081 35081 35081 35081 35081 35081 35081 35081 35081 35081 35081 35081 35081 35081 35081 35081 35081 35081 35081 35081 35081 35081 35081 35081 35081 35081 35081 35081 35081 35081 35081 35081 35081 35081 35081 35081 35081 35081 35081 35081 35081 35081 35081 35081 16376 10097 10097 6985 6345 6345 6345 6345 5724 4782 3712 3712 1901 1901 1901 1901 1901 1901 1901 1901 1241 1241 891 420 418 412 411 399 366 357 348 346 322 320 320 315 306 298
Geracao 184: 35081 35081 35081 35081 35081 35081 35081 35081 35081 35081 35081 35081 35081 35081 35081 35081 35081 35081 35081 35081 35081 35081 35081 35081 35081 35081 35081 35081 35081 35081 35081 35081 35081 35081 35081 35081 35081 35081 35081 35081 35081 35081 35081 35081 35081 35081 35081 35081 35081 35081 35081 35081 35081 35081 35081 35081 35081 35081 19283 18329 17817 15391 13380 12585 11047 10097 9729 7792 6345 5909 3712 3712 2389 2167 2039 1901 1901 1901 1901 1901 1901 1901 1901 1901 1901 1901 1784 1241 434 410 365 354 352 348 348 338 335 332 326 302
Geracao 185: 35081 35081 35081 35081 35081 35081 35081 35081 35081 35081 35081 35081 35081 35081 35081 35081 35081 35081 35081 35081 35081 35081 35081 35081 35081 35081 35081 35081 35081 35081 35081 35081 35081 35081 35081 35081 35081 35081 35081 35081 35081 35081 35081 35081 35081 35081 35081 35081 35081 35081 35081 35081 35081 35081 35081 35081 35081 35081 35081 35081 35081 35081 35081 35081 35081 25314 20021 17442 15140 13469 10257 10097 9812 8526 8394 6578 6510 6379 6345 4317 3712 3192 1901 1901 1901 1901 1901 1901 1146 500 421 382 377 375 373 335 335 335 335 335
Geracao 186: 35081 35081 35081 35081 35081 35081 35081 35081 35081 35081 35081 35081 35081 35081 35081 35081 35081 35081 35081 35081 35081 35081 35081 35081 35081 35081 35081 35081 35081 35081 35081 35081 35081 35081 35081 35081 35081 35081 35081 35081 35081 35081 35081 35081 35081 35081 35081 35081 35081 35081 35081 35081 35081 35081 35081 35081 35081 35081 35081 35081 35081 35081 35081 35081 18862 18495 16619 15732 15356 14138 11194 8526 8430 6345 6345 6345 4185 2822 1901 1901 1901 1901 1901 1901 1901 1901 1437 916 483 483 469 469 448 430 425 417 363 335 335 291
Geracao 187: 35081 35081 35081 35081 35081 35081 35081 35081 35081 35081 35081 35081 35081 35081 35081 35081 35081 35081 35081 35081 35081 35081 35081 35081 35081 35081 35081 35081 35081 35081 35081 35081 35081 35081 35081 35081 35081 35081 35081 35081 35081 35081 35081 35081 35081 35081 35081 35081 35081 35081 35081 35081 35081 35081 35081 35081 35081 35081 35081 35081 35081 35081 35081 35081 35081 35081 35081 20562 17185 12594 12524 9708 6345 6345 6345 4202 3712 3712 3712 3036 1901 1901 1901 1901 1901 1901 1241 1241 717 463 462 462 444 418 409 404 404 364 348 347
Geracao 188: 35081 35081 35081 35081 35081 35081 35081 35081 35081 35081 35081 35081 35081 35081 35081 35081 35081 35081 35081 35081 35081 35081 35081 35081 35081 35081 35081 35081 35081 35081 35081 35081 35081 35081 35081 35081 35081 35081 35081 35081 35081 35081 35081 35081 35081 35081 35081 35081 35081 35081 35081 35081 35081 35081 35081 35081 35081 35081 35081 35081 35081 35081 35081 35081 35081 35081 35081 35081 20293 18236 16931 15325 15151 13678 10097 6345 6345 6345 6345 4261 3712 3712 3445 1901 1901 1901 1901 1901 1241 920 836 647 594 542 511 510 444 389 349 344
Geracao 189: 35081 35081 35081 35081 35081 35081 35081 35081 35081 35081 35081 35081 35081 35081 35081 35081 35081 35081 35081 35081 35081 35081 35081 35081 35081 35081 35081 35081 35081 35081 35081 35081 35081 35081 35081 35081 35081 35081 35081 35081 35081 35081 35081 35081 35081 35081 35081 35081 35081 35081 35081 35081 35081 35081 35081 35081 35081 35081 35081 35081 35081 35081 35081 35081 35081 35081 35081 35081 35081 35081 15569 11096 6345 3712 1901 1901 1901 1901 1901 1901 1901 1901 1901 1901 1901 896 744 701 662 634 634 634 534 500 493 445 444 440 426 426
Geracao 190: 35081 35081 35081 35081 35081 35081 35081 35081 35081 35081 35081 35081 35081 35081 35081 35081 35081 35081 35081 35081 35081 35081 35081 35081 35081 35081 35081 35081 35081 35081 35081 35081 35081 35081 35081 35081 35081 35081 35081 35081 35081 35081 35081 35081 35081 35081 35081 35081 35081 35081 35081 35081 35081 35081 35081 35081 35081 35081 35081 35081 35081 35081 35081 19083 16224 9875 7107 6840 6604 6345 6345 6345 6345 6345 3712 3636 2293 1976 1901 1901 1901 1901 1901 1901 1901 1901 1241 1020 920 740 665 647 647 634 634 617 426 426 399 363
Geracao 191: 35081 35081 35081 35081 35081 35081 35081 35081 35081 35081 35081 35081 35081 35081 35081 35081 35081 35081 35081 35081 35081 35081 35081 35081 35081 35081 35081 35081 35081 35081 35081 35081 35081 35081 35081 35081 35081 35081 35081 35081 35081 35081 35081 35081 35081 35081 35081 35081 35081 35081 35081 35081 35081 35081 35081 35081 35081 35081 35081 35081 35081 35081 35081 35081 35081 17935 15877 15527 11606 9512 7659 6563 4017 3769 3712 3712 1901 1901 1901 1901 1901 1901 1901 1901 1901 1901 1901 1901 1241 1241 1241 1241 802 794 756 643 416 391 391 357
Geracao 192: 35081 35081 35081 35081 35081 35081 35081 35081 35081 35081 35081 35081 35081 35081 35081 35081 35081 35081 35081 35081 35081 35081 35081 35081 35081 35081 35081 35081 35081 35081 35081 35081 35081 35081 35081 35081 35081 35081 35081 35081 35081 35081 35081 35081 35081 35081 35081 35081 35081 35081 35081 35081 35081 35081 35081 35081 35081 35081 35081 35081 35081 35081 35081 35081 35081 35081 35081 35081 35081 35081 35081 17994 15813 7107 6345 6345 6184 3712 3712 3712 3712 3386 2840 2688 1901 1901 1901 1901 1901 1901 1901 1901 1008 967 873 856 488 482 482 346
Geracao 193: 35081 35081 35081 35081 35081 35081 35081 35081 35081 35081 35081 35081 35081 35081 35081 35081 35081 35081 35081 35081 35081 35081 35081 35081 35081 35081 35081 35081 35081 35081 35081 35081 35081 35081 35081 35081 35081 35081 35081 35081 35081 35081 35081 35081 35081 35081 35081 35081 35081 35081 35081 35081 35081 35081 35081 35081 35081 35081 35081 35081 35081 35081 35081 35081 35081 35081 35081 35081 35081 35081 35081 35081 35081 35081 11348 10097 10097 8651 6052 4881 4504 4339 3712 3712 1901 1901 1901 1901 1901 1660 853 853 723 621 448 442 436 400 324 322
Geracao 194: 35081 35081 35081 35081 35081 35081 35081 35081 35081 35081 35081 35081 35081 35081 35081 35081 35081 35081 35081 35081 35081 35081 35081 35081 35081 35081 35081 35081 35081 35081 35081 35081 35081 35081 35081 35081 35081 35081 35081 35081 35081 35081 35081 35081 35081 35081 35081 35081 35081 35081 35081 35081 35081 35081 35081 35081 35081 35081 35081 35081 35081 35081 18930 16921 16836 16602 16550 15976 10328 10097 10097 10097 6184 3712 3712 3712 1901 1901 1901 1901 1901 1901 1747 1439 1059 1006 940 704 665 654 575 520 517 517 513 482 439 419 395 379
Geracao 195: 35081 35081 35081 35081 35081 35081 35081 35081 35081 35081 35081 35081 35081 35081 35081 35081 35081 35081 35081 35081 35081 35081 35081 35081 35081 35081 35081 35081 35081 35081 35081 35081 35081 35081 35081 35081 35081 35081 35081 35081 35081 35081 35081 35081 35081 35081 35081 35081 35081 35081 35081 35081 35081 35081 35081 35081 35081 35081 35081 35081 35081 35081 35081 35081 35081 35081 35081 35081 35081 35081 35081 25354 20187 17142 16034 14438 12091 10097 5422 3879 3712 3712 3712 3712 1901 1901 1901 1901 1901 1901 1834 1660 940 881 638 305 302 288 285 285
Geracao 196: 35081 35081 35081 35081 35081 35081 35081 35081 35081 35081 35081 35081 35081 35081 35081 35081 35081 35081 35081 35081 35081 35081 35081 35081 35081 35081 35081 35081 35081 35081 35081 35081 35081 35081 35081 35081 35081 35081 35081 35081 35081 35081 35081 35081 35081 35081 35081 35081 35081 35081 35081 35081 35081 35081 35081 35081 35081 35081 35081 35081 35081 35081 35081 35081 35081 35081 35081 35081 22363 15647 8946 7422 6345 4907 4799 4209 1901 1901 1901 1901 1901 1901 1901 1901 1901 1901 1901 1901 1901 1901 1241 929 801 801 801 801 801 592 470 325
Geracao 197: 35081 35081 35081 35081 35081 35081 35081 35081 35081 35081 35081 35081 35081 35081 35081 35081 35081 35081 35081 35081 35081 35081 35081 35081 35081 35081 35081 35081 35081 35081 35081 35081 35081 35081 35081 35081 35081 35081 35081 35081 35081 35081 35081 35081 35081 35081 35081 35081 35081 35081 35081 35081 35081 35081 35081 35081 35081 35081 35081 35081 35081 35081 35081 35081 35081 16650 15509 9848 7974 7712 6667 5657 5619 3712 3484 2708 1901 1901 1901 1901 1901 1901 1901 1901 1901 1901 1901 1901 1901 1721 1241 1011 805 801 801 801 561 288 288 259
Geracao 198: 35081 35081 35081 35081 35081 35081 35081 35081 35081 35081 35081 35081 35081 35081 35081 35081 35081 35081 35081 35081 35081 35081 35081 35081 35081 35081 35081 35081 35081 35081 35081 35081 35081 35081 35081 35081 35081 35081 35081 35081 35081 35081 35081 35081 35081 35081 35081 35081 35081 35081 35081 35081 35081 35081 35081 35081 35081 35081 35081 35081 35081 35081 35081 35081 18091 12740 12197 9921 8976 8119 6345 6345 6345 5773 4602 3712 1901 1901 1901 1901 1901 1901 1901 1901 1901 1901 1901 1901 1241 1241 1241 1084 1045 805 805 801 801 801 801 801
Geracao 199: 35081 35081 35081 35081 35081 35081 35081 35081 35081 35081 35081 35081 35081 35081 35081 35081 35081 35081 35081 35081 35081 35081 35081 35081 35081 35081 35081 35081 35081 35081 35081 35081 35081 35081 35081 35081 35081 35081 35081 35081 35081 35081 35081 35081 35081 35081 35081 35081 35081 35081 35081 35081 35081 35081 35081 35081 35081 35081 35081 35081 35081 35081 35081 35081 19649 15691 12397 11701 8344 6345 5692 3712 3712 3712 2189 1995 1901 1901 1901 1901 1901 1901 1901 1901 1610 1011 895 805 805 805 801 801 801 801 801 801 801 566 309 280
Geracao 200: 35081 35081 35081 35081 35081 35081 35081 35081 35081 35081 35081 35081 35081 35081 35081 35081 35081 35081 35081 35081 35081 35081 35081 35081 35081 35081 35081 35081 35081 35081 35081 35081 35081 35081 35081 35081 35081 35081 35081 35081 35081 35081 35081 35081 35081 35081 35081 35081 35081 35081 35081 35081 35081 35081 35081 35081 35081 35081 35081 35081 35081 35081 35081 17689 11786 11486 11486 11486 10964 9165 8989 8989 8159 6345 4737 3712 3712 1901 1901 1901 1901 1901 1901 1241 868 801 801 801 801 452 345 335 335 333 333 330 326 326 279 264
Geracao 201: 35081 35081 35081 35081 35081 35081 35081 35081 35081 35081 35081 35081 35081 35081 35081 35081 35081 35081 35081 35081 35081 35081 35081 35081 35081 35081 35081 35081 35081 35081 35081 35081 35081 35081 35081 35081 35081 35081 35081 35081 35081 35081 35081 35081 35081 35081 35081 35081 35081 35081 35081 35081 35081 35081 35081 35081 35081 35081 35081 35081 35081 35081 35081 35081 35081 35081 35081 35081 35081 35081 35081 35081 35081 24031 10097 10097 10097 9559 8834 3712 3712 3712 1901 1901 1901 1901 1901 1011 805 801 801 378 334 326 326 324 306 302 290 245
Geracao 202: 35081 35081 35081 35081 35081 35081 35081 35081 35081 35081 35081 35081 35081 35081 35081 35081 35081 35081 35081 35081 35081 35081 35081 35081 35081 35081 35081 35081 35081 35081 35081 35081 35081 35081 35081 35081 35081 35081 35081 35081 35081 35081 35081 35081 35081 35081 35081 35081 35081 35081 35081 35081 35081 35081 35081 35081 35081 35081 35081 35081 35081 35081 35081 35081 35081 35081 35081 35081 35081 35081 35081 20480 15481 14671 8666 7796 7146 6184 3712 2431 1901 1901 1901 1901 1901 1901 1901 1901 1901 1085 1085 801 657 416 333 333 333 320 318 315
Geracao 203: 35081 35081 35081 35081 35081 35081 35081 35081 35081 35081 35081 35081 35081 35081 35081 35081 35081 35081 35081 35081 35081 35081 35081 35081 35081 35081 35081 35081 35081 35081 35081 35081 35081 35081 35081 35081 35081 35081 35081 35081 35081 35081 35081 35081 35081 35081 35081 35081 35081 35081 35081 35081 35081 35081 35081 35081 35081 35081 35081 35081 35081 35081 35081 35081 35081 27632 27576 15853 14792 10407 10097 10097 6719 6184 5544 4368 3712 3600 2294 1901 1901 1901 1901 1901 1901 1901 1901 1901 1901 1901 1854 1241 1084 801 592 461 399 303 278 267
Geracao 204: 35081 35081 35081 35081 35081 35081 35081 35081 35081 35081 35081 35081 35081 35081 35081 35081 35081 35081 35081 35081 35081 35081 35081 35081 35081 35081 35081 35081 35081 35081 35081 35081 35081 35081 35081 35081 35081 35081 35081 35081 35081 35081 35081 35081 35081 35081 35081 35081 35081 35081 35081 35081 35081 35081 35081 35081 35081 35081 35081 35081 35081 35081 35081 35081 35081 35081 35081 35081 35081 35081 35081 35081 35081 35081 35081 35081 35081 35081 13971 11486 5431 3712 3712 1909 1901 1901 1901 1901 1901 1901 1901 477 474 458 454 454 370 354 340 316
Geracao 205: 35081 35081 35081 35081 35081 35081 35081 35081 35081 35081 35081 35081 35081 35081 35081 35081 35081 35081 35081 35081 35081 35081 35081 35081 35081 35081 35081 35081 35081 35081 35081 35081 35081 35081 35081 35081 35081 35081 35081 35081 35081 35081 35081 35081 35081 35081 35081 35081 35081 35081 35081 35081 35081 35081 35081 35081 35081 35081 35081 35081 35081 35081 35081 35081 35081 35081 35081 35081 35081 35081 35081 35081 15083 13994 11598 11486 11486 10097 10097 6599 6345 3712 1901 1901 1901 1606 1084 810 720 715 596 461 441 372 353 348 348 346 318 316
Geracao 206: 35081 35081 35081 35081 35081 35081 35081 35081 35081 35081 35081 35081 35081 35081 35081 35081 35081 35081 35081 35081 35081 35081 35081 35081 35081 35081 35081 35081 35081 35081 35081 35081 35081 35081 35081 35081 35081 35081 35081 35081 35081 35081 35081 35081 35081 35081 35081 35081 35081 35081 35081 35081 35081 35081 35081 35081 35081 35081 35081 35081 35081 35081 35081 35081 35081 35081 35081 35081 35081 35081 24875 21793 19773 10366 10097 10097 7838 6345 6078 3712 3712 2314 1901 1901 1901 1901 1901 1901 1891 712 711 710 621 458 381 372 357 348 335 316
Geracao 207: 35081 35081 35081 35081 35081 35081 35081 35081 35081 35081 35081 35081 35081 35081 35081 35081 35081 35081 35081 35081 35081 35081 35081 35081 35081 35081 35081 35081 35081 35081 35081 35081 35081 35081 35081 35081 35081 35081 35081 35081 35081 35081 35081 35081 35081 35081 35081 35081 35081 35081 35081 35081 35081 35081 35081 35081 35081 35081 35081 35081 35081 35081 35081 35081 35081 35081 35081 17879 17516 14693 12877 11486 10097 7459 6345 6345 6345 3712 3712 3712 3157 2352 1901 1901 1901 1901 1901 1901 1901 1901 1901 757 619 494 433 376 348 342 263 248
Geracao 208: 35081 35081 35081 35081 35081 35081 35081 35081 35081 35081 35081 35081 35081 35081 35081 35081 35081 35081 35081 35081 35081 35081 35081 35081 35081 35081 35081 35081 35081 35081 35081 35081 35081 35081 35081 35081 35081 35081 35081 35081 35081 35081 35081 35081 35081 35081 35081 35081 35081 35081 35081 35081 35081 35081 35081 35081 35081 35081 35081 35081 35081 35081 35081 35081 35081 35081 35081 35081 35081 21581 18374 16558 8739 8489 7501 7107 6345 5028 2147 1901 1901 1901 1901 1901 1901 1901 1901 1901 907 770 631 596 570 541 541 520 520 468 371 332
Geracao 209: 35081 35081 35081 35081 35081 35081 35081 35081 35081 35081 35081 35081 35081 35081 35081 35081 35081 35081 35081 35081 35081 35081 35081 35081 35081 35081 35081 35081 35081 35081 35081 35081 35081 35081 35081 35081 35081 35081 35081 35081 35081 35081 35081 35081 35081 35081 35081 35081 35081 35081 35081 35081 35081 35081 35081 35081 35081 35081 35081 35081 35081 35081 35081 35081 35081 28421 22751 9544 6345 6055 3791 3712 2027 1901 1901 1901 1901 1901 1901 1901 647 647 610 610 594 594 594 532 446 446 446 416 400 315 308 305 305 305 305 293
Geracao 210: 35081 35081 35081 35081 35081 35081 35081 35081 35081 35081 35081 35081 35081 35081 35081 35081 35081 35081 35081 35081 35081 35081 35081 35081 35081 35081 35081 35081 35081 35081 35081 35081 35081 35081 35081 35081 35081 35081 35081 35081 35081 35081 35081 35081 35081 35081 35081 35081 35081 35081 35081 35081 35081 35081 35081 35081 35081 35081 35081 35081 35081 35081 35081 35081 35081 35081 35081 35081 31949 17791 15137 13515 9775 7024 6345 6345 5697 3712 3712 3712 3712 3712 3114 1901 1901 1901 1901 1901 1901 1901 1633 1084 1084 501 386 375 355 305 296 270
Geracao 211: 35081 35081 35081 35081 35081 35081 35081 35081 35081 35081 35081 35081 35081 35081 35081 35081 35081 35081 35081 35081 35081 35081 35081 35081 35081 35081 35081 35081 35081 35081 35081 35081 35081 35081 35081 35081 35081 35081 35081 35081 35081 35081 35081 35081 35081 35081 35081 35081 35081 35081 35081 35081 35081 35081 35081 35081 35081 35081 35081 35081 35081 35081 35081 35081 35081 35081 15617 14676 13353 13080 12413 6345 4244 3712 3712 3712 3146 2669 1901 1901 1901 1901 1901 1901 1901 1901 1901 1901 1901 995 871 746 647 585 544 535 376 355 268 264
Geracao 212: 35081 35081 35081 35081 35081 35081 35081 35081 35081 35081 35081 35081 35081 35081 35081 35081 35081 35081 35081 35081 35081 35081 35081 35081 35081 35081 35081 35081 35081 35081 35081 35081 35081 35081 35081 35081 35081 35081 35081 35081 35081 35081 35081 35081 35081 35081 35081 35081 35081 35081 35081 35081 35081 35081 35081 35081 35081 35081 35081 35081 35081 35081 35081 35081 35081 35081 35081 35081 19843 19841 19211 14067 11676 11486 10558 10306 10119 9370 6619 6345 3712 3712 2853 1901 1901 810 778 756 639 619 619 615 596 591 575 509 509 509 509 356
Geracao 213: 35081 35081 35081 35081 35081 35081 35081 35081 35081 35081 35081 35081 35081 35081 35081 35081 35081 35081 35081 35081 35081 35081 35081 35081 35081 35081 35081 35081 35081 35081 35081 35081 35081 35081 35081 35081 35081 35081 35081 35081 35081 35081 35081 35081 35081 35081 35081 35081 35081 35081 35081 35081 35081 35081 35081 35081 35081 35081 35081 35081 35081 35081 35081 35081 35081 35081 35081 21713 11486 6891 6851 3712 3712 3712 3712 3076 2211 1901 1901 1901 1901 1901 1901 1901 1901 1519 929 813 647 618 600 572 572 509 460 427 425 384 349 307
Geracao 214: 35081 35081 35081 35081 35081 35081 35081 35081 35081 35081 35081 35081 35081 35081 35081 35081 35081 35081 35081 35081 35081 35081 35081 35081 35081 35081 35081 35081 35081 35081 35081 35081 35081 35081 35081 35081 35081 35081 35081 35081 35081 35081 35081 35081 35081 35081 35081 35081 35081 35081 35081 35081 35081 35081 35081 35081 35081 35081 35081 35081 35081 35081 35081 35081 35081 35081 35081 35081 35081 35081 13743 10824 10726 8917 8750 7433 6345 5585 3941 1901 1901 1901 1901 1901 1901 1901 1901 850 647 617 501 487 432 428 427 427 421 417 300 292
Geracao 215: 35081 35081 35081 35081 35081 35081 35081 35081 35081 35081 35081 35081 35081 35081 35081 35081 35081 35081 35081 35081 35081 35081 35081 35081 35081 35081 35081 35081 35081 35081 35081 35081 35081 35081 35081 35081 35081 35081 35081 35081 35081 35081 35081 35081 35081 35081 35081 35081 35081 35081 35081 35081 35081 35081 35081 35081 35081 35081 35081 35081 35081 35081 35081 35081 35081 35081 35081 35081 35081 35081 35081 35081 35081 35081 35081 17124 17013 15887 15091 12251 10097 9121 6376 6345 6033 3712 1901 1901 1901 1700 967 654 613 605 566 527 484 484 483 353
Geracao 216: 35081 35081 35081 35081 35081 35081 35081 35081 35081 35081 35081 35081 35081 35081 35081 35081 35081 35081 35081 35081 35081 35081 35081 35081 35081 35081 35081 35081 35081 35081 35081 35081 35081 35081 35081 35081 35081 35081 35081 35081 35081 35081 35081 35081 35081 35081 35081 35081 35081 35081 35081 35081 35081 35081 35081 35081 35081 35081 35081 35081 35081 35081 35081 35081 35081 35081 35081 35081 35081 35081 35081 35081 19404 14742 8219 6345 6345 6345 3712 3712 1901 1901 1901 1901 1901 1303 878 668 659 654 649 631 536 517 501 498 498 478 425 421
Geracao 217: 35081 35081 35081 35081 35081 35081 35081 35081 35081 35081 35081 35081 35081 35081 35081 35081 35081 35081 35081 35081 35081 35081 35081 35081 35081 35081 35081 35081 35081 35081 35081 35081 35081 35081 35081 35081 35081 35081 35081 35081 35081 35081 35081 35081 35081 35081 35081 35081 35081 35081 35081 35081 35081 35081 35081 35081 35081 35081 35081 35081 35081 35081 35081 35081 35081 35081 35081 35081 35081 35081 35081 35081 35081 35081 35081 35081 35081 35081 16953 15969 8943 8296 8173 6713 6079 5510 3820 3712 3712 3712 3712 3468 3351 2875 529 494 487 464 421 379
Geracao 218: 35081 35081 35081 35081 35081 35081 35081 35081 35081 35081 35081 35081 35081 35081 35081 35081 35081 35081 35081 35081 35081 35081 35081 35081 35081 35081 35081 35081 35081 35081 35081 35081 35081 35081 35081 35081 35081 35081 35081 35081 35081 35081 35081 35081 35081 35081 35081 35081 35081 35081 35081 35081 35081 35081 35081 35081 35081 35081 35081 35081 35081 35081 35081 35081 35081 35081 35081 35081 29994 15617 12643 11064 10980 9860 5743 5143 3712 3712 3712 3712 3468 2751 1901 1901 1901 1901 1901 1901 1901 1901 1901 1084 641 613 582 534 515 426 404 398
Geracao 219: 35081 35081 35081 35081 35081 35081 35081 35081 35081 35081 35081 35081 35081 35081 35081 35081 35081 35081 35081 35081 35081 35081 35081 35081 35081 35081 35081 35081 35081 35081 35081 35081 35081 35081 35081 35081 35081 35081 35081 35081 35081 35081 35081 35081 35081 35081 35081 35081 35081 35081 35081 35081 35081 35081 35081 35081 35081 35081 35081 35081 35081 35081 35081 35081 35081 19832 19773 18353 12877 10218 10097 6936 6345 6345 4771 1901 1901 1901 1901 1901 1901 1901 1901 1901 1901 1279 1018 967 967 951 840 816 809 763 731 482 480 454 451 310
Geracao 220: 35081 35081 35081 35081 35081 35081 35081 35081 35081 35081 35081 35081 35081 35081 35081 35081 35081 35081 35081 35081 35081 35081 35081 35081 35081 35081 35081 35081 35081 35081 35081 35081 35081 35081 35081 35081 35081 35081 35081 35081 35081 35081 35081 35081 35081 35081 35081 35081 35081 35081 35081 35081 35081 35081 35081 35081 35081 35081 35081 35081 35081 35081 35081 35081 35081 35081 35081 35081 35081 22990 21613 20112 13781 9079 9031 8475 6840 6345 4576 3712 3712 3712 1901 1901 1901 1901 1901 967 958 927 899 897 895 685 651 651 459 418 310 253
Geracao 221: 35081 35081 35081 35081 35081 35081 35081 35081 35081 35081 35081 35081 35081 35081 35081 35081 35081 35081 35081 35081 35081 35081 35081 35081 35081 35081 35081 35081 35081 35081 35081 35081 35081 35081 35081 35081 35081 35081 35081 35081 35081 35081 35081 35081 35081 35081 35081 35081 35081 35081 35081 35081 35081 35081 35081 35081 35081 35081 35081 35081 35081 35081 35081 35081 35081 35081 35081 35081 35081 9761 7700 6345 6345 5661 4272 2810 1901 1901 1901 1901 1901 1901 1901 1901 1901 1901 1633 1199 967 967 967 955 952 882 686 682 499 498 470 420
Geracao 222: 35081 35081 35081 35081 35081 35081 35081 35081 35081 35081 35081 35081 35081 35081 35081 35081 35081 35081 35081 35081 35081 35081 35081 35081 35081 35081 35081 35081 35081 35081 35081 35081 35081 35081 35081 35081 35081 35081 35081 35081 35081 35081 35081 35081 35081 35081 35081 35081 35081 35081 35081 35081 35081 35081 35081 35081 35081 35081 35081 35081 35081 35081 35081 35081 35081 35081 35081 35081 35081 35081 18297 17059 12337 11153 10052 9552 7085 4595 3712 3206 1901 1901 1901 1901 1901 1901 1901 1901 1063 955 897 893 890 885 532 520 479 289 287 274
Geracao 223: 35081 35081 35081 35081 35081 35081 35081 35081 35081 35081 35081 35081 35081 35081 35081 35081 35081 35081 35081 35081 35081 35081 35081 35081 35081 35081 35081 35081 35081 35081 35081 35081 35081 35081 35081 35081 35081 35081 35081 35081 35081 35081 35081 35081 35081 35081 35081 35081 35081 35081 35081 35081 35081 35081 35081 35081 35081 35081 35081 35081 35081 35081 35081 35081 35081 35081 35081 35081 35081 35081 35081 35081 35081 18934 15772 14703 12877 10895 6345 6345 6102 3468 2454 2247 1901 1901 1901 1901 1901 1901 1901 1599 1396 789 774 680 471 468 428 417
Geracao 224: 35081 35081 35081 35081 35081 35081 35081 35081 35081 35081 35081 35081 35081 35081 35081 35081 35081 35081 35081 35081 35081 35081 35081 35081 35081 35081 35081 35081 35081 35081 35081 35081 35081 35081 35081 35081 35081 35081 35081 35081 35081 35081 35081 35081 35081 35081 35081 35081 35081 35081 35081 35081 35081 35081 35081 35081 35081 35081 35081 35081 35081 35081 35081 35081 35081 35081 22962 21958 20109 18129 17697 16456 15824 13900 12945 12877 12614 8865 5742 3712 3468 3468 1901 1901 1901 1901 1901 1901 1901 1901 875 864 686 682 515 427 427 317 295 254
Geracao 225: 35081 35081 35081 35081 35081 35081 35081 35081 35081 35081 35081 35081 35081 35081 35081 35081 35081 35081 35081 35081 35081 35081 35081 35081 35081 35081 35081 35081 35081 35081 35081 35081 35081 35081 35081 35081 35081 35081 35081 35081 35081 35081 35081 35081 35081 35081 35081 35081 35081 35081 35081 35081 35081 35081 35081 35081 35081 35081 35081 35081 35081 35081 35081 20992 19043 13433 13082 10097 6345 6106 6073 5989 5368 5105 4338 3712 3712 3532 1901 1901 1901 1901 1901 1901 1901 1901 1901 1023 931 890 890 890 890 885 743 743 650 634 427 293
Geracao 226: 35081 35081 35081 35081 35081 35081 35081 35081 35081 35081 35081 35081 35081 35081 35081 35081 35081 35081 35081 35081 35081 35081 35081 35081 35081 35081 35081 35081 35081 35081 35081 35081 35081 35081 35081 35081 35081 35081 35081 35081 35081 35081 35081 35081 35081 35081 35081 35081 35081 35081 35081 35081 35081 35081 35081 35081 35081 35081 35081 35081 35081 35081 35081 35081 35081 35081 21525 19567 18126 16819 16123 14218 13900 13900 13900 13900 13697 11191 6921 6345 5201 3712 3712 2667 1991 1901 1901 1901 1901 1901 1901 1901 1901 1901 1867 690 477 429 427 364
Geracao 227: 35081 35081 35081 35081 35081 35081 35081 35081 35081 35081 35081 35081 35081 35081 35081 35081 35081 35081 35081 35081 35081 35081 35081 35081 35081 35081 35081 35081 35081 35081 35081 35081 35081 35081 35081 35081 35081 35081 35081 35081 35081 35081 35081 35081 35081 35081 35081 35081 35081 35081 35081 35081 35081 35081 35081 35081 35081 35081 35081 35081 35081 35081 35081 35081 35081 35081 35081 35081 35081 35081 35081 35081 35081 35081 35081 35081 35081 28421 16679 15899 13900 12577 8989 6345 5253 5201 5133 3712 3712 3468 2660 1901 1901 1901 1901 956 731 462 449 388
Geracao 228: 35081 35081 35081 35081 35081 35081 35081 35081 35081 35081 35081 35081 35081 35081 35081 35081 35081 35081 35081 35081 35081 35081 35081 35081 35081 35081 35081 35081 35081 35081 35081 35081 35081 35081 35081 35081 35081 35081 35081 35081 35081 35081 35081 35081 35081 35081 35081 35081 35081 35081 35081 35081 35081 35081 35081 35081 35081 35081 35081 35081 35081 35081 35081 35081 35081 35081 35081 35081 35081 35081 35081 35081 26827 18853 10397 8989 8636 7893 6737 6345 5569 5282 3712 3712 3468 1901 1901 1901 1901 1901 1901 1901 1901 1901 689 689 689 688 685 514
Geracao 229: 35081 35081 35081 35081 35081 35081 35081 35081 35081 35081 35081 35081 35081 35081 35081 35081 35081 35081 35081 35081 35081 35081 35081 35081 35081 35081 35081 35081 35081 35081 35081 35081 35081 35081 35081 35081 35081 35081 35081 35081 35081 35081 35081 35081 35081 35081 35081 35081 35081 35081 35081 35081 35081 35081 35081 35081 35081 35081 35081 35081 35081 35081 35081 35081 35081 35081 35081 26792 26789 19335 19216 15885 14596 8606 8571 6345 6345 5158 4850 3712 3468 2129 1901 1901 1901 1901 1901 1901 1901 1084 956 929 901 696 694 692 691 684 574 452
Geracao 230: 35081 35081 35081 35081 35081 35081 35081 35081 35081 35081 35081 35081 35081 35081 35081 35081 35081 35081 35081 35081 35081 35081 35081 35081 35081 35081 35081 35081 35081 35081 35081 35081 35081 35081 35081 35081 35081 35081 35081 35081 35081 35081 35081 35081 35081 35081 35081 35081 35081 35081 35081 35081 35081 35081 35081 35081 35081 35081 35081 35081 35081 35081 35081 35081 35081 35081 23939 19206 12943 9986 7261 6345 6345 6345 6262 3712 3712 3468 2962 1901 1901 1901 1901 1901 1901 1901 1084 1040 1028 956 956 690 690 689 685 531 424 354 307 227
Geracao 231: 35081 35081 35081 35081 35081 35081 35081 35081 35081 35081 35081 35081 35081 35081 35081 35081 35081 35081 35081 35081 35081 35081 35081 35081 35081 35081 35081 35081 35081 35081 35081 35081 35081 35081 35081 35081 35081 35081 35081 35081 35081 35081 35081 35081 35081 35081 35081 35081 35081 35081 35081 35081 35081 35081 35081 35081 35081 35081 35081 35081 35081 35081 35081 35081 35081 35081 35081 35081 35081 35081 35081 35081 22110 21291 19489 13583 6345 6345 5783 5663 5431 3712 3468 3468 2356 1901 1901 1901 1901 1901 1084 730 697 685 570 501 496 455 396 337
Geracao 232: 35081 35081 35081 35081 35081 35081 35081 35081 35081 35081 35081 35081 35081 35081 35081 35081 35081 35081 35081 35081 35081 35081 35081 35081 35081 35081 35081 35081 35081 35081 35081 35081 35081 35081 35081 35081 35081 35081 35081 35081 35081 35081 35081 35081 35081 35081 35081 35081 35081 35081 35081 35081 35081 35081 35081 35081 35081 35081 35081 35081 35081 35081 35081 35081 35081 35081 35081 35081 35081 35081 35081 35081 35081 35081 35081 35081 35081 35081 24379 16911 15144 13541 6652 6345 6345 6345 4976 3712 1901 1901 1901 1901 1901 1901 1555 1019 1006 967 891 606
Geracao 233: 35081 35081 35081 35081 35081 35081 35081 35081 35081 35081 35081 35081 35081 35081 35081 35081 35081 35081 35081 35081 35081 35081 35081 35081 35081 35081 35081 35081 35081 35081 35081 35081 35081 35081 35081 35081 35081 35081 35081 35081 35081 35081 35081 35081 35081 35081 35081 35081 35081 35081 35081 35081 35081 35081 35081 35081 35081 35081 35081 35081 35081 35081 35081 35081 35081 35081 17551 13900 12877 10031 7979 7819 6643 6345 5809 4965 4805 3712 3182 2571 1901 1901 1901 1901 1901 1901 1478 1315 1251 1194 1194 1173 1006 958 916 907 631 594 463 413
Geracao 234: 35081 35081 35081 35081 35081 35081 35081 35081 35081 35081 35081 35081 35081 35081 35081 35081 35081 35081 35081 35081 35081 35081 35081 35081 35081 35081 35081 35081 35081 35081 35081 35081 35081 35081 35081 35081 35081 35081 35081 35081 35081 35081 35081 35081 35081 35081 35081 35081 35081 35081 35081 35081 35081 35081 35081 35081 35081 35081 35081 35081 35081 35081 35081 35081 35081 35081 35081 35081 35081 18706 12877 7853 7520 6345 6345 5469 3795 3746 3094 1901 1901 1901 1901 1901 1901 1084 837 715 715 701 685 631 557 518 411 408 403 373 287 237
Geracao 235: 35081 35081 35081 35081 35081 35081 35081 35081 35081 35081 35081 35081 35081 35081 35081 35081 35081 35081 35081 35081 35081 35081 35081 35081 35081 35081 35081 35081 35081 35081 35081 35081 35081 35081 35081 35081 35081 35081 35081 35081 35081 35081 35081 35081 35081 35081 35081 35081 35081 35081 35081 35081 35081 35081 35081 35081 35081 35081 35081 35081 35081 35081 35081 35081 21106 17738 13397 13032 12877 6345 6345 6345 5882 5618 4872 4380 3712 3523 1901 1901 1901 1901 1901 1901 1901 1199 1084 1078 1046 822 808 797 701 701 701 701 688 687 389 355
Geracao 236: 35081 35081 35081 35081 35081 35081 35081 35081 35081 35081 35081 35081 35081 35081 35081 35081 35081 35081 35081 35081 35081 35081 35081 35081 35081 35081 35081 35081 35081 35081 35081 35081 35081 35081 35081 35081 35081 35081 35081 35081 35081 35081 35081 35081 35081 35081 35081 35081 35081 35081 35081 35081 35081 35081 35081 35081 35081 35081 35081 35081 35081 35081 35081 35081 35081 35081 35081 35081 35081 35081 27147 23248 18387 16970 12877 12877 6345 6345 3712 3712 2295 1901 1901 1901 1901 1901 1901 1901 1901 1044 998 837 818 737 708 701 632 437 431 389
Geracao 237: 35081 35081 35081 35081 35081 35081 35081 35081 35081 35081 35081 35081 35081 35081 35081 35081 35081 35081 35081 35081 35081 35081 35081 35081 35081 35081 35081 35081 35081 35081 35081 35081 35081 35081 35081 35081 35081 35081 35081 35081 35081 35081 35081 35081 35081 35081 35081 35081 35081 35081 35081 35081 35081 35081 35081 35081 35081 35081 35081 35081 35081 35081 35081 35081 35081 21463 20582 20368 17620 16848 14289 14287 12654 10884 10851 10046 6345 3895 3712 3712 2350 2026 1901 1901 1901 1901 1042 978 907 788 781 768 767 767 765 758 704 703 687 677
Geracao 238: 35081 35081 35081 35081 35081 35081 35081 35081 35081 35081 35081 35081 35081 35081 35081 35081 35081 35081 35081 35081 35081 35081 35081 35081 35081 35081 35081 35081 35081 35081 35081 35081 35081 35081 35081 35081 35081 35081 35081 35081 35081 35081 35081 35081 35081 35081 35081 35081 35081 35081 35081 35081 35081 35081 35081 35081 35081 35081 35081 35081 35081 35081 35081 35081 35081 35081 35081 35081 35081 35081 24449 15228 14255 6583 6345 5724 3712 3669 1901 1901 1901 1901 898 875 875 875 864 767 760 715 712 694 685 674 654 634 459 400 343 291
Geracao 239: 35081 35081 35081 35081 35081 35081 35081 35081 35081 35081 35081 35081 35081 35081 35081 35081 35081 35081 35081 35081 35081 35081 35081 35081 35081 35081 35081 35081 35081 35081 35081 35081 35081 35081 35081 35081 35081 35081 35081 35081 35081 35081 35081 35081 35081 35081 35081 35081 35081 35081 35081 35081 35081 35081 35081 35081 35081 35081 35081 25306 24034 17120 15454 15319 14307 13520 12464 12032 11208 10097 8951 8773 8305 7794 3712 3468 1901 1901 1901 1901 1901 1901 1901 1901 1901 1901 733 416 415 405 399 394 377 370 341 335 307 297 286 249
Geracao 240: 35081 35081 35081 35081 35081 35081 35081 35081 35081 35081 35081 35081 35081 35081 35081 35081 35081 35081 35081 35081 35081 35081 35081 35081 35081 35081 35081 35081 35081 35081 35081 35081 35081 35081 35081 35081 35081 35081 35081 35081 35081 35081 35081 35081 35081 35081 35081 35081 35081 35081 35081 35081 35081 35081 35081 35081 35081 35081 35081 33670 28948 23003 22229 21469 17790 17406 14829 14701 14347 12958 10098 10097 9337 7901 6723 6345 3712 3468 1901 1901 1901 1901 1901 1901 1901 1901 1901 1901 1901 1901 1901 1901 1901 1901 438 423 414 408 399 307
Geracao 241: 35081 35081 35081 35081 35081 35081 35081 35081 35081 35081 35081 35081 35081 35081 35081 35081 35081 35081 35081 35081 35081 35081 35081 35081 35081 35081 35081 35081 35081 35081 35081 35081 35081 35081 35081 35081 35081 35081 35081 35081 35081 35081 35081 35081 35081 35081 35081 35081 35081 35081 35081 35081 35081 35081 35081 35081 35081 35081 35081 35081 35081 35081 35081 35081 35081 35081 35081 35081 35081 15335 10097 8083 6930 6345 6345 6234 6200 3712 3712 1901 1901 1901 1901 1901 1901 1901 1901 1901 1901 1901 1901 1706 448 356 354 341 308 302 300 296
Geracao 242: 35081 35081 35081 35081 35081 35081 35081 35081 35081 35081 35081 35081 35081 35081 35081 35081 35081 35081 35081 35081 35081 35081 35081 35081 35081 35081 35081 35081 35081 35081 35081 35081 35081 35081 35081 35081 35081 35081 35081 35081 35081 35081 35081 35081 35081 35081 35081 35081 35081 35081 35081 35081 35081 35081 35081 35081 35081 35081 35081 16376 12447 10145 10097 10097 8810 8399 6345 6345 6345 6345 6345 3712 3468 3443 2657 1901 1901 1901 1901 1901 1901 1901 1901 1901 1901 1901 1901 1901 1901 1087 560 380 356 356 355 308 305 305 304 262
Geracao 243: 35081 35081 35081 35081 35081 35081 35081 35081 35081 35081 35081 35081 35081 35081 35081 35081 35081 35081 35081 35081 35081 35081 35081 35081 35081 35081 35081 35081 35081 35081 35081 35081 35081 35081 35081 35081 35081 35081 35081 35081 35081 35081 35081 35081 35081 35081 35081 35081 35081 35081 35081 35081 35081 35081 35081 35081 35081 35081 35081 35081 35081 35081 35081 35081 35081 35081 35081 35081 35081 35081 35081 35081 35081 35081 20961 20235 18050 17959 13222 11747 9565 3964 3712 3554 3468 3108 1901 1901 1901 1901 1901 1901 1621 353 334 329 306 305 280 247
Geracao 244: 35081 35081 35081 35081 35081 35081 35081 35081 35081 35081 35081 35081 35081 35081 35081 35081 35081 35081 35081 35081 35081 35081 35081 35081 35081 35081 35081 35081 35081 35081 35081 35081 35081 35081 35081 35081 35081 35081 35081 35081 35081 35081 35081 35081 35081 35081 35081 35081 35081 35081 35081 35081 35081 35081 35081 35081 35081 35081 35081 35081 35081 35081 35081 35081 35081 35081 35081 35081 35081 35081 35081 35081 35081 35081 35081 19497 16046 11724 11140 10909 8215 6345 5990 3712 3712 2118 1901 1901 1901 1901 1901 1901 1901 1901 476 471 304 302 293 236
Geracao 245: 35081 35081 35081 35081 35081 35081 35081 35081 35081 35081 35081 35081 35081 35081 35081 35081 35081 35081 35081 35081 35081 35081 35081 35081 35081 35081 35081 35081 35081 35081 35081 35081 35081 35081 35081 35081 35081 35081 35081 35081 35081 35081 35081 35081 35081 35081 35081 35081 35081 35081 35081 35081 35081 35081 35081 35081 35081 35081 35081 35081 19665 16619 13672 12118 11530 8038 7107 6474 6345 6345 6345 3712 3712 3712 3712 3665 1901 1901 1901 1901 1901 1901 1901 1901 569 563 563 563 508 450 446 380 354 343 321 321 303 302 250 234
Geracao 246: 35081 35081 35081 35081 35081 35081 35081 35081 35081 35081 35081 35081 35081 35081 35081 35081 35081 35081 35081 35081 35081 35081 35081 35081 35081 35081 35081 35081 35081 35081 35081 35081 35081 35081 35081 35081 35081 35081 35081 35081 35081 35081 35081 35081 35081 35081 35081 35081 35081 35081 35081 35081 35081 35081 35081 35081 35081 35081 35081 35081 35081 35081 35081 31402 17731 16456 13160 12481 11001 7090 6827 1901 1901 1901 1901 1901 1901 1901 1901 1901 1901 563 559 471 471 457 422 422 397 360 354 342 301 301 301 301 251 246 246 238
Geracao 247: 35081 35081 35081 35081 35081 35081 35081 35081 35081 35081 35081 35081 35081 35081 35081 35081 35081 35081 35081 35081 35081 35081 35081 35081 35081 35081 35081 35081 35081 35081 35081 35081 35081 35081 35081 35081 35081 35081 35081 35081 35081 35081 35081 35081 35081 35081 35081 35081 35081 35081 35081 35081 35081 35081 35081 35081 35081 35081 35081 35081 35081 35081 35081 35081 35081 35081 35081 35081 35081 35081 35081 32953 21929 18855 18748 17916 15743 11904 7107 6345 6345 6345 5557 4779 3712 1901 1901 1901 1901 1901 450 363 358 322 317 314 308 302 250 236
Geracao 248: 35081 35081 35081 35081 35081 35081 35081 35081 35081 35081 35081 35081 35081 35081 35081 35081 35081 35081 35081 35081 35081 35081 35081 35081 35081 35081 35081 35081 35081 35081 35081 35081 35081 35081 35081 35081 35081 35081 35081 35081 35081 35081 35081 35081 35081 35081 35081 35081 35081 35081 35081 35081 35081 35081 35081 35081 35081 35081 35081 35081 35081 35081 34090 19497 14695 13754 13272 10097 8569 6345 6345 3712 3712 3712 2244 2219 1901 1901 1901 1901 1901 1901 1901 1901 1901 1901 1901 1901 1901 1901 1901 1901 1721 1419 446 351 308 303 282 201
Geracao 249: 35081 35081 35081 35081 35081 35081 35081 35081 35081 35081 35081 35081 35081 35081 35081 35081 35081 35081 35081 35081 35081 35081 35081 35081 35081 35081 35081 35081 35081 35081 35081 35081 35081 35081 35081 35081 35081 35081 35081 35081 35081 35081 35081 35081 35081 35081 35081 35081 35081 35081 35081 35081 35081 35081 35081 35081 35081 35081 35081 35081 35081 35081 35081 35081 35081 35081 35081 35081 35081 35081 22985 19180 14695 10097 10097 2362 2033 1901 1901 1901 1901 1901 1901 1901 1901 1901 1901 1901 477 477 419 419 419 362 346 328 320 295 282 229
Geracao 250: 35081 35081 35081 35081 35081 35081 35081 35081 35081 35081 35081 35081 35081 35081 35081 35081 35081 35081 35081 35081 35081 35081 35081 35081 35081 35081 35081 35081 35081 35081 35081 35081 35081 35081 35081 35081 35081 35081 35081 35081 35081 35081 35081 35081 35081 35081 35081 35081 35081 35081 35081 35081 35081 35081 35081 35081 35081 35081 35081 35081 35081 35081 35081 35081 35081 35081 28421 20185 14695 14695 14695 12590 12026 10607 9003 8204 3712 3712 3712 1901 1901 1901 1901 1901 1901 1901 1901 1901 1084 448 428 387 377 353 334 322 282 253 253 243
Geracao 251: 35081 35081 35081 35081 35081 35081 35081 35081 35081 35081 35081 35081 35081 35081 35081 35081 35081 35081 35081 35081 35081 35081 35081 35081 35081 35081 35081 35081 35081 35081 35081 35081 35081 35081 35081 35081 35081 35081 35081 35081 35081 35081 35081 35081 35081 35081 35081 35081 35081 35081 35081 35081 35081 35081 35081 35081 35081 35081 35081 35081 35081 35081 35081 35081 35081 35081 35081 35081 35081 35081 35081 35081 35081 35081 35081 35081 35081 30362 21054 20185 11939 6345 5205 3712 3712 3531 1901 1901 1901 1901 1901 1901 479 393 387 342 315 278 253 244
Geracao 252: 35081 35081 35081 35081 35081 35081 35081 35081 35081 35081 35081 35081 35081 35081 35081 35081 35081 35081 35081 35081 35081 35081 35081 35081 35081 35081 35081 35081 35081 35081 35081 35081 35081 35081 35081 35081 35081 35081 35081 35081 35081 35081 35081 35081 35081 35081 35081 35081 35081 35081 35081 35081 35081 35081 35081 35081 35081 35081 35081 35081 35081 35081 35081 35081 35081 35081 35081 35081 35081 35081 21132 20884 18047 12887 12439 11348 10097 9775 6531 6345 6345 3712 3712 3712 2688 1901 1901 1901 1901 1901 1901 1901 621 448 391 376 272 271 270 245
Geracao 253: 35081 35081 35081 35081 35081 35081 35081 35081 35081 35081 35081 35081 35081 35081 35081 35081 35081 35081 35081 35081 35081 35081 35081 35081 35081 35081 35081 35081 35081 35081 35081 35081 35081 35081 35081 35081 35081 35081 35081 35081 35081 35081 35081 35081 35081 35081 35081 35081 35081 35081 35081 35081 35081 35081 35081 35081 35081 35081 35081 35081 35081 35081 35081 25167 22035 21267 18719 16515 13318 12172 11808 9435 9086 7881 7329 6159 5511 5411 3712 3712 2630 2389 1901 1901 1901 1901 1901 1250 398 357 319 296 290 284 276 275 271 232 232 232
Geracao 254: 35081 35081 35081 35081 35081 35081 35081 35081 35081 35081 35081 35081 35081 35081 35081 35081 35081 35081 35081 35081 35081 35081 35081 35081 35081 35081 35081 35081 35081 35081 35081 35081 35081 35081 35081 35081 35081 35081 35081 35081 35081 35081 35081 35081 35081 35081 35081 35081 35081 35081 35081 35081 35081 35081 35081 35081 35081 35081 35081 35081 35081 35081 35081 35081 35081 35081 35081 35081 35081 35081 35081 35081 35081 35081 35081 35081 35081 30478 19364 14695 13744 11126 10097 10097 8269 6606 6345 3712 1901 1901 1901 1901 1901 1901 413 395 266 246 241 232
Geracao 255: 35081 35081 35081 35081 35081 35081 35081 35081 35081 35081 35081 35081 35081 35081 35081 35081 35081 35081 35081 35081 35081 35081 35081 35081 35081 35081 35081 35081 35081 35081 35081 35081 35081 35081 35081 35081 35081 35081 35081 35081 35081 35081 35081 35081 35081 35081 35081 35081 35081 35081 35081 35081 35081 35081 35081 35081 35081 35081 35081 35081 35081 35081 35081 35081 35081 35081 35081 35081 35081 35081 20998 17971 17619 12847 7485 6345 6345 6345 3712 3712 1901 1901 1901 1901 1901 1901 1901 1901 1901 761 482 427 370 289 289 289 289 281 271 259
Geracao 256: 35081 35081 35081 35081 35081 35081 35081 35081 35081 35081 35081 35081 35081 35081 35081 35081 35081 35081 35081 35081 35081 35081 35081 35081 35081 35081 35081 35081 35081 35081 35081 35081 35081 35081 35081 35081 35081 35081 35081 35081 35081 35081 35081 35081 35081 35081 35081 35081 35081 35081 35081 35081 35081 35081 35081 35081 35081 35081 35081 35081 35081 35081 35081 35081 35081 35081 35081 35081 35081 35081 35081 19936 13448 13400 7089 6345 3065 1901 1901 1901 1901 1901 1901 1901 1901 1901 1084 456 396 287 280 278 273 272 272 266 266 266 252 252
Geracao 257: 35081 35081 35081 35081 35081 35081 35081 35081 35081 35081 35081 35081 35081 35081 35081 35081 35081 35081 35081 35081 35081 35081 35081 35081 35081 35081 35081 35081 35081 35081 35081 35081 35081 35081 35081 35081 35081 35081 35081 35081 35081 35081 35081 35081 35081 35081 35081 35081 35081 35081 35081 35081 35081 35081 35081 35081 35081 35081 35081 35081 35081 35081 35081 35081 35081 35081 35081 35081 35081 35081 35081 35081 35081 21390 11410 11225 9238 8635 8600 6529 6432 6231 3712 3712 3712 1901 1901 1901 1901 1901 342 330 323 318 275 266 259 237 236 208
Geracao 258: 35081 35081 35081 35081 35081 35081 35081 35081 35081 35081 35081 35081 35081 35081 35081 35081 35081 35081 35081 35081 35081 35081 35081 35081 35081 35081 35081 35081 35081 35081 35081 35081 35081 35081 35081 35081 35081 35081 35081 35081 35081 35081 35081 35081 35081 35081 35081 35081 35081 35081 35081 35081 35081 35081 35081 35081 35081 35081 35081 35081 35081 35081 35081 35081 23515 22085 19316 19036 16601 16529 13437 6955 6345 6345 5038 3712 1901 1901 1901 1901 1901 1901 1901 1901 1901 1901 1901 1901 1725 656 640 318 299 290 282 273 266 252 252 247
Geracao 259: 35081 35081 35081 35081 35081 35081 35081 35081 35081 35081 35081 35081 35081 35081 35081 35081 35081 35081 35081 35081 35081 35081 35081 35081 35081 35081 35081 35081 35081 35081 35081 35081 35081 35081 35081 35081 35081 35081 35081 35081 35081 35081 35081 35081 35081 35081 35081 35081 35081 35081 35081 35081 35081 35081 35081 35081 35081 35081 35081 35081 35081 35081 35081 35081 35081 35081 35081 35081 35081 35081 35081 25068 23764 22930 21477 19793 18020 16447 16402 14953 7570 6345 6345 6345 1901 1901 1901 1901 1901 1901 1901 351 323 313 267 254 252 244 199 191
Geracao 260: 35081 35081 35081 35081 35081 35081 35081 35081 35081 35081 35081 35081 35081 35081 35081 35081 35081 35081 35081 35081 35081 35081 35081 35081 35081 35081 35081 35081 35081 35081 35081 35081 35081 35081 35081 35081 35081 35081 35081 35081 35081 35081 35081 35081 35081 35081 35081 35081 35081 35081 35081 35081 35081 35081 35081 35081 35081 35081 35081 35081 35081 35081 21807 18464 18058 16442 14006 11761 11348 11222 8349 8280 8219 7435 6345 5741 5728 4365 4156 4080 3179 1901 1901 1901 1901 1901 1901 1901 1901 1901 1901 1084 584 427 411 371 354 354 284 265
Geracao 261: 35081 35081 35081 35081 35081 35081 35081 35081 35081 35081 35081 35081 35081 35081 35081 35081 35081 35081 35081 35081 35081 35081 35081 35081 35081 35081 35081 35081 35081 35081 35081 35081 35081 35081 35081 35081 35081 35081 35081 35081 35081 35081 35081 35081 35081 35081 35081 35081 35081 35081 35081 35081 35081 35081 35081 35081 35081 35081 35081 35081 35081 35081 35081 35081 35081 35081 35081 35081 35081 35081 35081 35081 18561 17514 11978 11894 7724 6698 6345 4336 3712 3712 2871 1901 1901 1901 1901 1901 1901 567 466 424 409 409 373 362 350 313 268 195
Geracao 262: 35081 35081 35081 35081 35081 35081 35081 35081 35081 35081 35081 35081 35081 35081 35081 35081 35081 35081 35081 35081 35081 35081 35081 35081 35081 35081 35081 35081 35081 35081 35081 35081 35081 35081 35081 35081 35081 35081 35081 35081 35081 35081 35081 35081 35081 35081 35081 35081 35081 35081 35081 35081 35081 35081 35081 35081 35081 35081 35081 35081 35081 35081 35081 35081 31107 22926 17206 16890 12912 8219 7466 7430 6816 6345 6345 6345 6345 3712 3712 3712 3662 2389 1901 1901 1901 1901 1901 1820 417 395 391 348 348 302 294 287 277 242 220 217
Geracao 263: 35081 35081 35081 35081 35081 35081 35081 35081 35081 35081 35081 35081 35081 35081 35081 35081 35081 35081 35081 35081 35081 35081 35081 35081 35081 35081 35081 35081 35081 35081 35081 35081 35081 35081 35081 35081 35081 35081 35081 35081 35081 35081 35081 35081 35081 35081 35081 35081 35081 35081 35081 35081 35081 35081 35081 35081 35081 35081 35081 35081 35081 35081 35081 35081 35081 35081 35081 35081 35081 35081 35081 35081 26199 16697 16678 14719 11101 9299 9078 9066 5067 4288 4192 3712 1901 1901 1901 1901 1901 524 501 449 440 367 299 299 298 298 275 265
Geracao 264: 35081 35081 35081 35081 35081 35081 35081 35081 35081 35081 35081 35081 35081 35081 35081 35081 35081 35081 35081 35081 35081 35081 35081 35081 35081 35081 35081 35081 35081 35081 35081 35081 35081 35081 35081 35081 35081 35081 35081 35081 35081 35081 35081 35081 35081 35081 35081 35081 35081 35081 35081 35081 35081 35081 35081 35081 35081 35081 35081 35081 35081 35081 35081 35081 35081 35081 35081 35081 35081 35081 35081 35081 35081 35081 35081 35081 35081 35081 35081 20083 10315 9508 9164 7589 5062 3712 1901 1901 1901 1901 1901 1901 1901 937 913 490 489 408 356 356
Geracao 265: 35081 35081 35081 35081 35081 35081 35081 35081 35081 35081 35081 35081 35081 35081 35081 35081 35081 35081 35081 35081 35081 35081 35081 35081 35081 35081 35081 35081 35081 35081 35081 35081 35081 35081 35081 35081 35081 35081 35081 35081 35081 35081 35081 35081 35081 35081 35081 35081 35081 35081 35081 35081 35081 35081 35081 35081 35081 35081 35081 35081 35081 35081 35081 35081 35081 35081 35081 35081 35081 35081 35081 35081 21450 19935 19028 16982 15848 8018 6345 3712 3712 3712 3712 3712 2688 1901 1901 1901 1901 1901 1901 609 480 452 451 451 296 227 205 205
Geracao 266: 35081 35081 35081 35081 35081 35081 35081 35081 35081 35081 35081 35081 35081 35081 35081 35081 35081 35081 35081 35081 35081 35081 35081 35081 35081 35081 35081 35081 35081 35081 35081 35081 35081 35081 35081 35081 35081 35081 35081 35081 35081 35081 35081 35081 35081 35081 35081 35081 35081 35081 35081 35081 35081 35081 35081 35081 35081 35081 35081 35081 35081 35081 35081 35081 35081 35081 35081 35081 35081 35081 18066 15718 15485 15155 13306 12370 6345 3712 3001 2688 1901 1901 1901 1901 1901 1901 1901 1901 610 576 429 427 363 329 312 312 307 248 248 235
Geracao 267: 35081 35081 35081 35081 35081 35081 35081 35081 35081 35081 35081 35081 35081 35081 35081 35081 35081 35081 35081 35081 35081 35081 35081 35081 35081 35081 35081 35081 35081 35081 35081 35081 35081 35081 35081 35081 35081 35081 35081 35081 35081 35081 35081 35081 35081 35081 35081 35081 35081 35081 35081 35081 35081 35081 35081 35081 35081 35081 35081 35081 35081 35081 35081 35081 35081 35081 35081 35081 35081 35081 35081 35081 35081 35081 35081 35081 19231 13951 12931 12177 7107 6452 5524 3712 3149 1901 1901 1901 1901 1901 1901 1901 1901 1721 455 360 359 350 279 218
Geracao 268: 35081 35081 35081 35081 35081 35081 35081 35081 35081 35081 35081 35081 35081 35081 35081 35081 35081 35081 35081 35081 35081 35081 35081 35081 35081 35081 35081 35081 35081 35081 35081 35081 35081 35081 35081 35081 35081 35081 35081 35081 35081 35081 35081 35081 35081 35081 35081 35081 35081 35081 35081 35081 35081 35081 35081 35081 35081 35081 35081 35081 35081 35081 35081 35081 35081 35081 35081 35081 35081 35081 35081 27109 16211 16072 13717 11374 10472 8924 7631 6345 5909 4495 3712 3129 2389 1901 1901 1901 1901 1901 1901 812 501 388 359 343 251 218 218 218
Geracao 269: 35081 35081 35081 35081 35081 35081 35081 35081 35081 35081 35081 35081 35081 35081 35081 35081 35081 35081 35081 35081 35081 35081 35081 35081 35081 35081 35081 35081 35081 35081 35081 35081 35081 35081 35081 35081 35081 35081 35081 35081 35081 35081 35081 35081 35081 35081 35081 35081 35081 35081 35081 35081 35081 35081 35081 35081 35081 35081 35081 35081 35081 35081 35081 35081 35081 35081 35081 35081 35081 35081 27565 20939 11925 10255 8219 7064 5479 4880 3712 3712 3712 3712 3678 1901 1901 1901 1901 1901 1901 1901 1901 707 508 415 370 340 246 227 218 218
Geracao 270: 35081 35081 35081 35081 35081 35081 35081 35081 35081 35081 35081 35081 35081 35081 35081 35081 35081 35081 35081 35081 35081 35081 35081 35081 35081 35081 35081 35081 35081 35081 35081 35081 35081 35081 35081 35081 35081 35081 35081 35081 35081 35081 35081 35081 35081 35081 35081 35081 35081 35081 35081 35081 35081 35081 35081 35081 35081 35081 35081 35081 35081 35081 35081 35081 35081 35081 35081 35081 35081 35081 35081 35081 19734 18796 10116 10097 9973 9449 9120 6345 5331 4631 3896 3712 2037 2037 1901 1901 1901 1901 1376 1136 382 273 235 233 230 219 209 206
Geracao 271: 35081 35081 35081 35081 35081 35081 35081 35081 35081 35081 35081 35081 35081 35081 35081 35081 35081 35081 35081 35081 35081 35081 35081 35081 35081 35081 35081 35081 35081 35081 35081 35081 35081 35081 35081 35081 35081 35081 35081 35081 35081 35081 35081 35081 35081 35081 35081 35081 35081 35081 35081 35081 35081 35081 35081 35081 35081 35081 35081 35081 35081 35081 35081 35081 35081 35081 35081 35081 35081 35081 21597 18287 10408 9942 9651 6159 6103 5332 4771 3712 1901 1901 1901 1901 1901 1901 1901 1901 1901 1901 860 406 344 335 291 285 285 277 233 233
Geracao 272: 35081 35081 35081 35081 35081 35081 35081 35081 35081 35081 35081 35081 35081 35081 35081 35081 35081 35081 35081 35081 35081 35081 35081 35081 35081 35081 35081 35081 35081 35081 35081 35081 35081 35081 35081 35081 35081 35081 35081 35081 35081 35081 35081 35081 35081 35081 35081 35081 35081 35081 35081 35081 35081 35081 35081 35081 35081 35081 35081 35081 35081 35081 35081 35081 35081 35081 35081 35081 35081 35081 35081 35081 22863 18276 10097 6476 6345 5117 3712 3406 1901 1901 1901 1901 1901 1901 1901 1901 1901 1901 856 688 515 492 383 339 274 271 257 257
Geracao 273: 35081 35081 35081 35081 35081 35081 35081 35081 35081 35081 35081 35081 35081 35081 35081 35081 35081 35081 35081 35081 35081 35081 35081 35081 35081 35081 35081 35081 35081 35081 35081 35081 35081 35081 35081 35081 35081 35081 35081 35081 35081 35081 35081 35081 35081 35081 35081 35081 35081 35081 35081 35081 35081 35081 35081 35081 35081 35081 35081 35081 35081 35081 35081 35081 35081 35081 35081 18082 17323 14703 14134 11164 9775 8720 6345 6345 5237 5190 5028 3712 3712 3248 1901 1901 1901 1901 1901 1901 1901 1901 580 520 508 489 461 363 351 307 274 201
Geracao 274: 35081 35081 35081 35081 35081 35081 35081 35081 35081 35081 35081 35081 35081 35081 35081 35081 35081 35081 35081 35081 35081 35081 35081 35081 35081 35081 35081 35081 35081 35081 35081 35081 35081 35081 35081 35081 35081 35081 35081 35081 35081 35081 35081 35081 35081 35081 35081 35081 35081 35081 35081 35081 35081 35081 35081 35081 35081 35081 35081 35081 35081 35081 35081 35081 35081 24829 18285 14170 13858 12474 11874 7490 6318 5508 4357 4261 4144 3712 3468 2553 2037 2037 1901 1901 1901 1901 1901 1901 925 820 697 639 532 527 435 334 331 323 264 261
Geracao 275: 35081 35081 35081 35081 35081 35081 35081 35081 35081 35081 35081 35081 35081 35081 35081 35081 35081 35081 35081 35081 35081 35081 35081 35081 35081 35081 35081 35081 35081 35081 35081 35081 35081 35081 35081 35081 35081 35081 35081 35081 35081 35081 35081 35081 35081 35081 35081 35081 35081 35081 35081 35081 35081 35081 35081 35081 35081 35081 35081 35081 35081 35081 35081 35081 35081 29456 19859 15943 12925 11197 10946 7530 6345 3820 3712 3712 3550 2674 2037 1901 1901 1901 1901 1901 1901 1901 939 755 729 567 557 493 465 438 417 341 339 262 261 261
Geracao 276: 35081 35081 35081 35081 35081 35081 35081 35081 35081 35081 35081 35081 35081 35081 35081 35081 35081 35081 35081 35081 35081 35081 35081 35081 35081 35081 35081 35081 35081 35081 35081 35081 35081 35081 35081 35081 35081 35081 35081 35081 35081 35081 35081 35081 35081 35081 35081 35081 35081 35081 35081 35081 35081 35081 35081 35081 35081 35081 35081 35081 35081 35081 35081 35081 35081 35081 35081 35081 35081 35081 35081 35081 34090 16412 12517 10097 9118 6647 6453 6345 5667 3712 3712 3712 3712 3712 3514 3320 1901 1901 1901 1901 1901 923 768 636 443 374 330 286
Geracao 277: 35081 35081 35081 35081 35081 35081 35081 35081 35081 35081 35081 35081 35081 35081 35081 35081 35081 35081 35081 35081 35081 35081 35081 35081 35081 35081 35081 35081 35081 35081 35081 35081 35081 35081 35081 35081 35081 35081 35081 35081 35081 35081 35081 35081 35081 35081 35081 35081 35081 35081 35081 35081 35081 35081 35081 35081 35081 35081 35081 35081 35081 35081 35081 35081 35081 35081 35081 35081 35081 19479 17655 15781 10097 10097 6345 5494 3712 3712 3712 3712 3364 2037 2037 1901 1901 1901 1901 1901 1901 1471 1057 1007 820 359 292 261 256 246 242 242
Geracao 278: 35081 35081 35081 35081 35081 35081 35081 35081 35081 35081 35081 35081 35081 35081 35081 35081 35081 35081 35081 35081 35081 35081 35081 35081 35081 35081 35081 35081 35081 35081 35081 35081 35081 35081 35081 35081 35081 35081 35081 35081 35081 35081 35081 35081 35081 35081 35081 35081 35081 35081 35081 35081 35081 35081 35081 35081 35081 35081 35081 35081 35081 35081 35081 35081 35081 35081 35081 35081 35081 35081 35081 35081 24555 18266 16667 15753 6345 6345 6345 3712 2688 2397 2129 1901 1901 1901 1901 1901 1901 1901 1901 1721 1279 1058 982 843 820 651 390 356
Geracao 279: 35081 35081 35081 35081 35081 35081 35081 35081 35081 35081 35081 35081 35081 35081 35081 35081 35081 35081 35081 35081 35081 35081 35081 35081 35081 35081 35081 35081 35081 35081 35081 35081 35081 35081 35081 35081 35081 35081 35081 35081 35081 35081 35081 35081 35081 35081 35081 35081 35081 35081 35081 35081 35081 35081 35081 35081 35081 35081 35081 35081 35081 35081 35081 35081 35081 35081 35081 35081 35081 19713 16038 15118 11657 8557 7901 5433 3150 3107 1937 1901 1901 1901 1901 1901 1901 1901 1177 1048 948 901 901 811 804 801 734 659 583 581 566 431
Geracao 280: 35081 35081 35081 35081 35081 35081 35081 35081 35081 35081 35081 35081 35081 35081 35081 35081 35081 35081 35081 35081 35081 35081 35081 35081 35081 35081 35081 35081 35081 35081 35081 35081 35081 35081 35081 35081 35081 35081 35081 35081 35081 35081 35081 35081 35081 35081 35081 35081 35081 35081 35081 35081 35081 35081 35081 35081 35081 35081 35081 35081 35081 35081 35081 35081 35081 35081 35081 35081 35081 20397 20185 19077 14038 13959 11648 10097 10097 10097 10097 6190 4364 3712 3712 2477 1901 1901 1901 1901 1700 909 909 583 508 345 337 331 306 251 251 244
Geracao 281: 35081 35081 35081 35081 35081 35081 35081 35081 35081 35081 35081 35081 35081 35081 35081 35081 35081 35081 35081 35081 35081 35081 35081 35081 35081 35081 35081 35081 35081 35081 35081 35081 35081 35081 35081 35081 35081 35081 35081 35081 35081 35081 35081 35081 35081 35081 35081 35081 35081 35081 35081 35081 35081 35081 35081 35081 35081 35081 35081 35081 35081 35081 22420 20366 19120 15033 14537 14175 12284 10641 8615 7439 6345 6168 5677 3712 3140 2037 1901 1901 1901 1901 1901 1901 1901 1901 1901 941 873 854 854 852 706 574 438 409 393 365 347 271
Geracao 282: 35081 35081 35081 35081 35081 35081 35081 35081 35081 35081 35081 35081 35081 35081 35081 35081 35081 35081 35081 35081 35081 35081 35081 35081 35081 35081 35081 35081 35081 35081 35081 35081 35081 35081 35081 35081 35081 35081 35081 35081 35081 35081 35081 35081 35081 35081 35081 35081 35081 35081 35081 35081 35081 35081 35081 35081 35081 35081 35081 35081 35081 35081 35081 35081 35081 35081 19922 14696 11118 9530 8432 6345 3712 3712 2972 1978 1901 1901 1901 1901 1901 1901 1901 1398 1210 1159 1092 1035 972 968 967 941 941 894 894 854 854 805 525 270
Geracao 283: 35081 35081 35081 35081 35081 35081 35081 35081 35081 35081 35081 35081 35081 35081 35081 35081 35081 35081 35081 35081 35081 35081 35081 35081 35081 35081 35081 35081 35081 35081 35081 35081 35081 35081 35081 35081 35081 35081 35081 35081 35081 35081 35081 35081 35081 35081 35081 35081 35081 35081 35081 35081 35081 35081 35081 35081 35081 35081 35081 35081 35081 35081 35081 35081 35081 35081 35081 35081 35081 35081 31403 11246 6345 6345 6345 6260 3712 3531 1949 1901 1901 1901 1901 1901 1901 1901 1901 1901 1901 1403 1161 950 950 894 863 847 767 449 420 337
Geracao 284: 35081 35081 35081 35081 35081 35081 35081 35081 35081 35081 35081 35081 35081 35081 35081 35081 35081 35081 35081 35081 35081 35081 35081 35081 35081 35081 35081 35081 35081 35081 35081 35081 35081 35081 35081 35081 35081 35081 35081 35081 35081 35081 35081 35081 35081 35081 35081 35081 35081 35081 35081 35081 35081 35081 35081 35081 35081 35081 35081 35081 35081 35081 35081 35081 35081 35081 35081 35081 35081 35081 35081 35081 35081 35081 35081 35081 27471 19638 19393 18066 7734 6345 3712 1901 1901 1901 1084 990 873 726 440 392 387 387 384 354 331 323 322 226
Geracao 285: 35081 35081 35081 35081 35081 35081 35081 35081 35081 35081 35081 35081 35081 35081 35081 35081 35081 35081 35081 35081 35081 35081 35081 35081 35081 35081 35081 35081 35081 35081 35081 35081 35081 35081 35081 35081 35081 35081 35081 35081 35081 35081 35081 35081 35081 35081 35081 35081 35081 35081 35081 35081 35081 35081 35081 35081 35081 35081 35081 35081 35081 35081 35081 29834 19701 16944 15605 13301 10097 10097 8646 6403 6345 5116 5054 4079 3712 2332 2301 1901 1901 1901 1901 1901 1901 1901 1901 1901 1901 1901 1901 1901 1650 873 524 447 365 291 251 218
Geracao 286: 35081 35081 35081 35081 35081 35081 35081 35081 35081 35081 35081 35081 35081 35081 35081 35081 35081 35081 35081 35081 35081 35081 35081 35081 35081 35081 35081 35081 35081 35081 35081 35081 35081 35081 35081 35081 35081 35081 35081 35081 35081 35081 35081 35081 35081 35081 35081 35081 35081 35081 35081 35081 35081 35081 35081 35081 35081 35081 35081 35081 35081 35081 35081 35081 35081 35081 35081 35081 35081 35081 35081 35081 35081 35081 35081 35081 17435 12575 11332 8455 8029 7115 6585 6345 6345 5099 4567 1901 1901 1901 1901 1901 1901 453 353 347 332 299 298 270
Geracao 287: 35081 35081 35081 35081 35081 35081 35081 35081 35081 35081 35081 35081 35081 35081 35081 35081 35081 35081 35081 35081 35081 35081 35081 35081 35081 35081 35081 35081 35081 35081 35081 35081 35081 35081 35081 35081 35081 35081 35081 35081 35081 35081 35081 35081 35081 35081 35081 35081 35081 35081 35081 35081 35081 35081 35081 35081 35081 35081 35081 35081 35081 35081 35081 35081 35081 35081 24798 24677 15857 14511 12891 10097 10097 10097 9926 9165 6345 6241 6011 5317 3712 3435 3321 1901 1901 1901 1901 453 376 363 356 353 347 344 344 338 335 333 327 295
Geracao 288: 35081 35081 35081 35081 35081 35081 35081 35081 35081 35081 35081 35081 35081 35081 35081 35081 35081 35081 35081 35081 35081 35081 35081 35081 35081 35081 35081 35081 35081 35081 35081 35081 35081 35081 35081 35081 35081 35081 35081 35081 35081 35081 35081 35081 35081 35081 35081 35081 35081 35081 35081 35081 35081 35081 35081 35081 35081 35081 35081 35081 24335 20337 18911 17313 16700 15666 15270 14672 10144 10097 10097 10097 9166 8303 7561 5143 3712 1901 1901 1901 1901 1901 1901 1901 1901 1721 1222 1156 1084 1084 990 743 515 515 515 515 500 249 238 238
Geracao 289: 35081 35081 35081 35081 35081 35081 35081 35081 35081 35081 35081 35081 35081 35081 35081 35081 35081 35081 35081 35081 35081 35081 35081 35081 35081 35081 35081 35081 35081 35081 35081 35081 35081 35081 35081 35081 35081 35081 35081 35081 35081 35081 35081 35081 35081 35081 35081 35081 35081 35081 35081 35081 35081 35081 35081 35081 35081 35081 35081 21875 18137 15966 15240 15048 12881 11348 7107 6345 5698 5201 3712 3712 3712 1901 1901 1901 1901 1901 1901 1901 1901 1901 1901 1901 529 415 383 361 350 336 313 301 295 294 285 280 278 274 270 249
Geracao 290: 35081 35081 35081 35081 35081 35081 35081 35081 35081 35081 35081 35081 35081 35081 35081 35081 35081 35081 35081 35081 35081 35081 35081 35081 35081 35081 35081 35081 35081 35081 35081 35081 35081 35081 35081 35081 35081 35081 35081 35081 35081 35081 35081 35081 35081 35081 35081 35081 35081 35081 35081 35081 35081 35081 35081 35081 35081 35081 35081 35081 35081 35081 35081 35081 35081 28421 20869 19411 11090 10097 8913 8192 6345 6345 6345 6345 6345 4328 3712 3712 3712 3712 3712 3506 2037 1901 1901 1901 1901 1901 1901 1901 1901 1901 1089 550 454 378 351 351
Geracao 291: 35081 35081 35081 35081 35081 35081 35081 35081 35081 35081 35081 35081 35081 35081 35081 35081 35081 35081 35081 35081 35081 35081 35081 35081 35081 35081 35081 35081 35081 35081 35081 35081 35081 35081 35081 35081 35081 35081 35081 35081 35081 35081 35081 35081 35081 35081 35081 35081 35081 35081 35081 35081 35081 35081 35081 35081 35081 35081 35081 35081 35081 35081 35081 35081 35081 35081 35081 21680 19806 10121 6345 5409 4774 3712 3712 3712 3712 3712 1901 1901 1901 1901 1901 1901 1901 1901 1901 1901 781 535 410 347 336 336 324 319 291 290 264 212
Geracao 292: 35081 35081 35081 35081 35081 35081 35081 35081 35081 35081 35081 35081 35081 35081 35081 35081 35081 35081 35081 35081 35081 35081 35081 35081 35081 35081 35081 35081 35081 35081 35081 35081 35081 35081 35081 35081 35081 35081 35081 35081 35081 35081 35081 35081 35081 35081 35081 35081 35081 35081 35081 35081 35081 35081 35081 35081 35081 35081 35081 35081 35081 35081 35081 35081 35081 35081 35081 35081 35081 18503 16443 15442 14875 14448 14231 13699 13591 11416 3712 3173 1901 1901 1901 1901 1901 1901 1901 1901 1901 1901 686 584 502 418 411 396 269 269 269 219
Geracao 293: 35081 35081 35081 35081 35081 35081 35081 35081 35081 35081 35081 35081 35081 35081 35081 35081 35081 35081 35081 35081 35081 35081 35081 35081 35081 35081 35081 35081 35081 35081 35081 35081 35081 35081 35081 35081 35081 35081 35081 35081 35081 35081 35081 35081 35081 35081 35081 35081 35081 35081 35081 35081 35081 35081 35081 35081 35081 35081 35081 35081 35081 35081 35081 35081 35081 35081 35081 35081 24418 21068 16755 13493 13269 7326 6744 6345 6345 6345 6345 5460 4081 3712 2937 1901 1901 1901 1901 1901 1901 862 480 467 418 370 364 280 265 255 218 218
Geracao 294: 35081 35081 35081 35081 35081 35081 35081 35081 35081 35081 35081 35081 35081 35081 35081 35081 35081 35081 35081 35081 35081 35081 35081 35081 35081 35081 35081 35081 35081 35081 35081 35081 35081 35081 35081 35081 35081 35081 35081 35081 35081 35081 35081 35081 35081 35081 35081 35081 35081 35081 35081 35081 35081 35081 35081 35081 35081 35081 35081 35081 35081 35081 35081 35081 35081 35081 35081 34090 19279 16029 12004 11479 11218 10097 6345 6345 3933 3712 3712 1901 1901 1901 1901 1901 1901 1901 1084 759 466 339 319 309 293 288 286 280 265 246 222 218
Geracao 295: 35081 35081 35081 35081 35081 35081 35081 35081 35081 35081 35081 35081 35081 35081 35081 35081 35081 35081 35081 35081 35081 35081 35081 35081 35081 35081 35081 35081 35081 35081 35081 35081 35081 35081 35081 35081 35081 35081 35081 35081 35081 35081 35081 35081 35081 35081 35081 35081 35081 35081 35081 35081 35081 35081 35081 35081 35081 35081 35081 35081 35081 35081 35081 35081 35081 35081 35081 35081 20076 18060 17030 12499 11348 10158 6345 6011 5645 3712 3712 1901 1901 1901 1901 1901 1901 1901 1901 1901 375 323 320 319 287 286 283 263 259 229 218 218
Geracao 296: 35081 35081 35081 35081 35081 35081 35081 35081 35081 35081 35081 35081 35081 35081 35081 35081 35081 35081 35081 35081 35081 35081 35081 35081 35081 35081 35081 35081 35081 35081 35081 35081 35081 35081 35081 35081 35081 35081 35081 35081 35081 35081 35081 35081 35081 35081 35081 35081 35081 35081 35081 35081 35081 35081 35081 35081 35081 35081 35081 35081 22469 20429 17684 17556 16460 16387 13272 11120 10097 10097 9715 9333 6345 3712 3560 2860 2688 1901 1901 1901 1901 1901 1901 1901 1901 1901 500 460 460 434 419 418 397 392 374 340 321 312 251 197
Geracao 297: 35081 35081 35081 35081 35081 35081 35081 35081 35081 35081 35081 35081 35081 35081 35081 35081 35081 35081 35081 35081 35081 35081 35081 35081 35081 35081 35081 35081 35081 35081 35081 35081 35081 35081 35081 35081 35081 35081 35081 35081 35081 35081 35081 35081 35081 35081 35081 35081 35081 35081 35081 35081 35081 35081 35081 35081 35081 35081 35081 35081 35081 35081 35081 35081 25782 16942 15165 10097 6345 6345 6345 6309 3942 3712 3334 3285 3072 2880 2688 1901 1901 1901 1901 1901 1901 1901 1901 862 862 642 382 382 382 374 353 353 346 268 212 212
Geracao 298: 35081 35081 35081 35081 35081 35081 35081 35081 35081 35081 35081 35081 35081 35081 35081 35081 35081 35081 35081 35081 35081 35081 35081 35081 35081 35081 35081 35081 35081 35081 35081 35081 35081 35081 35081 35081 35081 35081 35081 35081 35081 35081 35081 35081 35081 35081 35081 35081 35081 35081 35081 35081 35081 35081 35081 35081 35081 35081 35081 35081 35081 35081 35081 35081 35081 35081 35081 35081 35081 35081 22702 16622 14273 11916 10910 10097 10097 6345 6345 4869 2688 1901 1901 1901 1901 1901 1901 1084 550 550 397 374 322 319 316 316 316 309 289 246
Geracao 299: 35081 35081 35081 35081 35081 35081 35081 35081 35081 35081 35081 35081 35081 35081 35081 35081 35081 35081 35081 35081 35081 35081 35081 35081 35081 35081 35081 35081 35081 35081 35081 35081 35081 35081 35081 35081 35081 35081 35081 35081 35081 35081 35081 35081 35081 35081 35081 35081 35081 35081 35081 35081 35081 35081 35081 35081 35081 35081 35081 35081 35081 35081 35081 35081 35081 35081 26708 20930 20315 18301 18108 17955 17418 16372 9713 7307 3712 2688 1901 1901 1901 1901 1901 862 505 462 462 423 422 411 407 370 369 365 344 336 326 325 306 212
Geracao 300: 35081 35081 35081 35081 35081 35081 35081 35081 35081 35081 35081 35081 35081 35081 35081 35081 35081 35081 35081 35081 35081 35081 35081 35081 35081 35081 35081 35081 35081 35081 35081 35081 35081 35081 35081 35081 35081 35081 35081 35081 35081 35081 35081 35081 35081 35081 35081 35081 35081 35081 35081 35081 35081 35081 35081 35081 35081 35081 35081 35081 35081 35081 35081 25804 20320 19738 15256 10813 10302 10097 10097 9627 9502 6345 6345 6345 3712 3712 2688 2688 1901 1901 1901 1901 1901 1901 1892 862 673 575 475 462 460 420 393 383 383 316 303 195
Geracao 301: 35081 35081 35081 35081 35081 35081 35081 35081 35081 35081 35081 35081 35081 35081 35081 35081 35081 35081 35081 35081 35081 35081 35081 35081 35081 35081 35081 35081 35081 35081 35081 35081 35081 35081 35081 35081 35081 35081 35081 35081 35081 35081 35081 35081 35081 35081 35081 35081 35081 35081 35081 35081 35081 35081 35081 35081 35081 35081 35081 35081 35081 35081 35081 35081 35081 35081 35081 10097 7994 6345 6345 5586 2544 1901 1901 1901 1901 1901 1901 1901 1901 1901 1156 1084 1084 532 508 472 469 462 436 403 378 364 359 355 331 310 271 238
Geracao 302: 35081 35081 35081 35081 35081 35081 35081 35081 35081 35081 35081 35081 35081 35081 35081 35081 35081 35081 35081 35081 35081 35081 35081 35081 35081 35081 35081 35081 35081 35081 35081 35081 35081 35081 35081 35081 35081 35081 35081 35081 35081 35081 35081 35081 35081 35081 35081 35081 35081 35081 35081 35081 29499 20273 15388 13610 13176 10872 10097 9817 9168 8588 7901 6345 3712 3712 3712 3712 2688 2688 2688 2389 1901 1901 1901 1901 1901 1901 1084 779 647 587 582 534 509 495 491 483 444 387 372 368 364 360 345 311 311 292 264 250
Geracao 303: 35081 35081 35081 35081 35081 35081 35081 35081 35081 35081 35081 35081 35081 35081 35081 35081 35081 35081 35081 35081 35081 35081 35081 35081 35081 35081 35081 35081 35081 35081 35081 35081 35081 35081 35081 35081 35081 35081 35081 35081 35081 35081 35081 35081 35081 35081 35081 35081 35081 35081 35081 35081 35081 35081 26502 19391 19373 17106 14652 12096 12048 10097 9775 7107 6345 4750 3712 2688 2688 2688 1901 1901 1901 1901 1901 1901 1901 1901 1901 1084 744 559 521 513 511 461 455 444 432 413 379 364 358 355 306 264 264 264 205 192
Geracao 304: 35081 35081 35081 35081 35081 35081 35081 35081 35081 35081 35081 35081 35081 35081 35081 35081 35081 35081 35081 35081 35081 35081 35081 35081 35081 35081 35081 35081 35081 35081 35081 35081 35081 35081 35081 35081 35081 35081 35081 35081 35081 35081 35081 35081 35081 35081 35081 35081 35081 35081 35081 35081 35081 35081 35081 35081 35081 22992 20185 17075 16319 9607 9575 6345 6345 4948 3712 3712 3712 1901 1901 1901 1901 1901 1901 1901 1901 1901 1901 1901 1901 1901 1901 1633 697 620 594 488 458 440 396 389 388 388 388 385 372 340 295 264
Geracao 305: 35081 35081 35081 35081 35081 35081 35081 35081 35081 35081 35081 35081 35081 35081 35081 35081 35081 35081 35081 35081 35081 35081 35081 35081 35081 35081 35081 35081 35081 35081 35081 35081 35081 35081 35081 35081 35081 35081 35081 35081 35081 35081 35081 35081 35081 35081 35081 35081 35081 35081 35081 35081 35081 35081 35081 35081 35081 35081 35081 35081 35081 35081 35081 35081 35081 35081 20640 19247 16985 14622 10315 10097 6345 6345 6345 6345 3222 2975 2688 2594 1901 1901 1901 1901 1901 1901 1901 1901 882 682 647 419 382 362 340 335 322 300 265 264
Geracao 306: 35081 35081 35081 35081 35081 35081 35081 35081 35081 35081 35081 35081 35081 35081 35081 35081 35081 35081 35081 35081 35081 35081 35081 35081 35081 35081 35081 35081 35081 35081 35081 35081 35081 35081 35081 35081 35081 35081 35081 35081 35081 35081 35081 35081 35081 35081 35081 35081 35081 35081 35081 35081 35081 35081 35081 35081 35081 35081 35081 35081 35081 35081 35081 35081 35081 17465 16261 14281 9489 7107 6361 3712 1901 1901 1901 1901 1901 1901 1901 1901 1901 1901 1901 1089 416 412 360 358 332 325 309 306 301 285 283 283 283 283 205 205
Geracao 307: 35081 35081 35081 35081 35081 35081 35081 35081 35081 35081 35081 35081 35081 35081 35081 35081 35081 35081 35081 35081 35081 35081 35081 35081 35081 35081 35081 35081 35081 35081 35081 35081 35081 35081 35081 35081 35081 35081 35081 35081 35081 35081 35081 35081 35081 35081 35081 35081 35081 35081 35081 35081 35081 35081 35081 35081 35081 19760 16540 14458 9492 6345 6345 6123 4700 4167 4089 3963 3961 3712 3712 3712 3712 2649 2040 1901 1901 1901 1901 1901 1901 1419 1084 724 716 716 716 647 643 562 427 371 351 307 285 283 283 205 205 193
Geracao 308: 35081 35081 35081 35081 35081 35081 35081 35081 35081 35081 35081 35081 35081 35081 35081 35081 35081 35081 35081 35081 35081 35081 35081 35081 35081 35081 35081 35081 35081 35081 35081 35081 35081 35081 35081 35081 35081 35081 35081 35081 35081 35081 35081 35081 35081 35081 35081 35081 35081 35081 35081 35081 35081 35081 35081 35081 35081 35081 35081 35081 35081 35081 35081 35081 35081 35081 35081 35081 35081 35081 20088 14367 13692 13390 12671 12042 10097 7074 6345 6345 4292 3712 3712 3712 2688 1901 1901 1901 1901 1901 1635 720 716 647 460 407 406 386 257 255
Geracao 309: 35081 35081 35081 35081 35081 35081 35081 35081 35081 35081 35081 35081 35081 35081 35081 35081 35081 35081 35081 35081 35081 35081 35081 35081 35081 35081 35081 35081 35081 35081 35081 35081 35081 35081 35081 35081 35081 35081 35081 35081 35081 35081 35081 35081 35081 35081 35081 35081 35081 35081 35081 35081 35081 23660 21071 15949 12607 10396 7968 7689 6345 6345 6345 6172 4775 4155 3712 3712 3712 3712 3712 3226 2403 1901 1901 1901 1901 1901 1901 1901 1901 1901 1901 1901 1901 1901 1084 648 519 508 441 441 437 387 382 382 353 285 255 255
Geracao 310: 37999 35081 35081 35081 35081 35081 35081 35081 35081 35081 35081 35081 35081 35081 35081 35081 35081 35081 35081 35081 35081 35081 35081 35081 35081 35081 35081 35081 35081 35081 35081 35081 35081 35081 35081 35081 35081 35081 35081 35081 35081 35081 35081 35081 35081 35081 35081 35081 35081 35081 35081 35081 35081 35081 35081 35081 35081 35081 35081 35081 35081 35081 35081 35081 35081 35081 35081 35081 35081 21221 18576 16299 15262 13405 10739 9662 7302 6326 3712 2689 1901 1901 1901 1901 1901 1901 1901 1901 1721 698 608 592 575 575 562 451 436 402 288 257
Geracao 311: 37999 37999 37999 37999 37999 37999 37999 37999 37999 37999 37999 37999 37999 37999 37999 37999 37999 37999 37999 37999 37999 37999 37999 37999 37999 37999 37999 37999 37999 37999 37999 37999 37999 37999 37999 37999 37999 37999 37999 37999 37999 37999 37999 37999 37999 37999 37999 35081 35081 35081 35081 35081 35081 35081 35081 35081 35081 35081 35081 35081 35081 35081 35081 35081 35081 35081 35081 35081 35081 26477 24428 19759 19603 18655 9117 3963 3712 3712 3295 1901 1429 1084 785 647 626 626 626 626 626 536 499 495 447 413 384 362 326 269 260 251
Geracao 312: 37999 37999 37999 37999 37999 37999 37999 37999 37999 37999 37999 37999 37999 37999 37999 37999 37999 37999 37999 37999 37999 37999 37999 37999 37999 37999 37999 37999 37999 37999 37999 37999 37999 37999 37999 37999 37999 37999 37999 37999 37999 37999 37999 37999 37999 37999 37999 37999 37999 37999 37999 37999 37999 37999 37999 37999 37999 37999 37999 24582 21137 19302 14598 13265 11610 11187 9552 7015 6503 6019 4690 3952 3712 3712 3712 3712 2138 1848 1084 726 722 626 626 626 626 626 626 626 626 533 513 513 475 475 475 427 381 381 347 243
Geracao 313: 37999 37999 37999 37999 37999 37999 37999 37999 37999 37999 37999 37999 37999 37999 37999 37999 37999 37999 37999 37999 37999 37999 37999 37999 37999 37999 37999 37999 37999 37999 37999 37999 37999 37999 37999 37999 37999 37999 37999 37999 37999 37999 37999 37999 37999 37999 37999 37999 37999 37999 37999 37999 37999 37999 37999 37999 37999 37999 37999 37999 37999 37999 37999 37999 37999 37999 37999 37999 37999 20095 17310 16487 15962 13351 9431 8659 6503 6503 6199 3712 3712 1118 783 626 626 626 626 626 626 626 533 513 513 513 414 413 394 343 323 250
Geracao 314: 37999 37999 37999 37999 37999 37999 37999 37999 37999 37999 37999 37999 37999 37999 37999 37999 37999 37999 37999 37999 37999 37999 37999 37999 37999 37999 37999 37999 37999 37999 37999 37999 37999 37999 37999 37999 37999 37999 37999 37999 37999 37999 37999 37999 37999 37999 37999 37999 37999 37999 37999 37999 37999 37999 37999 37999 37999 37999 37999 37999 37999 37999 37999 27719 17198 14207 13783 11637 6503 6503 6284 5364 5355 5162 4112 3712 3712 2138 1101 941 640 626 626 626 626 626 626 626 626 591 496 489 489 453 452 446 437 393 373 362
Geracao 315: 37999 37999 37999 37999 37999 37999 37999 37999 37999 37999 37999 37999 37999 37999 37999 37999 37999 37999 37999 37999 37999 37999 37999 37999 37999 37999 37999 37999 37999 37999 37999 37999 37999 37999 37999 37999 37999 37999 37999 37999 37999 37999 37999 37999 37999 37999 37999 37999 37999 37999 37999 37999 37999 37999 37999 37999 37999 37999 37999 37999 37999 37999 37999 37999 37999 37999 37999 14442 14237 13537 13332 6503 6503 6503 3712 2698 2138 1101 1088 626 626 626 626 626 534 515 515 515 506 506 506 506 506 488 455 384 327 315 305 284
Geracao 316: 37999 37999 37999 37999 37999 37999 37999 37999 37999 37999 37999 37999 37999 37999 37999 37999 37999 37999 37999 37999 37999 37999 37999 37999 37999 37999 37999 37999 37999 37999 37999 37999 37999 37999 37999 37999 37999 37999 37999 37999 37999 37999 37999 37999 37999 37999 37999 37999 37999 37999 37999 37999 37999 37999 37999 37999 37999 37999 37999 37999 37999 37999 37999 37999 23424 21987 20461 20385 14166 13051 10529 10209 9470 6970 6793 6718 6503 6503 6503 6284 6284 6005 3784 3138 1168 1084 626 626 626 626 626 460 439 397 371 365 327 312 293 238
Geracao 317: 37999 37999 37999 37999 37999 37999 37999 37999 37999 37999 37999 37999 37999 37999 37999 37999 37999 37999 37999 37999 37999 37999 37999 37999 37999 37999 37999 37999 37999 37999 37999 37999 37999 37999 37999 37999 37999 37999 37999 37999 37999 37999 37999 37999 37999 37999 37999 37999 37999 37999 37999 37999 37999 37999 37999 37999 37999 37999 37999 37999 37999 37999 37999 22067 18163 16549 16096 15142 12959 6503 6503 6503 3712 2837 1199 1079 626 626 626 626 626 626 626 626 626 626 626 626 555 488 469 428 428 374 363 357 334 334 309 295
Geracao 318: 37999 37999 37999 37999 37999 37999 37999 37999 37999 37999 37999 37999 37999 37999 37999 37999 37999 37999 37999 37999 37999 37999 37999 37999 37999 37999 37999 37999 37999 37999 37999 37999 37999 37999 37999 37999 37999 37999 37999 37999 37999 37999 37999 37999 37999 37999 37999 37999 37999 37999 37999 37999 37999 37999 37999 37999 37999 37999 37999 37999 37999 16919 14269 13265 10717 6503 6503 6503 6062 4134 3712 3712 3712 3712 3341 2234 652 626 626 626 626 626 626 626 626 626 626 626 591 483 460 458 444 425 417 412 379 345 336 309
Geracao 319: 37999 37999 37999 37999 37999 37999 37999 37999 37999 37999 37999 37999 37999 37999 37999 37999 37999 37999 37999 37999 37999 37999 37999 37999 37999 37999 37999 37999 37999 37999 37999 37999 37999 37999 37999 37999 37999 37999 37999 37999 37999 37999 37999 37999 37999 37999 37999 37999 37999 37999 37999 37999 37999 37999 37999 37999 37999 37999 37999 37999 37999 37999 37999 37999 37999 11611 9907 9264 6503 6503 6503 6503 6503 6503 3712 3712 3712 3281 650 650 626 626 626 626 626 626 626 626 626 626 626 514 476 465 460 460 460 458 437 405
Geracao 320: 37999 37999 37999 37999 37999 37999 37999 37999 37999 37999 37999 37999 37999 37999 37999 37999 37999 37999 37999 37999 37999 37999 37999 37999 37999 37999 37999 37999 37999 37999 37999 37999 37999 37999 37999 37999 37999 37999 37999 37999 37999 37999 37999 37999 37999 37999 37999 37999 37999 37999 37999 37999 37999 37999 37999 37999 37999 37999 37999 37999 37999 37999 37999 37999 37999 37999 37999 37999 37999 25697 21210 16000 15224 13657 9678 8023 7110 6503 6284 3712 626 626 626 626 626 626 615 566 477 460 443 437 437 437 433 412 386 374 345 334
Geracao 321: 37999 37999 37999 37999 37999 37999 37999 37999 37999 37999 37999 37999 37999 37999 37999 37999 37999 37999 37999 37999 37999 37999 37999 37999 37999 37999 37999 37999 37999 37999 37999 37999 37999 37999 37999 37999 37999 37999 37999 37999 37999 37999 37999 37999 37999 37999 37999 37999 37999 37999 37999 37999 37999 37999 37999 37999 37999 37999 37999 37999 15635 15404 15291 15240 14016 13051 12698 10248 10130 8131 7916 6503 6503 6503 6503 4372 3712 3712 3712 2138 795 774 626 626 626 626 626 626 626 626 530 488 469 427 405 399 374 371 327 322
Geracao 322: 37999 37999 37999 37999 37999 37999 37999 37999 37999 37999 37999 37999 37999 37999 37999 37999 37999 37999 37999 37999 37999 37999 37999 37999 37999 37999 37999 37999 37999 37999 37999 37999 37999 37999 37999 37999 37999 37999 37999 37999 37999 37999 37999 37999 37999 37999 37999 37999 37999 37999 37999 37999 37999 37999 37999 37999 37999 37999 37999 37999 37999 37999 37999 37999 37999 17914 13856 12057 8532 8523 7455 7439 6951 6503 6503 4747 3712 3712 3712 3455 1456 756 692 626 626 626 626 626 626 626 626 604 545 484 377 377 372 335 286 216
Geracao 323: 37999 37999 37999 37999 37999 37999 37999 37999 37999 37999 37999 37999 37999 37999 37999 37999 37999 37999 37999 37999 37999 37999 37999 37999 37999 37999 37999 37999 37999 37999 37999 37999 37999 37999 37999 37999 37999 37999 37999 37999 37999 37999 37999 37999 37999 37999 37999 37999 37999 37999 37999 37999 37999 37999 37999 37999 37999 37999 37999 37999 37999 37999 37999 30105 25476 17836 13663 11438 10346 6923 6284 4836 1088 1084 767 653 631 626 626 626 626 626 626 626 626 626 626 626 561 524 430 413 376 365 360 360 359 324 316 316
Geracao 324: 37999 37999 37999 37999 37999 37999 37999 37999 37999 37999 37999 37999 37999 37999 37999 37999 37999 37999 37999 37999 37999 37999 37999 37999 37999 37999 37999 37999 37999 37999 37999 37999 37999 37999 37999 37999 37999 37999 37999 37999 37999 37999 37999 37999 37999 37999 37999 37999 37999 37999 37999 37999 37999 37999 37999 37999 37999 37999 37999 37999 37999 37999 37999 37999 37999 37999 37999 37999 37999 37999 37999 37999 37999 25697 22549 21261 17623 9044 9017 6503 6284 6227 5203 3744 1084 813 631 626 626 626 626 626 626 581 534 492 421 415 360 352
Geracao 325: 37999 37999 37999 37999 37999 37999 37999 37999 37999 37999 37999 37999 37999 37999 37999 37999 37999 37999 37999 37999 37999 37999 37999 37999 37999 37999 37999 37999 37999 37999 37999 37999 37999 37999 37999 37999 37999 37999 37999 37999 37999 37999 37999 37999 37999 37999 37999 37999 37999 37999 37999 37999 37999 37999 37999 37999 37999 37999 37999 37999 37999 37999 37999 37999 37999 37999 37999 37999 37999 16919 16361 8917 7310 6503 5535 5327 3712 664 626 626 626 626 626 626 626 626 465 439 436 418 414 414 402 382 349 346 329 320 307 217
Geracao 326: 37999 37999 37999 37999 37999 37999 37999 37999 37999 37999 37999 37999 37999 37999 37999 37999 37999 37999 37999 37999 37999 37999 37999 37999 37999 37999 37999 37999 37999 37999 37999 37999 37999 37999 37999 37999 37999 37999 37999 37999 37999 37999 37999 37999 37999 37999 37999 37999 37999 37999 37999 37999 37999 37999 37999 37999 37999 37999 37999 37999 37999 37999 37999 37999 37999 19203 7843 7795 6503 6172 3999 3748 3712 3712 3712 726 626 626 626 626 626 626 626 626 626 626 626 589 580 481 463 448 438 385 371 337 316 303 294 288
Geracao 327: 37999 37999 37999 37999 37999 37999 37999 37999 37999 37999 37999 37999 37999 37999 37999 37999 37999 37999 37999 37999 37999 37999 37999 37999 37999 37999 37999 37999 37999 37999 37999 37999 37999 37999 37999 37999 37999 37999 37999 37999 37999 37999 37999 37999 37999 37999 37999 37999 37999 37999 37999 37999 37999 37999 37999 37999 37999 37999 37999 37999 37999 37999 37999 37999 37999 37999 37999 37999 37999 20245 17235 17048 15486 12423 10827 5656 4639 3712 3712 2968 1084 626 626 626 496 467 453 414 397 395 380 380 380 380 365 358 271 258 217 217
Geracao 328: 37999 37999 37999 37999 37999 37999 37999 37999 37999 37999 37999 37999 37999 37999 37999 37999 37999 37999 37999 37999 37999 37999 37999 37999 37999 37999 37999 37999 37999 37999 37999 37999 37999 37999 37999 37999 37999 37999 37999 37999 37999 37999 37999 37999 37999 37999 37999 37999 37999 37999 37999 37999 37999 37999 37999 37999 37999 37999 37999 37999 37999 27377 23846 17870 17559 15060 14813 13719 11894 9551 5552 4673 3712 3712 1997 1896 1354 795 726 626 626 626 626 626 626 626 626 626 590 485 476 475 408 387 367 367 357 343 321 240
Geracao 329: 37999 37999 37999 37999 37999 37999 37999 37999 37999 37999 37999 37999 37999 37999 37999 37999 37999 37999 37999 37999 37999 37999 37999 37999 37999 37999 37999 37999 37999 37999 37999 37999 37999 37999 37999 37999 37999 37999 37999 37999 37999 37999 37999 37999 37999 37999 37999 37999 37999 37999 37999 37999 37999 37999 37999 37999 37999 37999 37999 37999 37999 37999 37999 37999 37999 37999 37999 19488 13051 12552 9097 7017 3712 3712 3712 3709 2637 2564 690 690 690 672 626 626 626 626 626 626 626 626 616 408 402 363 357 354 343 343 343 296
Geracao 330: 37999 37999 37999 37999 37999 37999 37999 37999 37999 37999 37999 37999 37999 37999 37999 37999 37999 37999 37999 37999 37999 37999 37999 37999 37999 37999 37999 37999 37999 37999 37999 37999 37999 37999 37999 37999 37999 37999 37999 37999 37999 37999 37999 37999 37999 37999 37999 37999 37999 37999 37999 37999 37999 37999 37999 37999 37999 37999 37999 37999 37999 37999 37999 37999 37999 37999 37999 37999 37999 37999 37999 37999 25697 24966 19937 10096 8948 8503 6503 3712 3712 1403 626 626 626 626 626 626 626 626 626 598 586 481 447 401 372 360 329 308
Geracao 331: 37999 37999 37999 37999 37999 37999 37999 37999 37999 37999 37999 37999 37999 37999 37999 37999 37999 37999 37999 37999 37999 37999 37999 37999 37999 37999 37999 37999 37999 37999 37999 37999 37999 37999 37999 37999 37999 37999 37999 37999 37999 37999 37999 37999 37999 37999 37999 37999 37999 37999 37999 37999 37999 37999 37999 37999 37999 37999 37999 37999 37999 37999 37999 37999 37999 37999 37999 37999 37999 37999 37999 19762 16907 7252 6503 6503 6284 5318 4699 4584 3712 3712 3454 671 671 626 626 626 626 626 626 626 601 447 441 426 301 243 241 230
Geracao 332: 37999 37999 37999 37999 37999 37999 37999 37999 37999 37999 37999 37999 37999 37999 37999 37999 37999 37999 37999 37999 37999 37999 37999 37999 37999 37999 37999 37999 37999 37999 37999 37999 37999 37999 37999 37999 37999 37999 37999 37999 37999 37999 37999 37999 37999 37999 37999 37999 37999 37999 37999 37999 37999 37999 37999 37999 37999 37999 37999 37999 37999 37999 25913 20082 15613 13382 13051 10194 8833 6503 6503 4857 3712 3712 3712 3712 3712 2295 2138 2026 721 671 671 626 626 626 626 626 626 447 436 408 404 404 366 337 296 296 266 266
Geracao 333: 37999 37999 37999 37999 37999 37999 37999 37999 37999 37999 37999 37999 37999 37999 37999 37999 37999 37999 37999 37999 37999 37999 37999 37999 37999 37999 37999 37999 37999 37999 37999 37999 37999 37999 37999 37999 37999 37999 37999 37999 37999 37999 37999 37999 37999 37999 37999 37999 37999 37999 37999 37999 37999 37999 37999 37999 37999 37999 37999 24306 18757 17545 15122 14455 13016 10923 9367 9184 8934 8615 6284 6284 6284 5655 5605 3712 3712 3576 2138 626 626 626 626 626 626 626 626 527 474 428 421 415 395 375 371 363 359 330 300 265
Geracao 334: 37999 37999 37999 37999 37999 37999 37999 37999 37999 37999 37999 37999 37999 37999 37999 37999 37999 37999 37999 37999 37999 37999 37999 37999 37999 37999 37999 37999 37999 37999 37999 37999 37999 37999 37999 37999 37999 37999 37999 37999 37999 37999 37999 37999 37999 37999 37999 37999 37999 37999 37999 37999 37999 37999 37999 37999 37999 37999 37999 37999 37999 37999 37999 37999 37999 37999 37999 37999 37999 19326 18659 15161 14785 6503 6503 5127 3712 3712 3712 1084 719 626 626 626 626 626 626 602 551 525 494 449 441 440 428 397 395 395 367 261
Geracao 335: 37999 37999 37999 37999 37999 37999 37999 37999 37999 37999 37999 37999 37999 37999 37999 37999 37999 37999 37999 37999 37999 37999 37999 37999 37999 37999 37999 37999 37999 37999 37999 37999 37999 37999 37999 37999 37999 37999 37999 37999 37999 37999 37999 37999 37999 37999 37999 37999 37999 37999 37999 37999 37999 37999 37999 37999 37999 37999 37999 37999 37999 37999 37999 37999 37999 37999 37999 37999 37999 37999 37999 37999 14927 14389 6503 6503 6503 6284 4370 3712 3712 1536 1462 626 626 626 626 626 626 626 509 485 459 442 395 365 364 332 312 261
Geracao 336: 37999 37999 37999 37999 37999 37999 37999 37999 37999 37999 37999 37999 37999 37999 37999 37999 37999 37999 37999 37999 37999 37999 37999 37999 37999 37999 37999 37999 37999 37999 37999 37999 37999 37999 37999 37999 37999 37999 37999 37999 37999 37999 37999 37999 37999 37999 37999 37999 37999 37999 37999 37999 37999 37999 37999 37999 37999 37999 37999 37999 37999 37999 37999 37999 37999 37999 37999 37999 27084 19682 15911 14813 14044 13760 13680 13622 13065 12241 6503 6503 6503 6284 5892 3712 3712 3643 626 626 626 626 626 432 395 377 365 330 330 273 261 261
Geracao 337: 37999 37999 37999 37999 37999 37999 37999 37999 37999 37999 37999 37999 37999 37999 37999 37999 37999 37999 37999 37999 37999 37999 37999 37999 37999 37999 37999 37999 37999 37999 37999 37999 37999 37999 37999 37999 37999 37999 37999 37999 37999 37999 37999 37999 37999 37999 37999 37999 37999 37999 37999 37999 37999 37999 37999 37999 37999 37999 37999 37999 37999 37999 37999 37999 37999 37999 37999 37999 37999 24325 19857 17535 15076 13220 6503 6503 6249 5342 5027 3712 3712 2414 1167 638 626 626 626 626 626 626 626 626 442 386 384 364 330 297 269 251
Geracao 338: 37999 37999 37999 37999 37999 37999 37999 37999 37999 37999 37999 37999 37999 37999 37999 37999 37999 37999 37999 37999 37999 37999 37999 37999 37999 37999 37999 37999 37999 37999 37999 37999 37999 37999 37999 37999 37999 37999 37999 37999 37999 37999 37999 37999 37999 37999 37999 37999 37999 37999 37999 37999 37999 37999 37999 37999 37999 37999 37999 37999 37999 37999 27170 25913 16525 15354 10163 8701 7409 6503 6503 6503 6268 6222 3712 3712 3712 3712 3387 2340 1834 1084 626 626 626 626 626 445 379 365 359 333 330 328 321 298 279 271 265 257
Geracao 339: 37999 37999 37999 37999 37999 37999 37999 37999 37999 37999 37999 37999 37999 37999 37999 37999 37999 37999 37999 37999 37999 37999 37999 37999 37999 37999 37999 37999 37999 37999 37999 37999 37999 37999 37999 37999 37999 37999 37999 37999 37999 37999 37999 37999 37999 37999 37999 37999 37999 37999 37999 37999 37999 37999 37999 37999 37999 37999 37999 37999 37999 37999 37999 37999 37999 37999 37999 37999 37999 25697 16407 13312 11939 9560 8821 6503 3712 3712 2245 626 626 626 626 626 626 626 474 447 386 367 354 334 330 328 325 298 295 267 259 246
Geracao 340: 37999 37999 37999 37999 37999 37999 37999 37999 37999 37999 37999 37999 37999 37999 37999 37999 37999 37999 37999 37999 37999 37999 37999 37999 37999 37999 37999 37999 37999 37999 37999 37999 37999 37999 37999 37999 37999 37999 37999 37999 37999 37999 37999 37999 37999 37999 37999 37999 37999 37999 37999 37999 37999 37999 37999 37999 37999 37999 37999 37999 37999 37999 37999 37999 37999 37999 37999 18454 15022 8953 6640 6503 6503 6284 3712 3712 3712 3643 2865 2812 1569 626 626 626 626 626 626 626 433 385 368 368 368 328 328 328 328 326 325 323
Geracao 341: 37999 37999 37999 37999 37999 37999 37999 37999 37999 37999 37999 37999 37999 37999 37999 37999 37999 37999 37999 37999 37999 37999 37999 37999 37999 37999 37999 37999 37999 37999 37999 37999 37999 37999 37999 37999 37999 37999 37999 37999 37999 37999 37999 37999 37999 37999 37999 37999 37999 37999 37999 37999 37999 37999 37999 37999 37999 37999 37999 37999 37999 37999 37999 37999 37999 37999 37999 17970 16437 16323 14995 10920 6284 3712 3712 3712 3712 2270 1084 786 626 626 626 626 626 626 626 626 626 626 552 552 465 414 376 356 337 329 298 296
Geracao 342: 37999 37999 37999 37999 37999 37999 37999 37999 37999 37999 37999 37999 37999 37999 37999 37999 37999 37999 37999 37999 37999 37999 37999 37999 37999 37999 37999 37999 37999 37999 37999 37999 37999 37999 37999 37999 37999 37999 37999 37999 37999 37999 37999 37999 37999 37999 37999 37999 37999 37999 37999 37999 37999 37999 37999 37999 37999 37999 37999 37999 37999 37999 37999 37999 37999 37999 37999 37999 37999 22784 15987 14466 9494 5423 2226 1627 626 626 626 626 626 626 555 532 504 439 438 432 421 411 409 383 373 373 357 338 325 309 304 286
Geracao 343: 37999 37999 37999 37999 37999 37999 37999 37999 37999 37999 37999 37999 37999 37999 37999 37999 37999 37999 37999 37999 37999 37999 37999 37999 37999 37999 37999 37999 37999 37999 37999 37999 37999 37999 37999 37999 37999 37999 37999 37999 37999 37999 37999 37999 37999 37999 37999 37999 37999 37999 37999 37999 37999 37999 37999 37999 37999 37999 37999 37999 37999 37999 37999 37999 37999 37999 37999 37999 37999 37999 37999 37999 37999 37999 24056 23140 21730 19659 19032 14868 14591 12798 11155 7496 6503 1084 626 626 626 626 626 432 401 398 365 363 353 339 268 243
Geracao 344: 37999 37999 37999 37999 37999 37999 37999 37999 37999 37999 37999 37999 37999 37999 37999 37999 37999 37999 37999 37999 37999 37999 37999 37999 37999 37999 37999 37999 37999 37999 37999 37999 37999 37999 37999 37999 37999 37999 37999 37999 37999 37999 37999 37999 37999 37999 37999 37999 37999 37999 37999 37999 37999 37999 37999 37999 37999 37999 37999 37999 37999 37999 37999 19032 17849 17756 13554 11759 6769 6592 6503 6503 4477 3712 3712 3251 1071 626 626 626 626 626 626 626 626 626 626 626 626 515 462 462 455 364 363 326 326 284 277 267
Geracao 345: 37999 37999 37999 37999 37999 37999 37999 37999 37999 37999 37999 37999 37999 37999 37999 37999 37999 37999 37999 37999 37999 37999 37999 37999 37999 37999 37999 37999 37999 37999 37999 37999 37999 37999 37999 37999 37999 37999 37999 37999 37999 37999 37999 37999 37999 37999 37999 37999 37999 37999 37999 37999 37999 37999 37999 37999 37999 37999 37999 37999 37999 37999 37999 37999 37999 37999 37999 37999 37999 37999 37999 37999 37999 37999 37999 37999 37999 19032 17312 16949 13188 8101 6190 4844 3712 2637 2177 626 626 626 626 626 626 626 391 318 272 271 271 271
Geracao 346: 37999 37999 37999 37999 37999 37999 37999 37999 37999 37999 37999 37999 37999 37999 37999 37999 37999 37999 37999 37999 37999 37999 37999 37999 37999 37999 37999 37999 37999 37999 37999 37999 37999 37999 37999 37999 37999 37999 37999 37999 37999 37999 37999 37999 37999 37999 37999 37999 37999 37999 37999 37999 37999 37999 37999 37999 21202 19823 19677 17310 17076 16075 14690 14002 13415 13051 10761 9413 6503 6503 6503 5134 3712 1085 824 626 626 626 626 626 626 626 626 626 626 626 435 396 373 339 337 324 322 322 319 289 271 268 268 260
Geracao 347: 37999 37999 37999 37999 37999 37999 37999 37999 37999 37999 37999 37999 37999 37999 37999 37999 37999 37999 37999 37999 37999 37999 37999 37999 37999 37999 37999 37999 37999 37999 37999 37999 37999 37999 37999 37999 37999 37999 37999 37999 37999 37999 37999 37999 37999 37999 37999 37999 37999 37999 37999 37999 37999 37999 37999 37999 37999 37999 37999 37999 37999 37999 37999 37999 37999 37999 37999 37999 37999 37999 37999 22064 17900 16099 13051 10340 7636 6503 4926 3712 3712 3712 2948 1084 1084 626 626 626 626 626 626 414 391 365 358 322 296 281 268 253
Geracao 348: 37999 37999 37999 37999 37999 37999 37999 37999 37999 37999 37999 37999 37999 37999 37999 37999 37999 37999 37999 37999 37999 37999 37999 37999 37999 37999 37999 37999 37999 37999 37999 37999 37999 37999 37999 37999 37999 37999 37999 37999 37999 37999 37999 37999 37999 37999 37999 37999 37999 37999 37999 37999 37999 37999 37999 37999 37999 37999 37999 37999 37999 37999 37999 37999 37999 37999 37999 37999 37999 37999 37999 37999 37999 37999 37999 37999 37999 37999 24550 22062 19032 19032 12710 6503 4152 3712 3712 1975 687 626 626 626 626 626 466 367 333 333 323 295
Geracao 349: 37999 37999 37999 37999 37999 37999 37999 37999 37999 37999 37999 37999 37999 37999 37999 37999 37999 37999 37999 37999 37999 37999 37999 37999 37999 37999 37999 37999 37999 37999 37999 37999 37999 37999 37999 37999 37999 37999 37999 37999 37999 37999 37999 37999 37999 37999 37999 37999 37999 37999 37999 37999 37999 37999 37999 37999 37999 37999 37999 37999 37999 37999 37999 37999 37999 37999 37999 37999 37999 37999 37999 37999 37999 37999 37999 37999 37999 20699 14489 14161 14062 9474 8164 6503 6503 4565 626 626 626 626 470 458 443 440 435 429 363 324 293 250
Geracao 350: 37999 37999 37999 37999 37999 37999 37999 37999 37999 37999 37999 37999 37999 37999 37999 37999 37999 37999 37999 37999 37999 37999 37999 37999 37999 37999 37999 37999 37999 37999 37999 37999 37999 37999 37999 37999 37999 37999 37999 37999 37999 37999 37999 37999 37999 37999 37999 37999 37999 37999 37999 37999 37999 37999 37999 37999 37999 37999 37999 37999 37999 37999 37999 37999 22070 19267 13722 8803 6503 6503 3712 3712 3646 626 626 626 626 626 626 626 626 626 626 626 620 446 444 407 398 394 383 380 369 331 329 323 319 314 312 300
Geracao 351: 37999 37999 37999 37999 37999 37999 37999 37999 37999 37999 37999 37999 37999 37999 37999 37999 37999 37999 37999 37999 37999 37999 37999 37999 37999 37999 37999 37999 37999 37999 37999 37999 37999 37999 37999 37999 37999 37999 37999 37999 37999 37999 37999 37999 37999 37999 37999 37999 37999 37999 37999 37999 37999 37999 37999 37999 37999 37999 37999 37999 37999 37999 37999 37999 37999 37999 37999 37999 37999 37999 37999 37999 37999 18869 9001 6503 6079 3712 1206 626 626 626 626 626 626 626 626 626 461 429 383 363 356 352 351 340 336 324 324 311
Geracao 352: 37999 37999 37999 37999 37999 37999 37999 37999 37999 37999 37999 37999 37999 37999 37999 37999 37999 37999 37999 37999 37999 37999 37999 37999 37999 37999 37999 37999 37999 37999 37999 37999 37999 37999 37999 37999 37999 37999 37999 37999 37999 37999 37999 37999 37999 37999 37999 37999 37999 37999 37999 37999 37999 37999 37999 37999 37999 37999 37999 37999 37999 37999 37999 37999 37999 37999 37999 37999 37999 37999 37999 37999 37999 37999 37999 20643 13551 10369 6503 6503 6503 3712 3712 3712 3712 3087 2192 2138 626 626 626 448 441 405 391 389 344 341 287 218
Geracao 353: 37999 37999 37999 37999 37999 37999 37999 37999 37999 37999 37999 37999 37999 37999 37999 37999 37999 37999 37999 37999 37999 37999 37999 37999 37999 37999 37999 37999 37999 37999 37999 37999 37999 37999 37999 37999 37999 37999 37999 37999 37999 37999 37999 37999 37999 37999 37999 37999 37999 37999 37999 37999 37999 37999 37999 37999 37999 37999 37999 37999 37999 37999 37999 37999 37999 37999 37999 37999 19032 19032 19032 19032 16444 10006 4830 3566 1084 626 626 626 626 626 626 626 626 626 468 459 428 415 331 325 324 318 315 307 299 287 287 277
Geracao 354: 37999 37999 37999 37999 37999 37999 37999 37999 37999 37999 37999 37999 37999 37999 37999 37999 37999 37999 37999 37999 37999 37999 37999 37999 37999 37999 37999 37999 37999 37999 37999 37999 37999 37999 37999 37999 37999 37999 37999 37999 37999 37999 37999 37999 37999 37999 37999 37999 37999 37999 37999 37999 37999 37999 37999 37999 37999 37999 37999 37999 37999 37999 37999 37999 37999 37999 37999 22244 21625 18585 16650 16020 9800 9234 8598 3712 3712 3712 2138 671 626 626 626 626 626 626 626 626 626 626 578 431 421 418 418 377 369 362 353 224
Geracao 355: 37999 37999 37999 37999 37999 37999 37999 37999 37999 37999 37999 37999 37999 37999 37999 37999 37999 37999 37999 37999 37999 37999 37999 37999 37999 37999 37999 37999 37999 37999 37999 37999 37999 37999 37999 37999 37999 37999 37999 37999 37999 37999 37999 37999 37999 37999 37999 37999 37999 37999 37999 37999 37999 37999 37999 37999 37999 37999 37999 37999 37999 37999 37999 37999 37999 37999 37999 37999 37999 37999 37999 37999 37999 37999 22276 16840 12226 10594 6945 6503 3712 3324 705 626 626 626 626 626 626 626 477 463 456 429 423 381 362 362 335 335
Geracao 356: 37999 37999 37999 37999 37999 37999 37999 37999 37999 37999 37999 37999 37999 37999 37999 37999 37999 37999 37999 37999 37999 37999 37999 37999 37999 37999 37999 37999 37999 37999 37999 37999 37999 37999 37999 37999 37999 37999 37999 37999 37999 37999 37999 37999 37999 37999 37999 37999 37999 37999 37999 37999 37999 37999 37999 37999 37999 37999 37999 37999 37999 37999 37999 37999 37999 37999 37999 30644 19032 14125 13329 10442 10426 10233 8093 7239 4898 4477 3712 3712 2369 889 626 626 626 626 626 626 626 561 531 522 516 410 397 378 347 315 315 315
Geracao 357: 37999 37999 37999 37999 37999 37999 37999 37999 37999 37999 37999 37999 37999 37999 37999 37999 37999 37999 37999 37999 37999 37999 37999 37999 37999 37999 37999 37999 37999 37999 37999 37999 37999 37999 37999 37999 37999 37999 37999 37999 37999 37999 37999 37999 37999 37999 37999 37999 37999 37999 37999 37999 37999 37999 37999 37999 37999 37999 37999 37999 37999 37999 37999 37999 37999 37999 37999 37999 37999 37999 37999 37999 23446 19032 19032 15819 6503 6503 6166 3712 3547 1788 1084 1084 1084 652 626 626 626 626 626 626 539 431 430 411 406 377 349 340
Geracao 358: 37999 37999 37999 37999 37999 37999 37999 37999 37999 37999 37999 37999 37999 37999 37999 37999 37999 37999 37999 37999 37999 37999 37999 37999 37999 37999 37999 37999 37999 37999 37999 37999 37999 37999 37999 37999 37999 37999 37999 37999 37999 37999 37999 37999 37999 37999 37999 37999 37999 37999 37999 37999 37999 37999 37999 37999 37999 37999 37999 37999 37999 37999 37999 37999 37999 37999 37999 37999 37999 37999 37999 37999 37999 37999 21954 19150 9420 9364 6503 6495 3712 3712 3712 3077 2138 869 719 626 626 626 626 626 626 588 476 403 331 312 290 249
Geracao 359: 37999 37999 37999 37999 37999 37999 37999 37999 37999 37999 37999 37999 37999 37999 37999 37999 37999 37999 37999 37999 37999 37999 37999 37999 37999 37999 37999 37999 37999 37999 37999 37999 37999 37999 37999 37999 37999 37999 37999 37999 37999 37999 37999 37999 37999 37999 37999 37999 37999 37999 37999 37999 37999 37999 37999 37999 37999 37999 37999 37999 37999 37999 37999 37999 37999 37999 37999 37999 37999 13953 13818 13569 13482 9997 9890 7734 6503 6503 4635 3712 3712 3712 1580 700 626 626 626 626 626 626 626 384 356 348 344 314 297 291 270 264
Geracao 360: 37999 37999 37999 37999 37999 37999 37999 37999 37999 37999 37999 37999 37999 37999 37999 37999 37999 37999 37999 37999 37999 37999 37999 37999 37999 37999 37999 37999 37999 37999 37999 37999 37999 37999 37999 37999 37999 37999 37999 37999 37999 37999 37999 37999 37999 37999 37999 37999 37999 37999 37999 37999 37999 37999 37999 37999 37999 37999 37999 37999 37999 37999 37999 37999 37999 37999 37999 37999 37999 37999 37999 37999 37999 5529 3712 3712 3712 3646 2138 2138 753 638 626 626 626 626 626 626 626 626 626 604 487 407 406 347 320 297 291 276
Geracao 361: 37999 37999 37999 37999 37999 37999 37999 37999 37999 37999 37999 37999 37999 37999 37999 37999 37999 37999 37999 37999 37999 37999 37999 37999 37999 37999 37999 37999 37999 37999 37999 37999 37999 37999 37999 37999 37999 37999 37999 37999 37999 37999 37999 37999 37999 37999 37999 37999 37999 37999 37999 37999 37999 37999 37999 37999 37999 37999 37999 37999 37999 37999 37999 37999 37999 37999 37999 37999 37999 37999 37999 37999 37999 37999 20444 19032 10827 9738 5727 3712 3712 2138 2138 1371 626 626 626 626 626 626 626 626 570 452 439 380 359 347 285 262
Geracao 362: 37999 37999 37999 37999 37999 37999 37999 37999 37999 37999 37999 37999 37999 37999 37999 37999 37999 37999 37999 37999 37999 37999 37999 37999 37999 37999 37999 37999 37999 37999 37999 37999 37999 37999 37999 37999 37999 37999 37999 37999 37999 37999 37999 37999 37999 37999 37999 37999 37999 37999 37999 37999 37999 37999 37999 37999 37999 37999 37999 37999 37999 37999 37999 37999 37999 37999 37999 37999 37999 37999 37999 37999 37999 37999 27685 15255 11198 7262 6503 6503 4675 4102 3712 3137 2497 1084 665 638 626 626 626 626 626 626 614 525 498 358 352 326
Geracao 363: 37999 37999 37999 37999 37999 37999 37999 37999 37999 37999 37999 37999 37999 37999 37999 37999 37999 37999 37999 37999 37999 37999 37999 37999 37999 37999 37999 37999 37999 37999 37999 37999 37999 37999 37999 37999 37999 37999 37999 37999 37999 37999 37999 37999 37999 37999 37999 37999 37999 37999 37999 37999 37999 37999 37999 37999 37999 37999 37999 37999 37999 37999 37999 37999 37999 37999 37999 37999 37999 37999 37999 37999 37999 37999 37999 37999 37999 37999 15226 11198 11072 6916 5598 4647 3712 2138 2138 786 695 665 665 663 639 626 588 504 326 315 310 288
Geracao 364: 37999 37999 37999 37999 37999 37999 37999 37999 37999 37999 37999 37999 37999 37999 37999 37999 37999 37999 37999 37999 37999 37999 37999 37999 37999 37999 37999 37999 37999 37999 37999 37999 37999 37999 37999 37999 37999 37999 37999 37999 37999 37999 37999 37999 37999 37999 37999 37999 37999 37999 37999 37999 37999 37999 37999 37999 37999 37999 37999 37999 37999 37999 20998 18597 15646 13805 13062 10413 9556 8097 6767 6503 5187 3712 3712 3712 3712 3546 1564 738 639 626 626 626 626 626 626 626 626 626 615 547 520 466 449 449 436 414 356 295
Geracao 365: 37999 37999 37999 37999 37999 37999 37999 37999 37999 37999 37999 37999 37999 37999 37999 37999 37999 37999 37999 37999 37999 37999 37999 37999 37999 37999 37999 37999 37999 37999 37999 37999 37999 37999 37999 37999 37999 37999 37999 37999 37999 37999 37999 37999 37999 37999 37999 37999 37999 37999 37999 37999 37999 37999 37999 37999 37999 37999 37999 37999 37999 37999 37999 37999 37999 37999 37999 25697 22100 12636 10641 8577 6503 6503 6437 5936 3712 2978 2138 746 740 722 713 626 626 626 626 626 538 507 420 386 325 319 319 319 319 319 292 292
Geracao 366: 37999 37999 37999 37999 37999 37999 37999 37999 37999 37999 37999 37999 37999 37999 37999 37999 37999 37999 37999 37999 37999 37999 37999 37999 37999 37999 37999 37999 37999 37999 37999 37999 37999 37999 37999 37999 37999 37999 37999 37999 37999 37999 37999 37999 37999 37999 37999 37999 37999 37999 37999 37999 37999 37999 37999 37999 37999 37999 37999 37999 37999 37999 37999 37999 37999 37999 37999 37999 37999 25600 23419 21338 18106 17757 17407 14264 6284 4185 3712 3712 2138 1084 746 638 626 626 626 626 626 626 626 626 618 515 427 425 388 320 319 234
Geracao 367: 37999 37999 37999 37999 37999 37999 37999 37999 37999 37999 37999 37999 37999 37999 37999 37999 37999 37999 37999 37999 37999 37999 37999 37999 37999 37999 37999 37999 37999 37999 37999 37999 37999 37999 37999 37999 37999 37999 37999 37999 37999 37999 37999 37999 37999 37999 37999 37999 37999 37999 37999 37999 37999 37999 37999 37999 37999 37999 37999 37999 37999 37999 37999 37999 37999 37999 37999 37999 37999 37999 37999 37999 23724 19259 13265 6683 6503 3523 2138 1867 1084 949 626 626 626 626 626 626 626 473 425 397 372 328 320 320 319 310 310 306
Geracao 368: 37999 37999 37999 37999 37999 37999 37999 37999 37999 37999 37999 37999 37999 37999 37999 37999 37999 37999 37999 37999 37999 37999 37999 37999 37999 37999 37999 37999 37999 37999 37999 37999 37999 37999 37999 37999 37999 37999 37999 37999 37999 37999 37999 37999 37999 37999 37999 37999 37999 37999 37999 37999 37999 37999 37999 37999 37999 37999 37999 37999 37999 37999 37999 37999 37999 37999 37999 37999 37999 37999 37999 37999 37999 37999 37999 37999 37999 37999 25697 18867 5815 3712 3712 3712 2615 626 626 626 626 626 626 626 626 425 424 318 317 315 310 303
Geracao 369: 37999 37999 37999 37999 37999 37999 37999 37999 37999 37999 37999 37999 37999 37999 37999 37999 37999 37999 37999 37999 37999 37999 37999 37999 37999 37999 37999 37999 37999 37999 37999 37999 37999 37999 37999 37999 37999 37999 37999 37999 37999 37999 37999 37999 37999 37999 37999 37999 37999 37999 37999 37999 37999 37999 37999 37999 37999 37999 37999 37999 37999 37999 37999 37999 37999 37999 37999 37999 37999 37999 37999 37999 24218 22891 6503 6284 6284 3712 3712 3712 2882 2017 627 626 626 626 626 626 626 626 626 626 626 626 626 424 321 310 310 290
Geracao 370: 37999 37999 37999 37999 37999 37999 37999 37999 37999 37999 37999 37999 37999 37999 37999 37999 37999 37999 37999 37999 37999 37999 37999 37999 37999 37999 37999 37999 37999 37999 37999 37999 37999 37999 37999 37999 37999 37999 37999 37999 37999 37999 37999 37999 37999 37999 37999 37999 37999 37999 37999 37999 37999 37999 37999 37999 37999 37999 37999 37999 37999 37999 37999 37999 37999 37999 37999 37999 37999 37999 37999 18436 17324 16781 13051 11618 10533 6909 6503 1526 797 626 626 626 626 626 626 626 626 574 542 446 424 371 324 318 318 318 310 285
Geracao 371: 37999 37999 37999 37999 37999 37999 37999 37999 37999 37999 37999 37999 37999 37999 37999 37999 37999 37999 37999 37999 37999 37999 37999 37999 37999 37999 37999 37999 37999 37999 37999 37999 37999 37999 37999 37999 37999 37999 37999 37999 37999 37999 37999 37999 37999 37999 37999 37999 37999 37999 37999 37999 37999 37999 37999 37999 37999 37999 37999 37999 37999 37999 37999 37999 37999 37999 37999 37999 37999 37999 37999 37999 37999 21742 19750 17287 6926 6503 6110 4971 4936 3712 3712 3712 3712 1111 626 626 626 626 626 505 475 428 428 409 404 391 368 331
Geracao 372: 37999 37999 37999 37999 37999 37999 37999 37999 37999 37999 37999 37999 37999 37999 37999 37999 37999 37999 37999 37999 37999 37999 37999 37999 37999 37999 37999 37999 37999 37999 37999 37999 37999 37999 37999 37999 37999 37999 37999 37999 37999 37999 37999 37999 37999 37999 37999 37999 37999 37999 37999 37999 37999 37999 37999 37999 37999 37999 37999 37999 37999 37999 37999 37999 37999 37999 37999 37999 37999 37999 37999 37999 37999 37999 37999 22891 21201 19383 13872 13251 12698 9763 7002 6572 4971 4971 3712 3712 2138 2138 626 488 484 462 434 430 411 346 279 274
Geracao 373: 37999 37999 37999 37999 37999 37999 37999 37999 37999 37999 37999 37999 37999 37999 37999 37999 37999 37999 37999 37999 37999 37999 37999 37999 37999 37999 37999 37999 37999 37999 37999 37999 37999 37999 37999 37999 37999 37999 37999 37999 37999 37999 37999 37999 37999 37999 37999 37999 37999 37999 37999 37999 37999 37999 37999 37999 37999 37999 37999 37999 37999 37999 37999 37999 37999 37999 37999 37999 37999 25901 22418 18907 13776 12480 4527 4353 3712 3712 3712 3712 3712 665 626 626 626 626 626 626 533 462 461 439 358 346 346 345 343 334 333 269
Geracao 374: 37999 37999 37999 37999 37999 37999 37999 37999 37999 37999 37999 37999 37999 37999 37999 37999 37999 37999 37999 37999 37999 37999 37999 37999 37999 37999 37999 37999 37999 37999 37999 37999 37999 37999 37999 37999 37999 37999 37999 37999 37999 37999 37999 37999 37999 37999 37999 37999 37999 37999 37999 37999 37999 37999 37999 37999 37999 37999 37999 37999 37999 37999 37999 37999 37999 37999 25439 22891 22891 22432 14405 13856 13634 8319 7017 6503 6503 6153 4971 4971 3712 3712 3712 626 626 626 626 626 563 442 412 396 369 360 353 353 347 333 267 249
Geracao 375: 37999 37999 37999 37999 37999 37999 37999 37999 37999 37999 37999 37999 37999 37999 37999 37999 37999 37999 37999 37999 37999 37999 37999 37999 37999 37999 37999 37999 37999 37999 37999 37999 37999 37999 37999 37999 37999 37999 37999 37999 37999 37999 37999 37999 37999 37999 37999 37999 37999 37999 37999 37999 37999 37999 37999 37999 37999 37999 37999 37999 37999 37999 37999 37999 37999 37999 37999 29745 22891 22891 19032 17116 15161 13927 6503 6284 6265 5051 4944 4460 4303 3712 3712 631 626 626 626 626 626 626 626 626 609 403 371 371 371 359 324 262
Geracao 376: 37999 37999 37999 37999 37999 37999 37999 37999 37999 37999 37999 37999 37999 37999 37999 37999 37999 37999 37999 37999 37999 37999 37999 37999 37999 37999 37999 37999 37999 37999 37999 37999 37999 37999 37999 37999 37999 37999 37999 37999 37999 37999 37999 37999 37999 37999 37999 37999 37999 37999 37999 37999 37999 37999 37999 37999 37999 37999 37999 37999 37999 37999 37999 37999 37999 22891 22891 22891 21522 20491 9430 7751 6503 6503 6503 6284 6022 4971 4971 4971 4971 4338 630 626 626 626 626 626 596 504 441 441 420 396 325 293 293 287 287 275
Geracao 377: 37999 37999 37999 37999 37999 37999 37999 37999 37999 37999 37999 37999 37999 37999 37999 37999 37999 37999 37999 37999 37999 37999 37999 37999 37999 37999 37999 37999 37999 37999 37999 37999 37999 37999 37999 37999 37999 37999 37999 37999 37999 37999 37999 37999 37999 37999 37999 37999 37999 37999 37999 37999 37999 37999 37999 37999 37999 25913 22016 19362 19032 13051 13051 12944 11584 10980 10333 9327 6503 6503 6503 6503 3831 3712 3712 3712 2527 626 626 626 626 626 626 626 626 626 626 626 626 613 415 409 393 355 332 332 316 306 285 277
Geracao 378: 37999 37999 37999 37999 37999 37999 37999 37999 37999 37999 37999 37999 37999 37999 37999 37999 37999 37999 37999 37999 37999 37999 37999 37999 37999 37999 37999 37999 37999 37999 37999 37999 37999 37999 37999 37999 37999 37999 37999 37999 37999 37999 37999 37999 37999 37999 37999 37999 37999 37999 37999 37999 37999 37999 37999 37999 37999 37999 37999 37999 37999 37999 37999 37999 37999 37999 37999 37999 37999 37999 37999 37999 24629 20124 17580 15029 13333 13051 11078 10370 6503 4971 4971 4957 3712 626 626 626 626 626 626 609 393 377 343 340 334 304 233 217
Geracao 379: 37999 37999 37999 37999 37999 37999 37999 37999 37999 37999 37999 37999 37999 37999 37999 37999 37999 37999 37999 37999 37999 37999 37999 37999 37999 37999 37999 37999 37999 37999 37999 37999 37999 37999 37999 37999 37999 37999 37999 37999 37999 37999 37999 37999 37999 37999 37999 37999 37999 37999 37999 37999 37999 37999 37999 37999 37999 37999 37999 37999 37999 37999 37999 37999 37999 37999 37999 37999 25697 21574 16404 9694 6503 4971 3712 3712 3642 3145 1297 1242 1241 626 626 626 626 626 626 626 494 446 430 408 402 383 379 349 348 329 269 233
Geracao 380: 37999 37999 37999 37999 37999 37999 37999 37999 37999 37999 37999 37999 37999 37999 37999 37999 37999 37999 37999 37999 37999 37999 37999 37999 37999 37999 37999 37999 37999 37999 37999 37999 37999 37999 37999 37999 37999 37999 37999 37999 37999 37999 37999 37999 37999 37999 37999 37999 37999 37999 37999 37999 37999 37999 37999 37999 37999 37999 37999 37999 37999 37999 37999 37999 37999 37999 37999 37999 37999 37999 37999 37999 37999 37999 13676 10623 6503 4971 4971 4971 4731 3712 2862 2232 1068 626 626 626 626 626 575 537 337 334 334 327 315 301 293 268
Geracao 381: 37999 37999 37999 37999 37999 37999 37999 37999 37999 37999 37999 37999 37999 37999 37999 37999 37999 37999 37999 37999 37999 37999 37999 37999 37999 37999 37999 37999 37999 37999 37999 37999 37999 37999 37999 37999 37999 37999 37999 37999 37999 37999 37999 37999 37999 37999 37999 37999 37999 37999 37999 37999 37999 37999 37999 37999 37999 37999 37999 37999 37999 37999 37999 37999 37999 37999 37999 27064 19032 12742 9491 6718 6503 5758 4325 3712 3712 3712 3712 2862 868 626 626 626 626 626 626 626 394 343 338 334 334 318 314 303 301 278 269 269
Geracao 382: 37999 37999 37999 37999 37999 37999 37999 37999 37999 37999 37999 37999 37999 37999 37999 37999 37999 37999 37999 37999 37999 37999 37999 37999 37999 37999 37999 37999 37999 37999 37999 37999 37999 37999 37999 37999 37999 37999 37999 37999 37999 37999 37999 37999 37999 37999 37999 37999 37999 37999 37999 37999 37999 37999 37999 37999 37999 37999 37999 37999 37999 37999 37999 37999 37999 37999 37999 37999 37999 37999 37999 37999 29510 19035 14792 14664 10489 9283 6503 5523 3409 626 626 626 626 626 562 412 389 367 365 365 351 351 350 342 334 305 299 290
Geracao 383: 37999 37999 37999 37999 37999 37999 37999 37999 37999 37999 37999 37999 37999 37999 37999 37999 37999 37999 37999 37999 37999 37999 37999 37999 37999 37999 37999 37999 37999 37999 37999 37999 37999 37999 37999 37999 37999 37999 37999 37999 37999 37999 37999 37999 37999 37999 37999 37999 37999 37999 37999 37999 37999 37999 37999 37999 37999 37999 37999 37999 37999 37999 37999 37999 37999 37999 37999 22891 22891 22891 21256 19970 15935 9400 6845 6503 6503 6503 6284 4971 4367 3712 3712 2979 2138 2138 626 626 626 626 626 406 368 332 320 320 320 292 287 287
Geracao 384: 37999 37999 37999 37999 37999 37999 37999 37999 37999 37999 37999 37999 37999 37999 37999 37999 37999 37999 37999 37999 37999 37999 37999 37999 37999 37999 37999 37999 37999 37999 37999 37999 37999 37999 37999 37999 37999 37999 37999 37999 37999 37999 37999 37999 37999 37999 37999 37999 37999 37999 37999 37999 37999 37999 37999 37999 37999 37999 37999 37999 37999 37999 37999 37999 37999 37999 37999 37999 37999 37999 37999 37999 16788 15147 6503 4971 4971 1505 1444 626 626 626 626 626 626 626 626 580 487 481 420 417 406 378 351 338 321 297 273 263
Geracao 385: 37999 37999 37999 37999 37999 37999 37999 37999 37999 37999 37999 37999 37999 37999 37999 37999 37999 37999 37999 37999 37999 37999 37999 37999 37999 37999 37999 37999 37999 37999 37999 37999 37999 37999 37999 37999 37999 37999 37999 37999 37999 37999 37999 37999 37999 37999 37999 37999 37999 37999 37999 37999 37999 37999 37999 37999 37999 37999 37999 37999 37999 37999 37999 37999 22891 19531 13962 10827 8983 6503 6503 6503 6503 4971 3712 3712 3712 2483 626 626 626 626 626 626 580 580 580 580 528 527 420 383 312 307 306 298 291 257 251 209
Geracao 386: 37999 37999 37999 37999 37999 37999 37999 37999 37999 37999 37999 37999 37999 37999 37999 37999 37999 37999 37999 37999 37999 37999 37999 37999 37999 37999 37999 37999 37999 37999 37999 37999 37999 37999 37999 37999 37999 37999 37999 37999 37999 37999 37999 37999 37999 37999 37999 37999 37999 37999 37999 37999 37999 37999 37999 37999 37999 37999 37999 37999 37999 37999 37999 37999 37999 37999 37999 37999 37999 37999 37999 37999 37999 16089 13789 13339 6284 3712 3712 2269 1778 626 626 626 626 603 580 580 420 420 413 411 388 351 343 320 309 257 209 209
Geracao 387: 37999 37999 37999 37999 37999 37999 37999 37999 37999 37999 37999 37999 37999 37999 37999 37999 37999 37999 37999 37999 37999 37999 37999 37999 37999 37999 37999 37999 37999 37999 37999 37999 37999 37999 37999 37999 37999 37999 37999 37999 37999 37999 37999 37999 37999 37999 37999 37999 37999 37999 37999 37999 37999 37999 37999 37999 37999 37999 37999 37999 37999 22891 14454 13138 8218 7293 6918 6503 6503 6503 6503 4971 4129 4056 3712 3712 3712 3712 2138 792 779 626 626 626 626 626 626 454 384 339 334 315 308 292 277 255 249 223 218 212
Geracao 388: 37999 37999 37999 37999 37999 37999 37999 37999 37999 37999 37999 37999 37999 37999 37999 37999 37999 37999 37999 37999 37999 37999 37999 37999 37999 37999 37999 37999 37999 37999 37999 37999 37999 37999 37999 37999 37999 37999 37999 37999 37999 37999 37999 37999 37999 37999 37999 37999 37999 37999 37999 37999 37999 37999 37999 37999 37999 37999 37999 37999 37999 37999 37999 37999 37999 37999 37999 22332 22134 16230 14334 14199 7469 7399 6503 4283 3712 3712 3712 626 626 626 626 626 626 581 580 580 580 566 434 338 337 334 334 334 308 306 289 249
Geracao 389: 37999 37999 37999 37999 37999 37999 37999 37999 37999 37999 37999 37999 37999 37999 37999 37999 37999 37999 37999 37999 37999 37999 37999 37999 37999 37999 37999 37999 37999 37999 37999 37999 37999 37999 37999 37999 37999 37999 37999 37999 37999 37999 37999 37999 37999 37999 37999 37999 37999 37999 37999 37999 37999 37999 37999 37999 37999 37999 37999 37999 37999 37999 37999 37999 37999 37999 37999 37999 37999 37999 37999 37999 37999 37999 37999 37999 37999 19032 9757 4921 4477 3712 3712 626 626 626 626 626 626 581 581 581 513 468 407 332 319 316 284 267
Geracao 390: 37999 37999 37999 37999 37999 37999 37999 37999 37999 37999 37999 37999 37999 37999 37999 37999 37999 37999 37999 37999 37999 37999 37999 37999 37999 37999 37999 37999 37999 37999 37999 37999 37999 37999 37999 37999 37999 37999 37999 37999 37999 37999 37999 37999 37999 37999 37999 37999 37999 37999 37999 37999 37999 37999 37999 37999 37999 37999 37999 37999 37999 37999 37999 37999 19032 17689 16214 12388 11126 7498 6503 6305 6284 5523 4971 2900 1101 910 626 626 626 626 626 626 626 591 581 515 495 441 425 382 382 367 315 308 307 293 280 264
Geracao 391: 37999 37999 37999 37999 37999 37999 37999 37999 37999 37999 37999 37999 37999 37999 37999 37999 37999 37999 37999 37999 37999 37999 37999 37999 37999 37999 37999 37999 37999 37999 37999 37999 37999 37999 37999 37999 37999 37999 37999 37999 37999 37999 37999 37999 37999 37999 37999 37999 37999 37999 37999 37999 37999 37999 37999 37999 37999 37999 37999 37999 37999 37999 37999 37999 37999 37999 37999 37999 37999 37999 37999 37999 37999 37999 37999 20557 15808 7232 6503 6503 6367 4971 4769 3712 626 626 626 626 626 606 580 555 306 283 282 275 254 230 220 215
Geracao 392: 37999 37999 37999 37999 37999 37999 37999 37999 37999 37999 37999 37999 37999 37999 37999 37999 37999 37999 37999 37999 37999 37999 37999 37999 37999 37999 37999 37999 37999 37999 37999 37999 37999 37999 37999 37999 37999 37999 37999 37999 37999 37999 37999 37999 37999 37999 37999 37999 37999 37999 37999 37999 37999 37999 37999 37999 37999 37999 37999 37999 37999 37999 37999 37999 37999 37999 37999 37999 37999 37999 37999 37999 37999 37999 22891 22711 19032 7956 6503 4971 4971 3712 3712 3712 3541 3163 2170 626 580 577 420 297 296 292 279 279 279 277 246 238
Geracao 393: 37999 37999 37999 37999 37999 37999 37999 37999 37999 37999 37999 37999 37999 37999 37999 37999 37999 37999 37999 37999 37999 37999 37999 37999 37999 37999 37999 37999 37999 37999 37999 37999 37999 37999 37999 37999 37999 37999 37999 37999 37999 37999 37999 37999 37999 37999 37999 37999 37999 37999 37999 37999 37999 37999 37999 37999 37999 37999 37999 37999 37999 37999 37999 37999 37999 37999 17044 16217 13962 13051 12313 10200 10162 4971 3712 3712 3712 2667 726 626 626 626 626 606 581 580 580 580 545 420 420 361 315 306 295 258 252 240 225 224
Geracao 394: 37999 37999 37999 37999 37999 37999 37999 37999 37999 37999 37999 37999 37999 37999 37999 37999 37999 37999 37999 37999 37999 37999 37999 37999 37999 37999 37999 37999 37999 37999 37999 37999 37999 37999 37999 37999 37999 37999 37999 37999 37999 37999 37999 37999 37999 37999 37999 37999 37999 37999 37999 37999 37999 37999 37999 37999 37999 37999 37999 37999 37999 37999 37999 27719 21057 19032 12851 9284 6866 6503 3870 3712 3712 3711 3479 2944 2617 2248 1567 626 626 580 545 545 420 420 420 380 378 328 320 320 319 312 306 273 273 242 225 199
Geracao 395: 37999 37999 37999 37999 37999 37999 37999 37999 37999 37999 37999 37999 37999 37999 37999 37999 37999 37999 37999 37999 37999 37999 37999 37999 37999 37999 37999 37999 37999 37999 37999 37999 37999 37999 37999 37999 37999 37999 37999 37999 37999 37999 37999 37999 37999 37999 37999 37999 37999 37999 37999 37999 37999 37999 37999 37999 37999 37999 37999 37999 19032 10688 9354 7706 7052 6882 6503 6503 6368 5322 4971 4971 4083 3943 3712 3712 3712 3524 1437 626 626 626 626 479 420 420 420 420 400 286 279 274 272 269 267 260 228 212 209 209
Geracao 396: 37999 37999 37999 37999 37999 37999 37999 37999 37999 37999 37999 37999 37999 37999 37999 37999 37999 37999 37999 37999 37999 37999 37999 37999 37999 37999 37999 37999 37999 37999 37999 37999 37999 37999 37999 37999 37999 37999 37999 37999 37999 37999 37999 37999 37999 37999 37999 37999 37999 37999 37999 37999 37999 37999 37999 37999 37999 37999 37999 37999 37999 37999 37999 37999 37999 21865 17470 12696 7425 7425 6882 6503 6503 6503 5133 4971 4971 4971 3712 3712 2406 1084 1084 746 626 626 454 449 428 420 420 420 396 365 357 340 274 260 258 208
Geracao 397: 37999 37999 37999 37999 37999 37999 37999 37999 37999 37999 37999 37999 37999 37999 37999 37999 37999 37999 37999 37999 37999 37999 37999 37999 37999 37999 37999 37999 37999 37999 37999 37999 37999 37999 37999 37999 37999 37999 37999 37999 37999 37999 37999 37999 37999 37999 37999 37999 37999 37999 37999 37999 37999 37999 37999 37999 37999 37999 20484 10250 10200 8582 8338 7425 7389 6882 6882 6503 6503 6503 6503 5846 4971 4971 3712 3573 1744 1656 1579 626 626 626 626 626 577 420 420 411 411 267 241 237 233 230 226 221 221 221 221 199
Geracao 398: 37999 37999 37999 37999 37999 37999 37999 37999 37999 37999 37999 37999 37999 37999 37999 37999 37999 37999 37999 37999 37999 37999 37999 37999 37999 37999 37999 37999 37999 37999 37999 37999 37999 37999 37999 37999 37999 37999 37999 37999 37999 37999 37999 37999 37999 37999 37999 37999 37999 37999 37999 37999 37999 37999 37999 22473 19032 19032 13744 11876 11876 9353 8484 7766 7099 6863 6839 5752 5075 4818 4590 3712 3712 1820 1478 626 626 626 626 626 626 626 597 454 420 342 332 332 327 300 270 270 270 249 249 249 249 245 213 203
Geracao 399: 37999 37999 37999 37999 37999 37999 37999 37999 37999 37999 37999 37999 37999 37999 37999 37999 37999 37999 37999 37999 37999 37999 37999 37999 37999 37999 37999 37999 37999 37999 37999 37999 37999 37999 37999 37999 37999 37999 37999 37999 37999 37999 37999 37999 37999 37999 37999 37999 37999 37999 37999 37999 37999 37999 37999 37999 37999 37999 37999 37999 37999 25476 20491 19042 19032 17891 15691 15485 12536 11876 11876 8804 6503 6503 6288 6154 5228 4818 4818 3712 3712 2568 2051 1058 626 626 626 626 626 626 626 479 448 440 332 256 255 249 249 226
Geracao 400: 37999 37999 37999 37999 37999 37999 37999 37999 37999 37999 37999 37999 37999 37999 37999 37999 37999 37999 37999 37999 37999 37999 37999 37999 37999 37999 37999 37999 37999 37999 37999 37999 37999 37999 37999 37999 37999 37999 37999 37999 37999 37999 37999 37999 37999 37999 37999 37999 37999 37999 37999 37999 37999 37999 37999 37999 37999 37999 37999 25697 20542 14944 14944 13265 10485 9687 9533 6284 6154 6097 5658 4971 4971 4971 3712 3045 2974 2051 626 626 626 626 626 626 565 404 380 332 319 315 309 271 270 255 251 249 249 249 224 201
Geracao 401: 37999 37999 37999 37999 37999 37999 37999 37999 37999 37999 37999 37999 37999 37999 37999 37999 37999 37999 37999 37999 37999 37999 37999 37999 37999 37999 37999 37999 37999 37999 37999 37999 37999 37999 37999 37999 37999 37999 37999 37999 37999 37999 37999 37999 37999 37999 37999 37999 37999 37999 37999 37999 37999 37999 37999 37999 17449 17202 11876 8338 8338 8338 8046 7514 7277 6901 6714 6503 6198 3779 3712 3712 2188 1084 646 626 626 626 626 626 626 626 626 626 626 626 626 563 445 420 389 288 284 278 275 272 268 268 258 239
Geracao 402: 37999 37999 37999 37999 37999 37999 37999 37999 37999 37999 37999 37999 37999 37999 37999 37999 37999 37999 37999 37999 37999 37999 37999 37999 37999 37999 37999 37999 37999 37999 37999 37999 37999 37999 37999 37999 37999 37999 37999 37999 37999 37999 37999 37999 37999 37999 37999 37999 37999 37999 37999 37999 37999 37999 37999 37999 37999 37999 37999 37999 37999 37999 37999 37999 37999 37999 37999 37999 37999 13731 8338 7061 6503 6503 3712 3712 3712 2262 965 668 626 626 626 626 626 626 626 626 626 399 380 373 364 332 294 267 258 258 249 225
Geracao 403: 37999 37999 37999 37999 37999 37999 37999 37999 37999 37999 37999 37999 37999 37999 37999 37999 37999 37999 37999 37999 37999 37999 37999 37999 37999 37999 37999 37999 37999 37999 37999 37999 37999 37999 37999 37999 37999 37999 37999 37999 37999 37999 37999 37999 37999 37999 37999 37999 37999 37999 37999 37999 37999 37999 37999 37999 37999 37999 37999 26545 25697 20780 18359 15564 11876 11876 11231 8338 6503 6503 6415 6284 3714 3712 3712 3712 1214 1065 626 626 626 626 626 626 626 626 515 378 303 303 295 273 264 262 260 258 254 252 251 203
Geracao 404: 37999 37999 37999 37999 37999 37999 37999 37999 37999 37999 37999 37999 37999 37999 37999 37999 37999 37999 37999 37999 37999 37999 37999 37999 37999 37999 37999 37999 37999 37999 37999 37999 37999 37999 37999 37999 37999 37999 37999 37999 37999 37999 37999 37999 37999 37999 37999 37999 37999 37999 37999 37999 37999 37999 37999 37999 37999 37999 37999 37999 37999 37999 37999 37999 37999 37999 37999 19032 12106 11198 10403 6901 6654 4973 3712 3712 3712 3533 2361 985 686 626 626 626 626 626 626 626 626 626 626 399 378 323 294 272 256 256 254 229
Geracao 405: 37999 37999 37999 37999 37999 37999 37999 37999 37999 37999 37999 37999 37999 37999 37999 37999 37999 37999 37999 37999 37999 37999 37999 37999 37999 37999 37999 37999 37999 37999 37999 37999 37999 37999 37999 37999 37999 37999 37999 37999 37999 37999 37999 37999 37999 37999 37999 37999 37999 37999 37999 37999 37999 37999 37999 37999 37999 37999 37999 37999 37999 37999 37999 37999 37999 37999 37999 37999 37999 37999 37999 25913 19945 16378 13847 13203 11876 11426 5387 4829 4026 3817 3712 3712 1148 626 626 626 626 626 626 626 626 626 455 449 400 318 309 294
Geracao 406: 37999 37999 37999 37999 37999 37999 37999 37999 37999 37999 37999 37999 37999 37999 37999 37999 37999 37999 37999 37999 37999 37999 37999 37999 37999 37999 37999 37999 37999 37999 37999 37999 37999 37999 37999 37999 37999 37999 37999 37999 37999 37999 37999 37999 37999 37999 37999 37999 37999 37999 37999 37999 37999 37999 37999 37999 37999 37999 37999 37999 37999 37999 37999 37999 37999 37999 37999 21833 19032 16808 15127 13053 11014 10177 8338 8338 6503 6307 5597 5437 4818 3712 2637 2560 2185 626 626 626 626 626 626 626 626 407 363 357 356 283 270 194
Geracao 407: 37999 37999 37999 37999 37999 37999 37999 37999 37999 37999 37999 37999 37999 37999 37999 37999 37999 37999 37999 37999 37999 37999 37999 37999 37999 37999 37999 37999 37999 37999 37999 37999 37999 37999 37999 37999 37999 37999 37999 37999 37999 37999 37999 37999 37999 37999 37999 37999 37999 37999 37999 37999 37999 37999 37999 37999 37999 37999 37999 37999 37999 37999 37999 37999 37999 37999 37999 25697 19032 11951 11876 10774 10708 6503 6284 4818 4818 4818 3889 3010 1742 1477 1214 626 626 475 462 433 433 409 387 371 371 365 350 344 330 321 244 210
Geracao 408: 37999 37999 37999 37999 37999 37999 37999 37999 37999 37999 37999 37999 37999 37999 37999 37999 37999 37999 37999 37999 37999 37999 37999 37999 37999 37999 37999 37999 37999 37999 37999 37999 37999 37999 37999 37999 37999 37999 37999 37999 37999 37999 37999 37999 37999 37999 37999 37999 37999 37999 37999 37999 37999 37999 37999 37999 37999 21415 17004 15423 13479 13051 12391 9015 8535 7824 6095 6095 6083 5520 4818 3712 3712 1436 974 670 626 626 626 626 626 626 626 591 460 395 371 355 353 327 317 268 266 263 250 238 233 221 206 206
Geracao 409: 37999 37999 37999 37999 37999 37999 37999 37999 37999 37999 37999 37999 37999 37999 37999 37999 37999 37999 37999 37999 37999 37999 37999 37999 37999 37999 37999 37999 37999 37999 37999 37999 37999 37999 37999 37999 37999 37999 37999 37999 37999 37999 37999 37999 37999 37999 37999 37999 37999 37999 37999 37999 37999 37999 37999 37999 23409 23409 20409 17944 15729 15305 15134 13731 12914 12474 12102 11876 11876 11018 10212 9906 9509 8252 6735 4818 4742 4566 4566 4566 4566 3712 3712 3712 3512 2749 1147 626 626 626 626 626 626 626 502 458 274 274 255 252
Geracao 410: 37999 37999 37999 37999 37999 37999 37999 37999 37999 37999 37999 37999 37999 37999 37999 37999 37999 37999 37999 37999 37999 37999 37999 37999 37999 37999 37999 37999 37999 37999 37999 37999 37999 37999 37999 37999 37999 37999 37999 37999 37999 37999 37999 37999 37999 37999 37999 37999 37999 37999 37999 37999 37999 37999 37999 37999 37999 37999 37999 37999 37999 37999 37999 37999 37999 37999 37999 15784 15719 9233 8113 4808 4155 3880 3712 3712 3712 2593 1214 1214 626 626 626 626 626 626 626 626 626 303 303 300 300 291 275 274 262 262 249 249
Geracao 411: 37999 37999 37999 37999 37999 37999 37999 37999 37999 37999 37999 37999 37999 37999 37999 37999 37999 37999 37999 37999 37999 37999 37999 37999 37999 37999 37999 37999 37999 37999 37999 37999 37999 37999 37999 37999 37999 37999 37999 37999 37999 37999 37999 37999 37999 37999 37999 37999 37999 37999 37999 37999 37999 37999 37999 37999 37999 37999 37999 37999 21048 20903 18187 16808 13945 12121 11876 11876 9416 6770 6770 6503 6503 6503 6111 5102 5102 5075 5075 5075 5075 5075 4712 3712 996 626 626 626 626 626 626 626 626 626 421 346 315 300 285 281
Geracao 412: 37999 37999 37999 37999 37999 37999 37999 37999 37999 37999 37999 37999 37999 37999 37999 37999 37999 37999 37999 37999 37999 37999 37999 37999 37999 37999 37999 37999 37999 37999 37999 37999 37999 37999 37999 37999 37999 37999 37999 37999 37999 37999 37999 37999 37999 37999 37999 37999 37999 37999 37999 37999 37999 37999 19087 19032 19032 18135 17288 17167 15899 13742 13051 11876 11876 8113 7720 6770 6770 6503 6258 5075 5075 5075 5075 5075 5075 5075 5075 5075 5075 5075 5053 4328 3712 3712 2896 1491 626 626 626 626 626 626 626 276 275 275 270 250
Geracao 413: 37999 37999 37999 37999 37999 37999 37999 37999 37999 37999 37999 37999 37999 37999 37999 37999 37999 37999 37999 37999 37999 37999 37999 37999 37999 37999 37999 37999 37999 37999 37999 37999 37999 37999 37999 37999 37999 37999 37999 37999 37999 37999 37999 37999 37999 37999 37999 37999 37999 37999 37999 37999 37999 37999 37999 37999 37999 37999 37999 37999 37999 37999 37999 37999 37999 37999 18186 16808 16549 15520 13683 13683 12228 11876 11876 7596 6503 6503 5888 4818 3959 3712 626 626 626 626 626 626 626 420 387 381 346 319 318 303 287 270 270 243
Geracao 414: 37999 37999 37999 37999 37999 37999 37999 37999 37999 37999 37999 37999 37999 37999 37999 37999 37999 37999 37999 37999 37999 37999 37999 37999 37999 37999 37999 37999 37999 37999 37999 37999 37999 37999 37999 37999 37999 37999 37999 37999 37999 37999 37999 37999 37999 37999 37999 37999 37999 37999 37999 37999 37999 37999 37999 37999 37999 37999 37999 37999 37999 37999 37999 37999 37999 37999 29394 19742 19032 18690 16814 16117 15859 14620 14287 10571 10381 3712 3712 3712 2864 1214 626 626 626 626 626 626 626 372 306 304 304 299 285 278 242 241 241 241
Geracao 415: 37999 37999 37999 37999 37999 37999 37999 37999 37999 37999 37999 37999 37999 37999 37999 37999 37999 37999 37999 37999 37999 37999 37999 37999 37999 37999 37999 37999 37999 37999 37999 37999 37999 37999 37999 37999 37999 37999 37999 37999 37999 37999 37999 37999 37999 37999 37999 37999 37999 37999 37999 37999 37999 37999 37999 37999 37999 37999 37999 37999 37999 37999 22366 20939 19032 18284 15339 11876 10051 10051 9392 8332 7974 7077 6503 5875 4409 3712 3245 1959 726 726 626 626 626 626 626 399 396 396 384 315 313 288 269 251 241 241 232 210
Geracao 416: 37999 37999 37999 37999 37999 37999 37999 37999 37999 37999 37999 37999 37999 37999 37999 37999 37999 37999 37999 37999 37999 37999 37999 37999 37999 37999 37999 37999 37999 37999 37999 37999 37999 37999 37999 37999 37999 37999 37999 37999 37999 37999 37999 37999 37999 37999 37999 37999 37999 37999 37999 37999 37999 37999 37999 37999 37999 37999 37999 37999 37999 37999 37999 37999 37999 37999 37999 37999 37999 37999 37999 37999 37999 37999 37999 20738 16058 13856 13051 12029 7174 6503 6503 5014 4594 4583 3187 3187 634 626 626 626 626 398 395 395 314 277 243 205
Geracao 417: 37999 37999 37999 37999 37999 37999 37999 37999 37999 37999 37999 37999 37999 37999 37999 37999 37999 37999 37999 37999 37999 37999 37999 37999 37999 37999 37999 37999 37999 37999 37999 37999 37999 37999 37999 37999 37999 37999 37999 37999 37999 37999 37999 37999 37999 37999 37999 37999 37999 37999 37999 37999 37999 37999 37999 37999 37999 37999 37999 37999 37999 37999 37999 37999 37999 37999 37999 37999 37999 37999 19366 17126 16204 15124 13699 7119 5595 4551 4219 3187 3187 2138 2076 801 626 626 626 626 626 626 626 404 389 382 306 303 273 247 226 223
Geracao 418: 37999 37999 37999 37999 37999 37999 37999 37999 37999 37999 37999 37999 37999 37999 37999 37999 37999 37999 37999 37999 37999 37999 37999 37999 37999 37999 37999 37999 37999 37999 37999 37999 37999 37999 37999 37999 37999 37999 37999 37999 37999 37999 37999 37999 37999 37999 37999 37999 37999 37999 37999 37999 37999 37999 37999 37999 37999 37999 37999 37999 37999 37999 37999 37999 37999 37999 19884 19032 18163 12944 12511 11022 9947 8866 6956 6503 3712 3712 3187 3187 626 626 626 626 626 626 626 626 626 626 420 412 380 266 260 252 241 232 232 221
Geracao 419: 37999 37999 37999 37999 37999 37999 37999 37999 37999 37999 37999 37999 37999 37999 37999 37999 37999 37999 37999 37999 37999 37999 37999 37999 37999 37999 37999 37999 37999 37999 37999 37999 37999 37999 37999 37999 37999 37999 37999 37999 37999 37999 37999 37999 37999 37999 37999 37999 37999 37999 37999 37999 37999 37999 37999 37999 37999 37999 37999 37999 37999 37999 37999 37999 37999 37999 37999 37999 37999 23540 21288 12944 6503 5665 5332 5202 3712 3712 3187 3187 1373 626 626 626 626 626 626 626 626 626 626 626 412 369 289 279 245 239 236 232
Geracao 420: 37999 37999 37999 37999 37999 37999 37999 37999 37999 37999 37999 37999 37999 37999 37999 37999 37999 37999 37999 37999 37999 37999 37999 37999 37999 37999 37999 37999 37999 37999 37999 37999 37999 37999 37999 37999 37999 37999 37999 37999 37999 37999 37999 37999 37999 37999 37999 37999 37999 37999 37999 37999 37999 37999 37999 37999 37999 37999 37999 37999 37999 37999 37999 37999 37999 37999 37999 37999 37999 37999 37999 27715 22598 19032 19032 18187 16988 16283 15465 13879 7131 6503 6112 3712 3187 3187 3085 2590 2569 626 626 626 314 311 297 290 265 259 252 213
Geracao 421: 37999 37999 37999 37999 37999 37999 37999 37999 37999 37999 37999 37999 37999 37999 37999 37999 37999 37999 37999 37999 37999 37999 37999 37999 37999 37999 37999 37999 37999 37999 37999 37999 37999 37999 37999 37999 37999 37999 37999 37999 37999 37999 37999 37999 37999 37999 37999 37999 37999 37999 37999 37999 37999 37999 37999 37999 37999 37999 37999 37999 37999 37999 37999 37999 37999 37999 37999 37999 37999 37999 37999 37999 37999 37999 6503 6503 5390 3712 3712 3187 3187 2138 653 626 626 626 626 626 366 366 338 290 290 275 270 267 267 258 184 184
Geracao 422: 37999 37999 37999 37999 37999 37999 37999 37999 37999 37999 37999 37999 37999 37999 37999 37999 37999 37999 37999 37999 37999 37999 37999 37999 37999 37999 37999 37999 37999 37999 37999 37999 37999 37999 37999 37999 37999 37999 37999 37999 37999 37999 37999 37999 37999 37999 37999 37999 37999 37999 37999 37999 37999 37999 37999 37999 37999 37999 37999 37999 37999 37999 37999 37999 37999 37999 37999 23464 10475 9181 8853 7882 7112 6284 4123 3712 3187 2715 2530 2301 2138 1160 1110 1110 1110 726 652 626 626 626 626 626 626 626 626 327 326 237 199 175
Geracao 423: 37999 37999 37999 37999 37999 37999 37999 37999 37999 37999 37999 37999 37999 37999 37999 37999 37999 37999 37999 37999 37999 37999 37999 37999 37999 37999 37999 37999 37999 37999 37999 37999 37999 37999 37999 37999 37999 37999 37999 37999 37999 37999 37999 37999 37999 37999 37999 37999 37999 37999 37999 37999 37999 37999 37999 37999 37999 37999 37999 37999 16971 12944 12582 10512 10072 9766 8986 6284 3907 3712 3712 3712 3712 3712 681 652 626 626 626 626 626 626 626 626 626 626 626 607 541 434 417 389 347 347 336 331 330 327 320 296
Geracao 424: 37999 37999 37999 37999 37999 37999 37999 37999 37999 37999 37999 37999 37999 37999 37999 37999 37999 37999 37999 37999 37999 37999 37999 37999 37999 37999 37999 37999 37999 37999 37999 37999 37999 37999 37999 37999 37999 37999 37999 37999 37999 37999 37999 37999 37999 37999 37999 37999 37999 37999 37999 37999 37999 37999 37999 37999 37999 37999 37999 37999 37999 37999 37999 37999 37999 37999 37999 37999 37999 37999 37999 37999 19996 19032 12944 6503 6503 4870 4482 4482 3712 3712 2138 845 726 626 626 626 626 626 498 366 366 352 331 296 209 204 204 204
Geracao 425: 37999 37999 37999 37999 37999 37999 37999 37999 37999 37999 37999 37999 37999 37999 37999 37999 37999 37999 37999 37999 37999 37999 37999 37999 37999 37999 37999 37999 37999 37999 37999 37999 37999 37999 37999 37999 37999 37999 37999 37999 37999 37999 37999 37999 37999 37999 37999 37999 37999 37999 37999 37999 37999 37999 37999 37999 37999 37999 37999 37999 37999 37999 37999 37999 37999 37999 37999 37999 17317 10500 6579 6503 6503 5684 5420 1771 1491 667 626 626 626 626 626 626 626 626 390 367 366 352 352 352 349 344 326 324 324 324 320 179