10 individuos 

Geracao 0: 0 0 0 0 0 0 0 0 0 0
Geracao 1: 2317 2165 203 178 173 139 0 0 0 0
Geracao 2: 8670 2864 2503 2317 2317 2317 2317 808 396 242
Geracao 3: 2739 2665 2447 2317 680 678 667 526 458 184
Geracao 4: 8670 5858 2739 2422 2323 1394 732 678 678 409
Geracao 5: 5858 2798 2788 2739 2679 2679 2679 735 531 261
Geracao 6: 5888 5858 2788 2374 730 678 678 541 451 340
Geracao 7: 37906 9952 5888 5858 2875 2611 678 568 284 253
Geracao 8: 37906 21937 5888 2741 2598 866 735 735 458 384
Geracao 9: 37906 17936 5943 5943 3887 3887 2741 586 586 435
Geracao 10: 37906 37906 5888 3887 2585 693 586 365 350 276
Geracao 11: 93902 37906 37906 37906 3887 735 459 441 405 365
Geracao 12: 93902 93902 93902 93902 90900 5888 2741 2698 2226 678
Geracao 13: 93902 93902 93902 93902 21937 5888 738 322 322 258
Geracao 14: 93902 93902 17936 17936 2492 2358 1541 914 886 322
Geracao 15: 93902 93902 93902 37906 2883 2612 2452 2358 2278 322
Geracao 16: 93902 2883 2883 2666 2301 952 862 678 589 265
Geracao 17: 93902 93902 93902 93902 93902 93902 90900 37906 2883 945
Geracao 18: 93902 93902 93902 93902 90900 37906 21937 17936 862 589
Geracao 19: 93902 93902 93902 17936 14457 4888 2883 2508 1024 252
Geracao 20: 93902 93902 93902 37906 21937 21937 5315 3592 2883 2679
Geracao 21: 93902 93902 93902 93902 37906 8605 2883 2659 2328 886
Geracao 22: 93902 93902 93902 93902 2883 2883 2883 2679 2451 426
Geracao 23: 93902 93902 93902 90900 90900 37906 2893 2883 2423 268
Geracao 24: 93902 93902 90900 37906 17936 2883 2883 2423 2278 886
Geracao 25: 93902 93902 93902 93902 93902 90900 37906 678 678 356
Geracao 26: 93902 93902 93902 90900 3887 2325 719 678 678 495
Geracao 27: 93902 93902 90900 37906 2741 2315 886 886 678 353
Geracao 28: 93902 93902 90900 37906 2883 2883 2679 2315 678 372
Geracao 29: 93902 93902 93902 37906 21937 2883 2679 543 504 364
Geracao 30: 93902 93902 93902 90900 90900 37906 3374 2315 683 593
Geracao 31: 93902 90900 17936 17936 2883 2679 683 678 678 300
Geracao 32: 93902 93902 93902 90900 90900 17936 2883 2319 2258 482
Geracao 33: 93902 90900 37906 21937 2931 2883 2573 886 452 378
Geracao 34: 93902 93902 93902 93902 93902 93902 2741 2462 886 322
Geracao 35: 93902 93902 93902 93902 93902 93902 17936 1302 503 413
Geracao 36: 93902 93902 93902 93902 93902 93902 2893 2679 678 439
Geracao 37: 93902 93902 93902 93902 93902 2638 678 678 678 678
Geracao 38: 93902 93902 93902 93902 93902 37906 2931 2906 2400 678
Geracao 39: 93902 93902 93902 93902 93902 37906 6404 5888 678 247
Geracao 40: 93902 93902 93902 4400 2754 2354 862 678 414 378
Geracao 41: 93902 93902 93902 93902 93902 21937 2906 2883 2602 412
Geracao 42: 93902 93902 93902 93902 93902 90900 3887 2378 2374 610
Geracao 43: 93902 93902 93902 93902 93902 93902 37906 2258 791 722
Geracao 44: 93902 93902 93902 93902 37906 2405 2401 629 428 278
Geracao 45: 93902 93902 93902 93902 2906 2679 2392 2278 2258 452
Geracao 46: 93902 93902 93902 93902 93902 37906 5888 2883 2883 468
Geracao 47: 93902 93902 93902 93902 90900 791 791 678 503 273
Geracao 48: 93902 93902 93902 93902 5888 2883 2302 618 455 256
Geracao 49: 93902 93902 93902 93902 93902 37906 945 886 470 296
Geracao 50: 93902 93902 93902 93902 93902 93902 93902 2883 2302 533
Geracao 51: 93902 93902 93902 93902 37906 3784 2679 2302 546 342
Geracao 52: 93902 93902 93902 93902 93902 93902 93902 2437 2278 678
Geracao 53: 93902 93902 90900 90900 37906 5888 2883 2302 886 499
Geracao 54: 93902 93902 93902 90900 5858 2883 2302 431 406 319
Geracao 55: 93902 93902 93902 93902 93902 93902 2883 2883 2741 636
Geracao 56: 93902 93902 93902 93902 90900 37906 3887 2883 431 431
Geracao 57: 93902 93902 93902 93902 93902 93902 93902 90900 2906 945
Geracao 58: 93902 93902 93902 93902 93902 93902 5888 2453 2349 551
Geracao 59: 93902 93902 93902 5888 2883 2349 2278 886 678 375
Geracao 60: 93902 93902 93902 93902 93902 90900 90900 90900 2883 1500
Geracao 61: 93902 93902 93902 93902 93902 17936 2453 2369 2276 678
Geracao 62: 93902 93902 93902 93902 93902 93902 17936 2741 791 413
Geracao 63: 93902 93902 93902 93902 93902 93902 90900 7800 3649 2883
Geracao 64: 93902 93902 93902 93902 2883 2883 678 477 322 313
Geracao 65: 93902 93902 93902 93902 93902 93902 2906 2883 945 886
Geracao 66: 93902 93902 93902 93902 93902 93902 93902 93902 338 332
Geracao 67: 93902 93902 93902 93902 2883 2883 2679 620 418 322
Geracao 68: 93902 93902 90900 37906 5888 2883 2679 2292 2278 931
Geracao 69: 93902 93902 93902 90900 2679 2679 2317 683 678 322
Geracao 70: 93902 93902 93902 93902 17936 2679 2493 2278 683 678
Geracao 71: 93902 93902 93902 93902 93902 37906 17936 2741 2679 2679
Geracao 72: 93902 93902 93902 93902 90900 37906 17936 774 678 411
Geracao 73: 93902 93902 93902 90900 90900 2883 2741 322 313 285
Geracao 74: 93902 93902 93902 93902 93902 93902 2883 2883 886 886
Geracao 75: 93902 93902 93902 93902 93902 93902 90900 5888 2883 2883
Geracao 76: 93902 93902 93902 37906 17936 2952 2739 886 862 431
Geracao 77: 93902 93902 93902 93902 37906 5888 2883 2486 322 302
Geracao 78: 93902 93902 93902 93902 93902 93902 93902 93902 37906 2883
Geracao 79: 93902 93902 37906 17936 2883 2883 886 862 532 327
Geracao 80: 93902 93902 93902 93902 93902 37906 3887 945 489 327
Geracao 81: 93902 93902 93902 93902 93902 93902 93902 37906 37906 1075
Geracao 82: 93902 93902 93902 93902 93902 93902 93902 2739 945 367
Geracao 83: 93902 93902 93902 93902 93902 90900 2883 2589 886 285
Geracao 84: 93902 93902 93902 93902 37906 2883 2883 2276 683 499
Geracao 85: 93902 93902 93902 93902 93902 3887 2883 783 459 433
Geracao 86: 93902 93902 93902 93902 90900 37906 2883 2323 886 328
Geracao 87: 93902 93902 93902 93902 90900 90900 886 700 678 678
Geracao 88: 93902 93902 93902 93902 90900 2883 2883 2862 2323 683
Geracao 89: 93902 93902 93902 90900 37906 2930 2818 2741 2477 2237
Geracao 90: 93902 93902 93902 17936 2883 2679 963 527 322 285
Geracao 91: 93902 93902 93902 93902 93902 93902 93902 2636 678 599
Geracao 92: 93902 93902 93902 93902 93902 93902 90900 2883 2679 515
Geracao 93: 93902 93902 93902 93902 93902 90900 37906 2952 2883 2445
Geracao 94: 93902 93902 93902 93902 93902 93902 37906 5888 592 322
Geracao 95: 93902 93902 93902 93902 93902 93902 93902 2741 2272 432
Geracao 96: 93902 93902 93902 93902 93902 93902 93902 90900 678 285
Geracao 97: 93902 93902 93902 93902 93902 93902 37906 16337 2275 285
Geracao 98: 93902 93902 93902 93902 2883 886 721 678 322 322
Geracao 99: 93902 93902 93902 93902 93902 90900 90900 4888 2272 449
Geracao 100: 93902 93902 93902 93902 93902 93902 93902 93902 93902 4374
Geracao 101: 93902 93902 93902 5858 2906 2862 2739 2343 328 278
Geracao 102: 93902 93902 93902 4888 4888 2942 2906 2741 2715 373
Geracao 103: 93902 93902 93902 5858 2883 2513 2259 886 886 745
Geracao 104: 93902 93902 93902 93902 21937 5858 2931 2741 2679 886
Geracao 105: 93902 93902 93902 93902 93902 90900 2883 2834 2741 2338
Geracao 106: 93902 93902 93902 93902 93902 37906 2862 2741 2741 2741
Geracao 107: 93902 93902 93902 93902 93902 93902 93902 2319 678 425
Geracao 108: 93902 93902 93902 93902 93902 93902 5888 678 289 287
Geracao 109: 93902 93902 5888 2799 2679 2462 2283 1259 751 474
Geracao 110: 93902 93902 93902 93902 93902 90900 2883 678 678 538
Geracao 111: 93902 93902 93902 93902 93902 93902 93902 93902 322 318
Geracao 112: 93902 93902 93902 93902 5888 2237 886 399 389 273
Geracao 113: 93902 93902 93902 2906 2883 2385 2316 886 862 678
Geracao 114: 93902 93902 93902 93902 93902 17936 2883 886 678 322
Geracao 115: 93902 93902 93902 93902 93902 37906 2883 2513 678 423
Geracao 116: 93902 93902 93902 93902 93902 90900 90900 5888 2739 678
Geracao 117: 93902 93902 93902 93902 93902 37906 12685 2883 2862 678
Geracao 118: 93902 93902 93902 93902 5601 4888 2883 2883 678 401
Geracao 119: 93902 93902 93902 37906 2690 886 678 678 484 312
Geracao 120: 93902 93902 93902 93902 93902 93902 37906 945 678 387
Geracao 121: 93902 93902 93902 93902 93902 93902 945 678 407 399
Geracao 122: 93902 93902 93902 93902 93902 93902 93902 90900 2883 381
Geracao 123: 93902 93902 93902 93902 93902 93902 93902 41707 2862 678
Geracao 124: 93902 93902 93902 2883 2883 2468 2454 2317 886 235
Geracao 125: 93902 93902 93902 93902 93902 5888 2883 2336 945 455
Geracao 126: 93902 93902 93902 93902 93902 93902 37906 4888 2883 314
Geracao 127: 93902 93902 93902 93902 93902 93902 93902 5858 2678 2372
Geracao 128: 93902 93902 93902 93902 93902 5888 2913 2883 2674 322
Geracao 129: 93902 93902 93902 93902 93902 2883 2741 2679 235 235
Geracao 130: 93902 93902 93902 93902 93902 93902 93902 2883 2573 450
Geracao 131: 93902 93902 93902 93902 93902 93902 2883 2883 560 322
Geracao 132: 93902 93902 93902 93902 93902 17936 2237 665 533 339
Geracao 133: 93902 93902 93902 93902 2883 2741 2679 2657 326 235
Geracao 134: 93902 93902 93902 93902 93902 93902 2883 2883 945 399
Geracao 135: 93902 93902 93902 93902 93902 93902 2883 2883 2741 886
Geracao 136: 93902 93902 93902 2883 2741 2741 2537 678 598 301
Geracao 137: 93902 93902 93902 93902 93902 93902 93902 93902 93902 678
Geracao 138: 93902 93902 93902 93902 37906 21937 2906 2276 2258 678
Geracao 139: 93902 93902 93902 5858 2883 2883 678 409 306 303
Geracao 140: 93902 93902 93902 90900 7755 5858 2883 2883 2883 311
Geracao 141: 37906 21937 5888 3887 2893 2883 2883 2883 2883 678
Geracao 142: 37906 37906 37906 37906 37906 17936 2739 862 411 310
Geracao 143: 37906 37906 37906 37906 37906 37906 37906 5943 2741 368
Geracao 144: 37906 37906 37906 37906 37906 17936 17936 5943 2573 678
Geracao 145: 37906 37906 37906 37906 37906 37906 5888 2741 278 252
Geracao 146: 37906 37906 37906 37906 37906 37906 37906 5943 2568 2243
Geracao 147: 37906 37906 37906 37906 2741 2741 2679 2549 2496 510
Geracao 148: 37906 37906 37906 37906 37906 5943 5943 5888 2741 678
Geracao 149: 37906 37906 17936 5888 2741 2741 2567 678 412 264
Geracao 150: 37906 37906 17936 2741 2274 862 678 556 459 273
Geracao 151: 37906 37906 37906 37906 37906 17936 17936 17936 17936 2741
Geracao 152: 37906 37906 37906 17936 17936 17936 2979 2741 1338 329
Geracao 153: 37906 37906 37906 37906 17936 5888 2942 2741 2548 541
Geracao 154: 37906 37906 37906 37906 17936 15315 5888 2741 2741 319
Geracao 155: 37906 37906 37906 37906 17936 945 678 678 677 321
Geracao 156: 37906 37906 37906 37906 37906 37906 37906 37906 37906 2741
Geracao 157: 37906 37906 37906 37906 37906 37906 37906 678 273 272
Geracao 158: 37906 37906 37906 37906 37906 37906 5888 645 379 269
Geracao 159: 37906 37906 37906 37906 37906 37906 17936 5888 2378 451
Geracao 160: 37906 37906 37906 37906 37906 37906 2679 2278 678 678
Geracao 161: 37906 37906 37906 37906 37906 37906 37906 37906 37906 37906
Geracao 162: 37906 37906 37906 37906 37906 37906 37906 37906 37906 5888
Geracao 163: 37906 37906 37906 37906 37906 37906 17936 17936 754 264
Geracao 164: 37906 37906 37906 37906 37906 37906 37906 17936 5888 323
Geracao 165: 37906 37906 37906 37906 37906 37906 17936 17936 3887 678
Geracao 166: 37906 37906 37906 37906 17936 2360 930 548 280 279
Geracao 167: 3887 3887 3887 2942 2942 2942 2942 2942 2942 2739
Geracao 168: 5888 3887 3887 3887 3887 3887 3887 3887 3887 2420
Geracao 169: 9952 9952 5943 5888 5888 5888 5888 5888 5858 931
Geracao 170: 9952 9952 9952 9952 9952 931 868 524 459 360
Geracao 171: 9952 9952 9952 9952 9952 2942 1133 931 931 574
Geracao 172: 9952 9952 9952 9952 5888 2868 1480 931 839 623
Geracao 173: 37906 17936 9952 9952 9952 9952 2931 839 685 394
Geracao 174: 5888 5888 5858 3887 3744 3660 945 788 615 343
Geracao 175: 4859 3887 3887 3887 2679 2338 862 862 862 862
Geracao 176: 6447 5888 3733 2646 2315 862 798 327 325 304
Geracao 177: 6447 4799 2788 2424 2367 708 550 548 391 390
Geracao 178: 6447 6447 2575 2521 2424 2327 2313 569 366 319
Geracao 179: 6447 6447 4515 2414 2334 2297 1546 1478 296 295
Geracao 180: 6447 6447 6447 4515 2480 2448 2296 716 607 289
Geracao 181: 6789 6447 4515 4351 2685 2496 2321 943 943 295
Geracao 182: 6789 6789 6447 2334 2301 958 799 644 441 370
Geracao 183: 6789 6789 6789 2658 2327 2290 887 682 676 468
Geracao 184: 6789 6789 6789 2385 2343 713 483 470 367 321
Geracao 185: 21937 7446 2617 2478 2375 2260 1013 601 534 480
Geracao 186: 6789 5888 5888 5888 5888 2906 2788 2504 733 248
Geracao 187: 6789 6789 5888 5888 2617 658 604 584 494 382
Geracao 188: 6789 6789 1438 940 768 489 422 400 394 339
Geracao 189: 6789 4528 3420 2263 600 597 461 435 367 273
Geracao 190: 6789 4520 2804 2701 2365 1104 597 426 416 365
Geracao 191: 6789 4816 4528 3482 2666 2560 1120 943 376 331
Geracao 192: 6789 5888 2384 597 521 497 414 383 323 321
Geracao 193: 6789 6789 5943 2676 2630 2617 2312 801 374 349
Geracao 194: 5888 2594 863 778 713 597 512 398 367 291
Geracao 195: 6789 5888 5888 5888 5888 2930 2741 2679 754 321
Geracao 196: 6789 5888 5402 4816 2604 2485 2383 923 714 421
Geracao 197: 6789 2400 2400 2392 670 601 534 482 466 304
Geracao 198: 6789 6789 6789 2763 2696 2322 2304 768 391 305
Geracao 199: 6789 4534 4534 943 768 768 721 406 399 385
Geracao 200: 6789 6789 2302 2287 733 704 540 534 374 321
Geracao 201: 6789 6789 6789 6789 5888 2372 764 660 505 347
Geracao 202: 6789 6789 3511 2542 1493 848 783 600 443 350
Geracao 203: 6789 2977 2388 779 713 551 394 381 349 344
Geracao 204: 6789 6789 6789 3420 2421 2314 517 441 441 400
Geracao 205: 6789 6789 6789 6789 2617 791 751 696 501 394
Geracao 206: 6819 5350 4816 873 801 644 423 421 374 345
Geracao 207: 4776 1213 810 686 460 445 407 407 407 312
Geracao 208: 4776 2807 2458 2414 2369 2265 624 438 401 356
Geracao 209: 4858 4776 4776 4545 2424 2396 664 452 339 294
Geracao 210: 4858 4858 4858 4858 2867 2482 2444 2402 387 356
Geracao 211: 4858 4858 4858 4858 2550 2405 2396 1199 438 366
Geracao 212: 4858 4858 4858 1022 597 468 412 397 316 311
Geracao 213: 4858 4858 4858 4858 4507 4434 2402 1229 500 420
Geracao 214: 5498 4858 4858 4858 3478 2384 1553 543 344 336
Geracao 215: 2450 2431 2428 2418 2322 2322 2322 558 378 258
Geracao 216: 5498 2621 2540 2404 2244 400 375 370 327 273
Geracao 217: 5498 5498 2621 2568 2465 2403 382 364 353 325
Geracao 218: 2450 2400 2396 2321 2321 829 825 729 315 297
Geracao 219: 4534 2450 2450 2450 2447 2357 2333 410 410 356
Geracao 220: 3212 2898 2444 1634 1622 896 896 820 554 403
Geracao 221: 3212 2672 2333 2333 1499 1374 995 440 431 275
Geracao 222: 3212 2857 2669 2638 1605 1305 736 629 300 262
Geracao 223: 3212 3212 3212 3212 2521 1709 899 760 653 440
Geracao 224: 3564 3455 3212 2573 1543 1463 854 790 410 277
Geracao 225: 4412 2438 1398 1377 1202 1003 815 483 394 354
Geracao 226: 9597 4412 4412 4412 2618 2510 2316 1468 556 515
Geracao 227: 10664 9597 2433 1493 719 603 520 455 367 361
Geracao 228: 10664 10664 10664 10664 10664 5609 2423 1648 969 767
Geracao 229: 10664 3620 2595 2591 885 851 691 644 533 514
Geracao 230: 10664 2881 2591 2405 1130 963 881 541 515 515
Geracao 231: 10664 10664 5609 2594 2431 1984 1289 965 715 379
Geracao 232: 10664 2723 2591 1584 1410 1257 810 578 549 510
Geracao 233: 10664 10664 10664 10664 3513 2572 2502 950 572 518
Geracao 234: 10664 10664 10664 9572 1408 1015 602 524 436 422
Geracao 235: 53611 10664 10664 2742 2540 2356 1582 964 845 506
Geracao 236: 53611 53611 53611 2545 2506 739 624 524 447 405
Geracao 237: 53611 53611 53611 2636 2593 2582 2426 498 426 378
Geracao 238: 234710 53611 53611 53611 2921 2439 852 667 358 358
Geracao 239: 234710 234710 234710 234710 234710 141866 2698 709 605 313
Geracao 240: 234710 234710 234710 234710 234710 234710 234710 234710 234710 1915
Geracao 241: 234710 234710 234710 234710 234710 234710 234710 2347 396 396
Geracao 242: 234710 234710 234710 234710 234710 234710 234710 234710 2807 943
Geracao 243: 234710 234710 234710 234710 234710 234710 234710 234710 234710 234710
Geracao 244: 234710 234710 234710 234710 234710 234710 234710 234710 2862 392
Geracao 245: 234710 234710 234710 234710 234710 234710 234710 234710 234710 704
Geracao 246: 234710 234710 234710 234710 234710 234710 234710 234710 808 439
Geracao 247: 234710 234710 234710 234710 234710 234710 234710 2477 660 381
Geracao 248: 234710 234710 234710 234710 234710 234710 234710 234710 2533 647
Geracao 249: 234710 234710 234710 234710 234710 234710 234710 234710 479 432
Geracao 250: 234710 234710 234710 234710 234710 234710 234710 234710 39481 6718
Geracao 251: 234710 234710 234710 234710 234710 234710 234710 234710 234710 199697
Geracao 252: 234710 234710 234710 234710 234710 234710 234710 234710 234710 234710
Geracao 253: 234710 234710 234710 234710 234710 234710 18510 3446 918 447
Geracao 254: 234710 234710 234710 234710 234710 234710 234710 234710 234710 234710
Geracao 255: 234710 234710 234710 234710 234710 234710 234710 2356 775 638
Geracao 256: 234710 234710 234710 234710 234710 234710 234710 1611 958 767
Geracao 257: 234710 234710 234710 234710 234710 234710 39481 2294 995 719
Geracao 258: 234710 234710 234710 234710 234710 234710 719 719 621 556
Geracao 259: 234710 234710 234710 234710 234710 234710 234710 958 774 736
Geracao 260: 234710 234710 234710 234710 234710 234710 39481 39481 1832 958
Geracao 261: 234710 234710 234710 234710 234710 234710 234710 234710 234710 234710
Geracao 262: 234710 234710 234710 234710 234710 234710 234710 234710 2741 2501
Geracao 263: 234710 234710 234710 234710 234710 234710 234710 2225 315 285
Geracao 264: 234710 234710 234710 234710 234710 234710 234710 234710 209893 566
Geracao 265: 234710 234710 234710 234710 234710 234710 49521 2682 2531 256
Geracao 266: 234710 234710 234710 234710 234710 234710 234710 2486 2372 748
Geracao 267: 234710 234710 234710 234710 234710 234710 234710 234710 234710 39481
Geracao 268: 234710 234710 234710 234710 234710 234710 234710 234710 39481 39481
Geracao 269: 234710 234710 234710 234710 234710 234710 6688 2803 810 714
Geracao 270: 234710 234710 234710 234710 234710 234710 234710 234710 425 268
Geracao 271: 234710 234710 234710 234710 234710 234710 234710 234710 65849 2277
Geracao 272: 234710 234710 234710 234710 234710 234710 234710 234710 39481 2533
Geracao 273: 234710 234710 234710 234710 234710 234710 234710 2313 534 534
Geracao 274: 234710 234710 234710 234710 234710 234710 234710 234710 2535 1033
Geracao 275: 234710 234710 234710 234710 234710 234710 234710 39481 2710 325
Geracao 276: 234710 234710 234710 234710 234710 234710 234710 234710 234710 2322
Geracao 277: 234710 234710 234710 234710 234710 234710 234710 234710 39481 2472
Geracao 278: 234710 234710 234710 234710 234710 234710 234710 1088 608 292
Geracao 279: 234710 234710 234710 234710 234710 234710 234710 234710 2819 241
Geracao 280: 234710 234710 234710 234710 234710 234710 234710 234710 2408 913
Geracao 281: 234710 234710 234710 234710 234710 234710 234710 234710 234710 234710
Geracao 282: 234710 234710 234710 234710 234710 234710 234710 234710 39481 455
Geracao 283: 234710 234710 234710 234710 234710 234710 234710 2986 2986 849
Geracao 284: 234710 234710 234710 234710 234710 234710 234710 234710 39481 1378
Geracao 285: 234710 234710 234710 234710 39481 39481 2218 745 261 261
Geracao 286: 234710 234710 234710 234710 234710 234710 234710 234710 234710 367
Geracao 287: 234710 234710 234710 234710 39481 2908 455 430 297 261
Geracao 288: 234710 234710 234710 234710 234710 234710 234710 10685 2494 506
Geracao 289: 234710 234710 234710 234710 234710 234710 39481 2119 416 416
Geracao 290: 243727 234710 234710 234710 234710 234710 234710 234710 234710 2281
Geracao 291: 243727 243727 243727 243727 243727 243727 234710 234710 452 317
Geracao 292: 243727 243727 243727 243727 243727 243727 243727 39481 39481 6706
Geracao 293: 243727 243727 243727 243727 243727 243727 243727 2529 2399 409
Geracao 294: 243727 243727 243727 243727 243727 243727 243727 243727 243727 391
Geracao 295: 243727 243727 243727 243727 243727 243727 243727 39481 2585 2315
Geracao 296: 243727 243727 243727 243727 243727 243727 243727 243727 243727 243727
Geracao 297: 243727 243727 243727 243727 243727 243727 243727 243727 39481 521
Geracao 298: 243727 243727 243727 243727 243727 243727 243727 39481 2485 305
Geracao 299: 243727 243727 243727 243727 243727 243727 243727 243727 243727 2485
Geracao 300: 243727 243727 243727 243727 243727 243727 243727 3083 683 527
Geracao 301: 243727 243727 243727 243727 243727 243727 243727 243727 243727 2349
Geracao 302: 243727 243727 243727 243727 243727 243727 243727 243727 243727 774
Geracao 303: 243727 243727 243727 243727 243727 243727 39481 2384 1113 812
Geracao 304: 243727 243727 243727 243727 243727 243727 243727 243727 784 560
Geracao 305: 243727 243727 243727 243727 243727 243727 243727 243727 243727 243727
Geracao 306: 243727 243727 243727 243727 243727 243727 243727 767 418 404
Geracao 307: 243727 243727 243727 243727 243727 243727 243727 243727 243727 466
Geracao 308: 243727 243727 243727 243727 243727 243727 243727 243727 243727 2968
Geracao 309: 243727 243727 243727 243727 243727 243727 243727 2471 1192 614
Geracao 310: 243727 243727 243727 243727 243727 243727 243727 917 608 515
Geracao 311: 243727 243727 243727 243727 243727 243727 243727 243727 690 362
Geracao 312: 243727 243727 243727 243727 243727 243727 243727 243727 1010 938
Geracao 313: 243727 243727 243727 243727 243727 243727 243727 243727 407 374
Geracao 314: 243727 243727 243727 243727 243727 243727 243727 243727 243727 2296
Geracao 315: 243727 243727 243727 243727 243727 243727 243727 243727 243727 2583
Geracao 316: 243727 243727 243727 39481 2785 930 930 742 474 286
Geracao 317: 243727 243727 243727 243727 243727 243727 243727 2440 883 362
Geracao 318: 243727 243727 243727 243727 243727 243727 243727 39481 889 776
Geracao 319: 243727 243727 243727 243727 243727 243727 243727 243727 39481 476
Geracao 320: 243727 243727 243727 243727 243727 3506 2933 686 492 315
Geracao 321: 243727 243727 243727 243727 243727 243727 39481 811 319 261
Geracao 322: 243727 243727 243727 243727 243727 243727 243727 243727 182973 39481
Geracao 323: 243727 243727 243727 243727 243727 243727 243727 797 686 409
Geracao 324: 243727 243727 243727 243727 243727 243727 243727 39481 39481 361
Geracao 325: 243727 243727 243727 243727 243727 243727 243727 243727 243727 243727
Geracao 326: 243727 243727 243727 243727 243727 243727 243727 243727 243727 243727
Geracao 327: 243727 243727 243727 243727 243727 243727 243727 243727 2444 686
Geracao 328: 243727 243727 243727 243727 243727 243727 243727 243727 243727 243727
Geracao 329: 243727 243727 243727 243727 243727 243727 243727 243727 722 428
Geracao 330: 243727 243727 243727 243727 243727 243727 243727 243727 2720 776
Geracao 331: 356120 243727 243727 243727 243727 243727 243727 243727 243727 243727
Geracao 332: 356120 356120 356120 243727 243727 243727 2396 554 414 338
Geracao 333: 356120 356120 356120 356120 356120 356120 356120 356120 356120 356120
Geracao 334: 356120 356120 356120 356120 356120 356120 356120 356120 356120 2508
Geracao 335: 356120 356120 356120 356120 356120 356120 356120 356120 2629 392
Geracao 336: 356120 356120 356120 356120 356120 356120 356120 356120 3012 321
Geracao 337: 356120 356120 356120 356120 356120 356120 356120 2443 665 462
Geracao 338: 356120 356120 356120 356120 356120 356120 356120 356120 356120 2388
Geracao 339: 356120 356120 356120 356120 356120 356120 356120 356120 356120 527
Geracao 340: 356120 356120 356120 356120 356120 356120 356120 5488 2838 492
Geracao 341: 356120 356120 356120 356120 356120 356120 356120 356120 4421 352
Geracao 342: 356120 356120 356120 356120 356120 356120 356120 356120 356120 435
Geracao 343: 356120 356120 356120 356120 356120 356120 2394 2345 575 243
Geracao 344: 356120 356120 356120 356120 356120 356120 356120 3614 814 262
Geracao 345: 356120 356120 356120 356120 356120 356120 356120 356120 74455 12004
Geracao 346: 356120 356120 356120 356120 356120 356120 356120 356120 356120 915
Geracao 347: 359884 356120 356120 356120 356120 356120 356120 356120 777 422
Geracao 348: 359884 359884 359884 356120 355218 602 490 486 462 406
Geracao 349: 359884 359884 359884 359884 359884 359884 359884 359884 359884 359884
Geracao 350: 359884 359884 359884 359884 359884 104879 104879 104879 104879 87758
Geracao 351: 359884 359884 359884 359884 359884 359884 359884 359884 104879 777
Geracao 352: 359884 359884 359884 359884 359884 359884 359884 104879 432 395
Geracao 353: 359884 359884 359884 359884 359884 359884 87758 5680 2425 2319
Geracao 354: 359884 359884 359884 359884 359884 359884 359884 592 478 256
Geracao 355: 359884 359884 359884 359884 359884 359884 359884 359884 359884 462
Geracao 356: 359884 359884 359884 359884 359884 359884 104879 2412 462 352
Geracao 357: 359884 359884 359884 359884 359884 359884 359884 359884 359884 2490
Geracao 358: 359884 359884 359884 359884 359884 359884 359884 359884 2490 499
Geracao 359: 359884 359884 359884 359884 359884 359884 359884 104879 104879 2307
Geracao 360: 359884 359884 359884 359884 359884 359884 359884 359884 87758 4646
Geracao 361: 359884 359884 359884 359884 359884 359884 359884 4879 2315 1681
Geracao 362: 359884 359884 359884 359884 359884 359884 89464 87758 462 403
Geracao 363: 359884 359884 359884 359884 359884 359884 359884 359884 359884 2494
Geracao 364: 359884 359884 359884 359884 359884 359884 359884 359884 104879 2367
Geracao 365: 359884 359884 359884 359884 359884 359884 87758 2522 2341 462
Geracao 366: 359884 359884 359884 359884 359884 359884 359884 359884 104879 104879
Geracao 367: 359884 359884 359884 359884 359884 359884 359884 359884 104879 462
Geracao 368: 359884 359884 359884 359884 359884 104879 87758 2709 462 297
Geracao 369: 359884 359884 359884 359884 359884 359884 359884 359884 104879 534
Geracao 370: 359884 359884 359884 359884 359884 359884 359884 359884 462 395
Geracao 371: 359884 359884 359884 359884 359884 359884 359884 359884 359884 5669
Geracao 372: 359884 359884 359884 359884 359884 359884 359884 359884 104879 2374
Geracao 373: 359884 359884 359884 359884 359884 359884 359884 359884 2380 322
Geracao 374: 359884 359884 359884 359884 359884 359884 359884 104879 2684 2376
Geracao 375: 359884 359884 359884 359884 359884 359884 359884 341810 2371 365
Geracao 376: 359884 359884 359884 359884 359884 359884 359884 359884 104879 500
Geracao 377: 359884 359884 359884 359884 359884 359884 104879 472 408 363
Geracao 378: 359884 359884 359884 359884 359884 359884 359884 359884 104879 993
Geracao 379: 359884 359884 359884 359884 359884 359884 254102 104879 104879 87758
Geracao 380: 359884 359884 359884 359884 359884 359884 359884 359884 359884 359884
Geracao 381: 359884 359884 359884 359884 359884 359884 359884 359884 2571 2317
Geracao 382: 359884 359884 359884 359884 359884 359884 359884 104879 2458 516
Geracao 383: 359884 359884 359884 359884 359884 359884 104879 104879 2291 2291
Geracao 384: 359884 359884 359884 359884 359884 359884 359884 104879 104879 374
Geracao 385: 359884 359884 359884 359884 359884 359884 359884 359884 104879 2513
Geracao 386: 359884 359884 359884 359884 359884 359884 359884 359884 359884 104879
Geracao 387: 359884 359884 359884 359884 359884 359884 104879 85740 2790 414
Geracao 388: 359884 359884 359884 359884 359884 359884 359884 359884 561 501
Geracao 389: 359884 359884 359884 359884 359884 359884 359884 104879 4377 319
Geracao 390: 359884 359884 359884 359884 359884 359884 359884 32526 2665 2643
Geracao 391: 359884 359884 359884 359884 359884 359884 104879 87758 995 698
Geracao 392: 359884 359884 359884 359884 359884 359884 2820 2600 352 265
Geracao 393: 359884 359884 359884 359884 359884 104879 104879 87758 2515 531
Geracao 394: 359884 359884 359884 359884 359884 359884 359884 582 462 462
Geracao 395: 359884 359884 359884 359884 359884 359884 359884 359884 359884 2533
Geracao 396: 359884 359884 359884 359884 359884 2397 600 462 396 374
Geracao 397: 359884 359884 359884 359884 359884 359884 359884 359884 359884 497
Geracao 398: 359884 359884 359884 359884 359884 104879 104879 2442 2373 346
Geracao 399: 359884 359884 359884 359884 359884 359884 359884 359884 104879 2377
Geracao 400: 359884 359884 359884 359884 359884 359884 104879 104879 2675 573
Geracao 401: 359884 359884 359884 359884 359884 359884 359884 359884 359884 359884
Geracao 402: 359884 359884 359884 359884 359884 359884 359884 359884 2638 489
Geracao 403: 359884 359884 359884 359884 359884 359884 359884 359884 359884 87758
Geracao 404: 359884 359884 359884 359884 359884 359884 359884 104879 2430 2313
Geracao 405: 359884 359884 359884 359884 359884 359884 359884 125892 2354 698
Geracao 406: 359884 359884 359884 359884 359884 359884 359884 359884 104879 366
Geracao 407: 359884 359884 359884 359884 359884 359884 359884 359884 359884 462
Geracao 408: 359884 359884 359884 359884 359884 359884 359884 9672 2527 449
Geracao 409: 359884 359884 359884 359884 359884 359884 359884 87758 2652 2451
Geracao 410: 359884 359884 359884 359884 359884 359884 359884 359884 359884 359884
Geracao 411: 359884 359884 359884 359884 359884 359884 359884 359884 359884 87758
Geracao 412: 359884 359884 359884 359884 359884 359884 359884 359884 359884 387
Geracao 413: 359884 359884 359884 359884 359884 359884 359884 2578 2393 462
Geracao 414: 359884 359884 359884 359884 359884 359884 3676 2578 2518 445
Geracao 415: 359884 359884 359884 359884 359884 359884 359884 359884 22532 1242
Geracao 416: 359884 359884 359884 359884 359884 359884 359884 359884 359884 60778
Geracao 417: 359884 359884 359884 359884 359884 359884 359884 359884 104879 561
Geracao 418: 359884 359884 359884 359884 359884 359884 254733 2867 2341 409
Geracao 419: 359884 359884 359884 359884 359884 359884 359884 359884 359884 87758
Geracao 420: 359884 359884 359884 359884 359884 359884 359884 359884 359884 406
Geracao 421: 359884 359884 359884 359884 359884 359884 104879 2618 666 616
Geracao 422: 359884 359884 359884 359884 359884 359884 359884 359884 104879 9370
Geracao 423: 359884 359884 359884 359884 359884 359884 359884 359884 104879 456
Geracao 424: 359884 359884 359884 359884 359884 359884 87758 87758 9678 2661
Geracao 425: 359884 359884 359884 359884 359884 359884 359884 359884 359884 104879
Geracao 426: 359884 359884 359884 359884 359884 359884 359884 359884 359884 462
Geracao 427: 359884 359884 359884 359884 359884 359884 104879 2615 2610 510
Geracao 428: 359884 359884 359884 359884 359884 359884 359884 2610 977 604
Geracao 429: 359884 359884 359884 359884 359884 359884 104879 4881 2625 2591
Geracao 430: 359884 359884 359884 359884 359884 359884 359884 359884 359884 104879
Geracao 431: 359884 359884 359884 359884 359884 359884 359884 359884 359884 3755
Geracao 432: 359884 359884 359884 359884 359884 359884 359884 2508 620 305
Geracao 433: 359884 359884 359884 359884 359884 359884 359884 359884 359884 326072
Geracao 434: 359884 359884 359884 359884 359884 359884 359884 2585 524 462
Geracao 435: 359884 359884 359884 359884 359884 359884 359884 87758 2545 2505
Geracao 436: 359884 359884 359884 359884 359884 109510 104879 104879 2765 2473
Geracao 437: 359884 359884 359884 359884 359884 359884 359884 359884 2542 520
Geracao 438: 359884 359884 359884 359884 359884 359884 359884 359884 359884 827
Geracao 439: 359884 359884 359884 359884 359884 359884 359884 359884 104879 3647
Geracao 440: 359884 359884 359884 359884 359884 359884 359884 359884 359884 2432
Geracao 441: 359884 359884 359884 359884 359884 359884 104879 87758 2384 462
Geracao 442: 359884 359884 359884 359884 359884 359884 359884 359884 104879 428
Geracao 443: 359884 359884 359884 359884 359884 359884 359884 104879 104879 2356
Geracao 444: 359884 359884 359884 359884 359884 359884 104879 104879 2694 858
Geracao 445: 359884 359884 359884 359884 359884 359884 359884 359884 104879 462
Geracao 446: 359884 359884 359884 359884 359884 359884 359884 359884 359884 359884
Geracao 447: 359884 359884 359884 359884 359884 359884 359884 359884 500 459
Geracao 448: 359884 359884 359884 359884 359884 359884 359884 359884 87758 462
Geracao 449: 359884 359884 359884 359884 359884 359884 359884 359884 2389 2366
Geracao 450: 359884 359884 359884 359884 359884 359884 359884 87758 87758 2496
Geracao 451: 359884 359884 359884 359884 359884 359884 359884 359884 655 324
Geracao 452: 359884 359884 359884 359884 359884 359884 359884 87758 2353 957
Geracao 453: 359884 359884 359884 359884 359884 359884 359884 87758 87758 462
Geracao 454: 359884 359884 359884 359884 359884 359884 359884 359884 359884 462
Geracao 455: 361882 359884 359884 359884 359884 359884 359884 359884 87758 87758
Geracao 456: 361882 361882 361882 361882 361882 359884 359884 359884 2585 305
Geracao 457: 361882 361882 361882 361882 361882 361882 361882 361882 3146 256
Geracao 458: 361882 361882 361882 361882 361882 361882 361882 361882 361882 361882
Geracao 459: 361882 361882 361882 361882 361882 361882 361882 361882 361882 361882
Geracao 460: 361882 361882 361882 361882 361882 361882 361882 361882 361882 3146
Geracao 461: 361882 361882 361882 361882 361882 361882 361882 361882 10390 1097
Geracao 462: 361882 361882 361882 361882 361882 361882 361882 361882 556 367
Geracao 463: 361882 361882 361882 361882 361882 361882 361882 361882 361882 361882
Geracao 464: 361882 361882 361882 361882 361882 361882 361882 361882 361882 462
Geracao 465: 361882 361882 361882 361882 361882 361882 361882 361882 361882 361882
Geracao 466: 361882 361882 361882 361882 361882 361882 7554 2676 2381 953
Geracao 467: 361882 361882 361882 361882 361882 361882 361882 361882 361882 361882
Geracao 468: 361882 361882 361882 361882 361882 3659 3146 3146 358 355
Geracao 469: 361882 361882 361882 361882 361882 361882 361882 361882 3146 589
Geracao 470: 361882 361882 361882 361882 361882 361882 361882 361882 2651 2387
Geracao 471: 361882 361882 361882 361882 361882 361882 361882 4278 2484 713
Geracao 472: 361882 361882 361882 361882 361882 361882 3146 3146 2988 2824
Geracao 473: 361882 361882 361882 361882 3146 3146 684 654 636 337
Geracao 474: 361882 361882 361882 361882 361882 361882 361882 361882 2428 384
Geracao 475: 361882 361882 361882 361882 361882 361882 361882 361882 2437 394
Geracao 476: 361882 361882 361882 361882 361882 361882 361882 2530 954 475
Geracao 477: 361882 361882 361882 361882 361882 361882 361882 361882 5521 589
Geracao 478: 361882 361882 361882 361882 361882 361882 361882 361882 361882 3146
Geracao 479: 361882 361882 361882 361882 361882 361882 361882 361882 650 650
Geracao 480: 361882 361882 361882 361882 361882 361882 361882 361882 2812 650
Geracao 481: 361882 361882 361882 361882 361882 361882 361882 3146 2679 894
Geracao 482: 361882 361882 361882 361882 361882 361882 361882 361882 356 345
Geracao 483: 361882 361882 361882 361882 361882 361882 361882 361882 361882 745
Geracao 484: 361882 361882 361882 361882 361882 361882 3146 3146 3146 374
Geracao 485: 361882 361882 361882 361882 361882 361882 361882 3146 375 280
Geracao 486: 361882 361882 361882 361882 361882 361882 361882 361882 448 344
Geracao 487: 361882 361882 361882 361882 361882 361882 313806 110874 462 266
Geracao 488: 361882 361882 361882 361882 361882 361882 361882 361882 4289 4289
Geracao 489: 361882 361882 361882 361882 361882 361882 361882 361882 361882 361882
Geracao 490: 361882 361882 361882 361882 361882 3146 3146 3146 3146 462
Geracao 491: 361882 361882 361882 361882 361882 361882 361882 355863 3610 3146
Geracao 492: 361882 361882 361882 361882 361882 361882 361882 361882 361882 361882
Geracao 493: 361882 361882 361882 361882 361882 361882 361882 361882 361882 262
Geracao 494: 361882 361882 361882 361882 361882 361882 361882 361882 4277 271
Geracao 495: 361882 361882 361882 361882 361882 361882 361882 361882 361882 361882
Geracao 496: 361882 361882 361882 4253 3146 2563 2370 632 462 323
Geracao 497: 361882 361882 361882 361882 361882 361882 361882 33438 3146 462
Geracao 498: 361882 361882 361882 361882 361882 361882 361882 361882 4257 2270
Geracao 499: 361882 361882 361882 361882 361882 361882 3197 3146 2982 471
Geracao 500: 361882 361882 361882 361882 361882 361882 361882 443 425 326
Geracao 501: 361882 361882 361882 361882 4451 3146 3146 3146 2901 1009
Geracao 502: 361882 361882 361882 361882 361882 361882 3146 3146 1010 869
Geracao 503: 361882 361882 361882 361882 361882 361882 361882 361882 339810 3146
Geracao 504: 3146 3146 3146 3146 3146 3146 3146 3146 3146 462
Geracao 505: 3146 3146 3146 3146 3146 3146 3146 3146 2344 2151
Geracao 506: 103517 3146 3146 3146 3146 3146 3146 3146 2989 966
Geracao 507: 3244 3146 3146 3146 3146 3146 3146 3021 2953 2953
Geracao 508: 103517 103517 103517 66231 3939 3146 3146 673 664 573
Geracao 509: 103517 103517 101859 4070 2912 2585 2333 948 710 565
Geracao 510: 103517 103517 103517 103517 103517 2696 1168 818 722 594
Geracao 511: 112927 103517 103517 103517 103517 2334 615 462 462 453
Geracao 512: 4690 3430 2780 2691 757 690 672 657 447 436
Geracao 513: 4690 4690 4690 4690 4690 2691 2691 2691 654 462
Geracao 514: 4690 4690 4690 3820 2691 2587 1233 1196 1012 915
Geracao 515: 4690 4690 4690 4690 2909 2878 2777 2712 748 462
Geracao 516: 5880 5713 4874 4690 4690 4690 4553 2691 2319 345
Geracao 517: 4690 4690 4690 4690 4690 2953 1081 767 679 462
Geracao 518: 4691 4690 2569 2469 676 569 496 469 360 354
Geracao 519: 4691 4691 4691 4691 4691 4691 2928 2693 2691 2658
Geracao 520: 256181 4693 4691 4691 4691 4691 2691 2359 698 323
Geracao 521: 5056 5056 5056 2815 2815 2169 1018 761 525 442
Geracao 522: 112927 112927 5056 5056 5056 5056 3039 2815 2482 1354
Geracao 523: 365290 113181 112927 112927 83583 26059 2692 2692 2691 927
Geracao 524: 459020 365290 324058 112928 5910 4690 4690 3057 2692 834
Geracao 525: 459020 459020 459020 459020 459020 459020 114562 112927 2860 2482
Geracao 526: 459020 459020 459020 459020 459020 459020 459020 459020 5844 2487
Geracao 527: 459020 459020 459020 459020 459020 459020 459020 459020 2723 937
Geracao 528: 459020 459020 459020 459020 459020 459020 8059 3820 3820 2969
Geracao 529: 459020 459020 459020 459020 459020 357056 112927 3820 2508 1386
Geracao 530: 459020 459020 459020 459020 459020 459020 459020 2691 1860 1700
Geracao 531: 459020 459020 459020 459020 115927 8059 3156 3040 1060 1027
Geracao 532: 459020 459020 459020 459020 459020 459020 22054 8059 8059 3164
Geracao 533: 459020 459020 459020 459020 459020 459020 459020 459020 459020 3375
Geracao 534: 459020 459020 459020 459020 459020 459020 459020 3513 1123 462
Geracao 535: 459020 459020 459020 459020 459020 459020 1531 1531 1531 1531
Geracao 536: 459020 459020 459020 459020 459020 459020 2730 2730 2487 2487
Geracao 537: 459020 459020 459020 459020 459020 459020 459020 459020 459020 459020
Geracao 538: 459020 459020 459020 459020 459020 459020 459020 459020 5057 313
Geracao 539: 459020 459020 459020 459020 459020 459020 459020 459020 459020 320
Geracao 540: 459020 459020 459020 459020 459020 459020 459020 459020 2494 2276
Geracao 541: 459020 459020 459020 459020 459020 459020 459020 459020 459020 459020
Geracao 542: 459020 459020 459020 459020 459020 459020 459020 2487 2276 270
Geracao 543: 459020 459020 459020 459020 459020 459020 459020 459020 2487 2276
Geracao 544: 459020 459020 459020 459020 459020 459020 459020 2276 2276 2276
Geracao 545: 459020 459020 459020 459020 459020 459020 459020 459020 2276 278
Geracao 546: 459020 459020 459020 459020 459020 459020 459020 459020 459020 459020
Geracao 547: 459020 459020 459020 459020 459020 459020 459020 459020 459020 2276
Geracao 548: 459020 459020 459020 459020 459020 459020 459020 459020 696 278
Geracao 549: 459020 459020 459020 459020 459020 459020 459020 459020 459020 278
Geracao 550: 459020 459020 459020 459020 459020 459020 459020 2487 2487 277
Geracao 551: 459020 459020 459020 459020 459020 459020 459020 20582 2487 261
Geracao 552: 459020 459020 459020 459020 459020 459020 459020 2261 261 261
Geracao 553: 459020 459020 459020 459020 459020 459020 459020 459020 20582 20582
Geracao 554: 459020 459020 459020 459020 459020 459020 20582 3314 261 261
Geracao 555: 459020 459020 459020 459020 459020 459020 459020 2020 619 599
Geracao 556: 459020 459020 459020 459020 459020 3237 2893 2876 1021 758
Geracao 557: 459020 459020 459020 459020 459020 1602 1040 930 913 680
Geracao 558: 459020 459020 459020 459020 459020 459020 459020 3650 2863 719
Geracao 559: 459020 459020 459020 459020 459020 459020 459020 459020 459020 436
Geracao 560: 459020 459020 459020 459020 459020 459020 459020 369978 1078 413
Geracao 561: 459020 459020 459020 459020 459020 459020 459020 459020 459020 2781
Geracao 562: 459020 459020 459020 459020 459020 459020 2928 2781 2781 2781
Geracao 563: 459020 459020 459020 459020 459020 459020 459020 459020 3544 2928
Geracao 564: 459020 459020 459020 459020 459020 459020 459020 459020 2928 2928
Geracao 565: 459020 459020 459020 459020 459020 459020 459020 459020 2928 2928
Geracao 566: 459020 459020 459020 459020 459020 459020 459020 459020 459020 459020
Geracao 567: 459020 459020 459020 459020 459020 459020 459020 459020 459020 2928
Geracao 568: 459020 459020 459020 459020 459020 459020 459020 459020 2928 2928
Geracao 569: 459020 459020 459020 459020 459020 459020 459020 2928 2928 2928
Geracao 570: 459020 459020 459020 459020 459020 459020 459020 459020 459020 20582
Geracao 571: 459020 459020 459020 459020 459020 459020 459020 459020 20582 2928
Geracao 572: 459020 459020 459020 101036 24554 20582 20582 20582 2487 1670
Geracao 573: 459020 459020 459020 459020 459020 459020 459020 459020 515 515
Geracao 574: 459020 459020 459020 459020 459020 459020 459020 459020 459020 515
Geracao 575: 459020 459020 459020 459020 459020 459020 459020 2842 762 560
Geracao 576: 459020 459020 459020 459020 20582 20582 4600 515 480 360
Geracao 577: 459020 459020 459020 459020 459020 459020 459020 459020 459020 2519
Geracao 578: 459020 459020 459020 459020 459020 459020 145257 20582 2607 373
Geracao 579: 459020 459020 459020 459020 459020 459020 459020 5532 2487 572
Geracao 580: 459020 459020 459020 459020 459020 459020 459020 20582 20582 2514
Geracao 581: 459020 459020 459020 459020 459020 459020 20582 2664 477 418
Geracao 582: 459020 459020 459020 459020 459020 459020 459020 459020 20582 447
Geracao 583: 459020 459020 459020 459020 459020 459020 459020 459020 459020 2487
Geracao 584: 459020 459020 459020 459020 459020 459020 459020 459020 459020 20582
Geracao 585: 459020 459020 459020 459020 459020 459020 459020 459020 459020 989
Geracao 586: 459020 459020 459020 459020 459020 459020 3028 816 409 388
Geracao 587: 459020 459020 459020 459020 459020 459020 459020 459020 459020 333
Geracao 588: 459020 459020 459020 459020 459020 459020 459020 2668 825 640
Geracao 589: 459020 459020 459020 459020 459020 459020 459020 459020 459020 3121
Geracao 590: 459020 459020 459020 459020 459020 2487 655 575 469 447
Geracao 591: 459020 459020 459020 459020 459020 459020 459020 2774 2487 2487
Geracao 592: 459020 459020 459020 459020 459020 459020 459020 459020 459020 2487
Geracao 593: 459020 459020 459020 459020 459020 459020 459020 459020 459020 2709
Geracao 594: 459020 459020 459020 459020 459020 459020 477 477 426 396
Geracao 595: 459020 459020 459020 459020 459020 459020 5112 2539 562 499
Geracao 596: 459020 459020 459020 459020 459020 459020 2795 846 751 741
Geracao 597: 459020 459020 459020 459020 459020 459020 459020 4533 2487 619
Geracao 598: 459020 459020 459020 459020 459020 459020 4525 524 507 499
Geracao 599: 459020 459020 459020 459020 459020 459020 459020 2527 2464 235
Geracao 600: 459020 459020 459020 459020 459020 459020 459020 459020 6517 2487
Geracao 601: 459020 459020 459020 459020 459020 459020 459020 459020 680 426
Geracao 602: 459020 459020 459020 459020 459020 459020 459020 14673 2540 329
Geracao 603: 459020 459020 459020 459020 459020 459020 459020 459020 2487 1104
Geracao 604: 459020 459020 459020 459020 459020 459020 459020 2370 1079 603
Geracao 605: 459020 459020 459020 459020 459020 459020 459020 20582 2523 507
Geracao 606: 459020 459020 459020 459020 459020 459020 459020 2675 483 452
Geracao 607: 459020 459020 459020 459020 459020 459020 2725 2439 2350 1414
Geracao 608: 459020 459020 459020 459020 459020 459020 3728 2519 1127 605
Geracao 609: 459020 459020 459020 459020 459020 459020 459020 459020 2483 2403
Geracao 610: 459020 459020 459020 459020 459020 459020 459020 459020 2820 2543
Geracao 611: 459020 459020 459020 459020 459020 459020 459020 3284 2350 1087
Geracao 612: 459020 459020 459020 459020 459020 459020 459020 459020 459020 2564
Geracao 613: 459020 459020 459020 459020 459020 459020 459020 459020 459020 459020
Geracao 614: 459020 459020 459020 459020 459020 459020 459020 459020 459020 459020
Geracao 615: 459020 459020 459020 459020 192408 3589 3589 2626 2487 453
Geracao 616: 459020 459020 459020 459020 459020 459020 459020 459020 2618 2350
Geracao 617: 459020 459020 459020 459020 459020 459020 459020 459020 459020 12643
Geracao 618: 459020 459020 459020 459020 459020 459020 459020 459020 126072 10674
Geracao 619: 459020 459020 459020 459020 459020 459020 459020 5082 3589 3589
Geracao 620: 459020 459020 459020 459020 459020 459020 459020 3589 2588 662
Geracao 621: 459020 459020 459020 459020 459020 95591 10674 3589 2588 500
Geracao 622: 459020 459020 459020 459020 459020 459020 459020 459020 5675 3589
Geracao 623: 459020 459020 459020 459020 459020 459020 459020 459020 3589 2350
Geracao 624: 459020 459020 459020 459020 459020 459020 459020 459020 3589 2588
Geracao 625: 459020 459020 459020 459020 459020 459020 459020 459020 3589 662
Geracao 626: 459020 459020 459020 459020 459020 459020 453020 3589 3589 2660
Geracao 627: 459020 459020 459020 459020 459020 459020 459020 459020 16640 2660
Geracao 628: 459020 459020 459020 459020 459020 459020 459020 459020 459020 459020
Geracao 629: 459020 459020 459020 459020 459020 459020 459020 459020 459020 2588
Geracao 630: 459020 459020 459020 459020 459020 459020 459020 459020 3589 2588
Geracao 631: 459020 459020 459020 459020 459020 459020 459020 459020 459020 459020
Geracao 632: 459020 459020 459020 459020 459020 459020 459020 459020 459020 459020
Geracao 633: 459020 459020 459020 459020 459020 459020 459020 3589 2588 2588
Geracao 634: 459020 459020 459020 459020 459020 459020 2607 2588 2588 2588
Geracao 635: 459020 459020 459020 459020 459020 459020 459020 3589 3589 2588
Geracao 636: 459020 459020 459020 459020 459020 459020 459020 459020 2487 600
Geracao 637: 459020 459020 459020 459020 459020 459020 459020 459020 459020 8426
Geracao 638: 459020 459020 459020 459020 459020 459020 459020 459020 2651 890
Geracao 639: 459020 459020 459020 459020 459020 459020 459020 459020 459020 496
Geracao 640: 459020 459020 459020 459020 459020 459020 2651 2615 496 346
Geracao 641: 459020 459020 459020 3590 2966 2651 2487 610 563 563
Geracao 642: 459020 459020 459020 459020 459020 459020 459020 459020 4430 534
Geracao 643: 459020 459020 459020 459020 459020 459020 459020 459020 850 699
Geracao 644: 459020 459020 459020 459020 459020 459020 459020 459020 2638 2487
Geracao 645: 459020 459020 459020 459020 459020 459020 459020 505 504 417
Geracao 646: 459020 459020 459020 459020 459020 459020 459020 459020 1531 716
Geracao 647: 459020 459020 459020 459020 459020 459020 459020 459020 459020 2487
Geracao 648: 459020 459020 459020 459020 459020 459020 459020 459020 459020 429
Geracao 649: 459020 459020 459020 459020 459020 459020 459020 459020 2487 353
Geracao 650: 459020 459020 459020 459020 459020 459020 459020 459020 2413 776
Geracao 651: 459020 459020 459020 459020 459020 459020 459020 459020 2447 402
Geracao 652: 459020 459020 459020 459020 459020 459020 459020 2407 859 604
Geracao 653: 459020 459020 459020 459020 459020 459020 459020 459020 2487 1320
Geracao 654: 459020 459020 459020 459020 459020 459020 459020 459020 459020 404
Geracao 655: 459020 459020 459020 459020 459020 459020 459020 459020 633 430
Geracao 656: 459020 459020 459020 459020 459020 459020 459020 459020 459020 137245
Geracao 657: 459020 459020 459020 459020 459020 459020 459020 459020 459020 117213
Geracao 658: 459020 459020 459020 459020 459020 459020 459020 2487 757 472
Geracao 659: 459020 459020 459020 459020 459020 459020 459020 459020 459020 2322
Geracao 660: 459020 459020 459020 459020 459020 459020 459020 1531 1027 335
Geracao 661: 459020 459020 459020 459020 459020 459020 459020 459020 3531 3522
Geracao 662: 459020 459020 459020 459020 459020 459020 459020 459020 265 265
Geracao 663: 459020 459020 459020 459020 459020 459020 459020 459020 459020 265
Geracao 664: 459020 459020 459020 459020 459020 459020 459020 1531 600 267
Geracao 665: 459020 459020 459020 459020 459020 459020 459020 459020 1100 265
Geracao 666: 459020 459020 459020 459020 459020 459020 459020 459020 1289 253
Geracao 667: 459020 459020 459020 459020 2402 2402 2302 1531 1141 459
Geracao 668: 459020 459020 459020 459020 459020 459020 459020 459020 459020 1275
Geracao 669: 459020 459020 459020 459020 459020 459020 459020 459020 162370 1700
Geracao 670: 459020 459020 459020 459020 459020 459020 459020 20582 371 320
Geracao 671: 459020 459020 459020 459020 459020 459020 459020 2847 1531 1530
Geracao 672: 459020 459020 459020 459020 459020 459020 459020 459020 2787 235
Geracao 673: 459020 459020 459020 459020 459020 459020 459020 2487 1024 281
Geracao 674: 459020 459020 459020 459020 459020 459020 459020 459020 459020 459020
Geracao 675: 459020 459020 459020 459020 459020 459020 6073 2990 254 254
Geracao 676: 459020 459020 459020 459020 459020 459020 459020 459020 2487 254
Geracao 677: 459020 459020 459020 459020 459020 459020 459020 459020 459020 254
Geracao 678: 459020 459020 459020 459020 459020 459020 459020 459020 2487 959
Geracao 679: 459020 459020 459020 459020 459020 459020 1332 346 255 242
Geracao 680: 459020 459020 459020 459020 459020 459020 459020 459020 244 244
Geracao 681: 459020 459020 459020 459020 459020 459020 459020 459020 459020 459020
Geracao 682: 459020 459020 459020 459020 459020 459020 459020 459020 1014 548
Geracao 683: 459020 459020 459020 459020 459020 459020 459020 459020 459020 459020
Geracao 684: 459020 459020 459020 459020 459020 459020 459020 459020 2487 2259
Geracao 685: 459020 459020 459020 459020 459020 459020 459020 459020 459020 509
Geracao 686: 459020 459020 459020 459020 459020 459020 459020 459020 459020 2487
Geracao 687: 459020 459020 459020 459020 459020 2259 2106 577 254 215
Geracao 688: 459020 459020 459020 459020 459020 459020 459020 459020 459020 269
Geracao 689: 459020 459020 459020 459020 459020 459020 459020 459020 7768 2259
Geracao 690: 459020 459020 459020 459020 459020 459020 459020 459020 459020 254
Geracao 691: 459020 459020 459020 459020 459020 459020 459020 459020 459020 459020
Geracao 692: 459020 459020 459020 459020 459020 459020 3350 2487 1496 271
Geracao 693: 459020 459020 459020 459020 459020 459020 211941 2319 261 261
Geracao 694: 459020 459020 459020 459020 459020 459020 459020 459020 459020 261
Geracao 695: 459020 459020 459020 459020 459020 459020 10225 2760 2381 580
Geracao 696: 459020 459020 459020 459020 459020 459020 2505 2487 725 466
Geracao 697: 459020 459020 459020 459020 459020 459020 459020 459020 2747 543
Geracao 698: 459020 459020 459020 459020 459020 459020 459020 459020 2543 315
Geracao 699: 459020 459020 459020 459020 459020 459020 459020 2510 386 337
Geracao 700: 459020 459020 459020 459020 459020 459020 459020 459020 3085 543
Geracao 701: 459020 459020 459020 459020 459020 459020 2694 2509 465 441
Geracao 702: 459020 459020 459020 459020 459020 459020 2710 2710 897 685
Geracao 703: 459020 459020 459020 459020 459020 459020 459020 459020 459020 459020
Geracao 704: 459020 459020 459020 459020 459020 459020 459020 459020 459020 432
Geracao 705: 459020 459020 459020 459020 459020 459020 128765 2760 689 633
Geracao 706: 459020 459020 459020 459020 459020 459020 459020 2487 1872 436
Geracao 707: 459020 459020 459020 459020 459020 459020 459020 459020 1489 255
Geracao 708: 459020 459020 459020 459020 459020 459020 1575 620 512 441
Geracao 709: 459020 459020 459020 459020 459020 459020 459020 459020 1588 1305
Geracao 710: 459020 459020 459020 459020 459020 459020 105585 696 620 544
Geracao 711: 459020 459020 459020 459020 459020 459020 459020 459020 459020 2561
Geracao 712: 459020 459020 459020 459020 459020 459020 459020 459020 459020 459020
Geracao 713: 459020 459020 459020 459020 459020 459020 459020 459020 459020 4193
Geracao 714: 459020 459020 459020 459020 459020 459020 459020 459020 494 199
Geracao 715: 459020 459020 459020 459020 459020 459020 459020 459020 2487 494
Geracao 716: 459020 459020 459020 459020 459020 459020 459020 459020 3445 538
Geracao 717: 459020 459020 459020 459020 459020 459020 459020 459020 473 379
Geracao 718: 459020 459020 459020 459020 459020 459020 459020 459020 2346 364
Geracao 719: 459020 459020 459020 459020 459020 459020 459020 459020 10678 667
Geracao 720: 459020 459020 459020 459020 459020 459020 459020 459020 459020 4494
Geracao 721: 459020 459020 459020 459020 459020 459020 459020 459020 345 271
Geracao 722: 459020 459020 459020 459020 459020 459020 459020 459020 459020 459020
Geracao 723: 459020 459020 459020 459020 459020 459020 459020 459020 10423 279
Geracao 724: 459020 459020 459020 459020 459020 459020 459020 26390 10423 2396
Geracao 725: 459020 459020 459020 459020 459020 459020 459020 459020 10423 2487
Geracao 726: 459020 459020 459020 459020 459020 459020 459020 459020 459020 10423
Geracao 727: 459020 459020 459020 459020 459020 459020 459020 459020 459020 277
Geracao 728: 459020 459020 459020 459020 1429 1426 1370 1362 442 304
Geracao 729: 459020 459020 9284 3203 1400 1186 1159 1065 696 264
Geracao 730: 459020 459020 459020 459020 459020 3414 3252 374 344 312
Geracao 731: 459020 459020 459020 459020 459020 459020 5062 3305 1217 1141
Geracao 732: 459020 459020 459020 459020 459020 459020 459020 459020 459020 1015
Geracao 733: 459020 459020 459020 459020 459020 459020 459020 459020 2331 993
Geracao 734: 459020 459020 459020 459020 459020 1452 1307 1240 1114 749
Geracao 735: 459020 459020 459020 459020 459020 459020 459020 459020 2465 1063
Geracao 736: 459020 459020 459020 459020 459020 459020 459020 459020 1091 278
Geracao 737: 459020 459020 459020 459020 459020 2595 1218 1174 1120 1053
Geracao 738: 459020 459020 459020 459020 459020 459020 459020 459020 2406 353
Geracao 739: 459020 459020 459020 459020 459020 1497 1470 1083 1030 781
Geracao 740: 459020 459020 459020 459020 459020 459020 459020 2624 2487 1406
Geracao 741: 500146 459020 459020 459020 459020 459020 459020 459020 1460 495
Geracao 742: 500146 500146 500146 500146 500146 459020 459020 459020 1293 1239
Geracao 743: 500146 500146 500146 500146 500146 500146 500146 1804 1254 1016
Geracao 744: 500146 500146 500146 500146 500146 500146 106068 2271 1617 1433
Geracao 745: 500146 500146 500146 500146 500146 106068 11004 1341 924 319
Geracao 746: 500146 500146 500146 500146 500146 500146 500146 500146 500146 1247
Geracao 747: 500146 500146 500146 500146 500146 4044 2797 2277 1820 1156
Geracao 748: 500146 500146 500146 500146 500146 500146 500146 500146 500146 3291
Geracao 749: 500146 500146 500146 500146 500146 500146 2496 1378 1233 315
Geracao 750: 500146 500146 500146 500146 500146 500146 500146 3533 1559 1548
Geracao 751: 500146 500146 500146 500146 11004 3162 2383 1794 1623 1570
Geracao 752: 500146 500146 500146 500146 500146 500146 500146 1831 1206 273
Geracao 753: 500146 500146 500146 500146 500146 500146 3342 1782 1335 1219
Geracao 754: 500146 500146 500146 500146 500146 500146 500146 2748 2494 1302
Geracao 755: 500146 500146 500146 500146 500146 2096 1414 1265 1230 635
Geracao 756: 500146 500146 500146 500146 1568 1568 1414 1262 1014 272
Geracao 757: 500146 500146 500146 500146 106586 1727 1519 1391 1318 309
Geracao 758: 500146 500146 500146 500146 500146 500146 500146 2274 1591 1302
Geracao 759: 500146 500146 500146 500146 500146 500146 500146 500146 1485 1400
Geracao 760: 500146 500146 3445 3445 1706 1548 1351 1351 436 409
Geracao 761: 500146 500146 500146 500146 500146 500146 7109 2487 2487 1612
Geracao 762: 500146 500146 500146 500146 500146 4122 2558 1612 1582 1485
Geracao 763: 500146 500146 500146 500146 500146 500146 1515 1442 1012 689
Geracao 764: 500146 500146 500146 500146 500146 3406 2377 1443 1400 796
Geracao 765: 500146 500146 500146 500146 500146 500146 1360 1335 1279 367
Geracao 766: 500146 500146 500146 500146 500146 500146 500146 2716 1488 253
Geracao 767: 500146 500146 500146 500146 500146 500146 16153 6245 3189 944
Geracao 768: 500146 500146 500146 500146 500146 500146 500146 500146 2360 1069
Geracao 769: 500146 500146 500146 500146 500146 500146 500146 1527 1525 1227
Geracao 770: 500146 500146 500146 500146 500146 500146 500146 500146 2349 401
Geracao 771: 500146 500146 500146 500146 500146 426068 426068 426068 426068 426068
Geracao 772: 500146 500146 500146 500146 500146 500146 500146 500146 2643 298
Geracao 773: 500146 500146 500146 500146 500146 2497 2487 2487 328 297
Geracao 774: 500146 500146 500146 500146 500146 500146 5251 2243 335 299
Geracao 775: 500146 500146 500146 500146 500146 500146 500146 534 400 307
Geracao 776: 500146 500146 500146 500146 500146 500146 500146 500146 8432 335
Geracao 777: 500146 500146 500146 500146 500146 500146 500146 500146 106068 332
Geracao 778: 500146 500146 500146 500146 500146 500146 500146 500146 500146 500146
Geracao 779: 500146 500146 500146 500146 500146 500146 500146 8088 1022 400
Geracao 780: 500146 500146 500146 500146 500146 500146 500146 500146 500146 514
Geracao 781: 500146 500146 500146 500146 500146 500146 2487 2487 447 287
Geracao 782: 500146 500146 500146 500146 500146 500146 106068 2487 516 354
Geracao 783: 500146 500146 500146 500146 500146 500146 500146 500146 339 277
Geracao 784: 500146 500146 500146 500146 500146 500146 500146 500146 500146 106068
Geracao 785: 500146 500146 500146 500146 500146 500146 500146 2313 1549 301
Geracao 786: 500146 500146 500146 500146 500146 500146 500146 500146 332 270
Geracao 787: 500146 500146 500146 500146 500146 500146 500146 2327 311 298
Geracao 788: 500146 500146 500146 500146 500146 500146 500146 500146 500146 337
Geracao 789: 500146 500146 500146 500146 500146 500146 500146 500146 500146 2487
Geracao 790: 500146 500146 500146 500146 500146 500146 500146 106068 405 303
Geracao 791: 500146 500146 500146 500146 500146 500146 500146 500146 500146 6245
Geracao 792: 500146 500146 500146 500146 500146 500146 500146 500146 500146 311
Geracao 793: 500146 500146 500146 500146 500146 133218 2487 696 344 282
Geracao 794: 500146 500146 500146 500146 500146 500146 500146 106068 564 294
Geracao 795: 500146 500146 500146 500146 500146 500146 500146 500146 72567 2487
Geracao 796: 500146 500146 500146 500146 500146 500146 12051 525 232 232
Geracao 797: 500146 500146 500146 500146 500146 500146 3041 2037 731 247
Geracao 798: 500146 500146 500146 500146 500146 500146 500146 500146 253 247
Geracao 799: 500146 500146 500146 500146 500146 500146 500146 4555 2487 253
Geracao 800: 500146 500146 500146 500146 500146 500146 500146 500146 500146 500146
Geracao 801: 500146 500146 500146 500146 500146 500146 4803 429 283 222
Geracao 802: 500146 500146 500146 500146 500146 500146 500146 2487 318 215
Geracao 803: 500146 500146 500146 500146 500146 500146 500146 2602 2536 504
Geracao 804: 500146 500146 500146 500146 500146 500146 500146 500146 426068 2487
Geracao 805: 500146 500146 500146 500146 500146 500146 500146 2932 2487 325
Geracao 806: 500146 500146 500146 500146 500146 500146 500146 500146 500146 500146
Geracao 807: 500146 500146 500146 500146 500146 500146 500146 500146 500146 500146
Geracao 808: 500146 500146 500146 500146 500146 500146 106068 67973 2487 346
Geracao 809: 500146 500146 500146 500146 500146 500146 500146 4326 374 276
Geracao 810: 500146 500146 500146 500146 106068 4326 481 337 335 275
Geracao 811: 500146 500146 500146 500146 500146 500146 500146 500146 500146 492
Geracao 812: 500146 500146 500146 500146 500146 500146 2278 333 284 279
Geracao 813: 500146 500146 500146 500146 500146 500146 500146 500146 106068 2483
Geracao 814: 500146 500146 500146 500146 500146 500146 500146 500146 500146 500146
Geracao 815: 500146 500146 500146 500146 500146 500146 500146 500146 500146 283
Geracao 816: 500146 500146 500146 500146 500146 500146 500146 332 332 332
Geracao 817: 500146 500146 500146 500146 500146 500146 500146 1026 615 332
Geracao 818: 500146 500146 500146 500146 500146 500146 500146 500146 500146 2524
Geracao 819: 500146 500146 500146 500146 500146 500146 2278 851 516 283
Geracao 820: 500146 500146 500146 500146 500146 500146 500146 500146 500146 4490
Geracao 821: 500146 500146 500146 500146 500146 500146 4102 2330 1490 329
Geracao 822: 500146 500146 500146 500146 500146 500146 500146 500146 500146 2293
Geracao 823: 500146 500146 500146 500146 500146 500146 500146 500146 500146 35550
Geracao 824: 500146 500146 500146 500146 500146 2488 2293 2293 2293 851
Geracao 825: 500146 500146 500146 500146 500146 500146 500146 500146 500146 2487
Geracao 826: 500146 500146 500146 500146 500146 500146 500146 500146 500146 2293
Geracao 827: 500146 500146 500146 500146 500146 500146 2487 2293 2293 655
Geracao 828: 500146 500146 500146 500146 500146 500146 2293 2293 326 309
Geracao 829: 500146 500146 500146 500146 500146 500146 500146 500146 146675 7760
Geracao 830: 500146 500146 500146 500146 500146 500146 500146 500146 500146 4168
Geracao 831: 500146 500146 500146 500146 500146 500146 500146 500146 500146 2487
Geracao 832: 500146 500146 500146 500146 500146 500146 500146 500146 500146 500146
Geracao 833: 500146 500146 500146 500146 500146 500146 22575 2470 2459 2330
Geracao 834: 500146 500146 500146 500146 500146 500146 500146 500146 3226 2901
Geracao 835: 500146 500146 500146 500146 500146 500146 500146 500146 133246 492
Geracao 836: 500146 500146 500146 500146 500146 500146 500146 500146 456 404
Geracao 837: 500146 500146 500146 500146 500146 500146 500146 500146 1396 1395
Geracao 838: 500146 500146 500146 500146 500146 500146 5043 2670 822 381
Geracao 839: 500146 500146 500146 500146 500146 500146 500146 2640 2441 319
Geracao 840: 500146 500146 500146 500146 500146 500146 500146 500146 3164 2487
Geracao 841: 500146 500146 500146 500146 500146 500146 500146 1257 491 289
Geracao 842: 500146 500146 500146 500146 500146 500146 2369 1430 1430 332
Geracao 843: 500146 500146 500146 500146 500146 500146 106068 2487 679 337
Geracao 844: 500146 500146 500146 500146 500146 500146 500146 2554 1437 1315
Geracao 845: 500146 500146 500146 500146 500146 500146 500146 500146 500146 1304
Geracao 846: 500146 500146 500146 500146 500146 500146 500146 14207 1307 371
Geracao 847: 500146 500146 500146 500146 500146 500146 500146 500146 500146 1263
Geracao 848: 500146 500146 500146 500146 500146 500146 2487 499 371 257
Geracao 849: 500146 500146 500146 500146 500146 500146 500146 500146 500146 371
Geracao 850: 500146 500146 500146 500146 500146 500146 500146 2514 2487 352
Geracao 851: 500146 500146 500146 500146 500146 500146 500146 554 477 309
Geracao 852: 500146 500146 500146 500146 500146 500146 500146 500146 2487 2487
Geracao 853: 500146 500146 500146 500146 500146 500146 500146 500146 478 371
Geracao 854: 500146 500146 500146 500146 500146 500146 2410 2344 557 311
Geracao 855: 500146 500146 500146 500146 500146 500146 2587 2487 2422 557
Geracao 856: 500146 500146 500146 500146 500146 500146 500146 87588 2642 868
Geracao 857: 500146 500146 500146 500146 500146 500146 500146 500146 2642 1044
Geracao 858: 500146 500146 500146 500146 500146 500146 500146 500146 500146 2526
Geracao 859: 500146 500146 500146 21673 3309 2669 1597 1485 1421 249
Geracao 860: 500146 500146 500146 500146 500146 500146 500146 2456 1264 935
Geracao 861: 500146 500146 500146 500146 500146 500146 500146 500146 2638 1485
Geracao 862: 500146 500146 500146 500146 500146 500146 2845 1683 1372 1251
Geracao 863: 500146 500146 500146 500146 500146 500146 7110 3159 1101 306
Geracao 864: 500146 500146 500146 500146 500146 500146 500146 500146 500146 3641
Geracao 865: 500146 500146 500146 500146 500146 500146 500146 500146 500146 779
Geracao 866: 500146 500146 500146 500146 500146 500146 500146 500146 500146 385
Geracao 867: 500146 500146 500146 500146 500146 500146 500146 500146 500146 2487
Geracao 868: 500146 500146 500146 500146 500146 500146 500146 500146 500146 440
Geracao 869: 500146 500146 500146 500146 500146 500146 500146 500146 500146 2487
Geracao 870: 500146 500146 500146 500146 500146 2577 2487 1026 524 315
Geracao 871: 500146 500146 500146 500146 500146 500146 500146 500146 500146 389
Geracao 872: 500146 500146 500146 500146 500146 438062 3141 701 651 540
Geracao 873: 500146 500146 500146 500146 500146 500146 500146 4504 2625 2487
Geracao 874: 500146 500146 500146 500146 500146 500146 500146 500146 106068 3024
Geracao 875: 500146 500146 500146 500146 500146 500146 500146 500146 2581 655
Geracao 876: 500146 500146 500146 500146 500146 500146 500146 500146 64566 3477
Geracao 877: 500146 500146 500146 500146 500146 500146 500146 500146 500146 500146
Geracao 878: 500146 500146 500146 500146 500146 500146 2382 1057 614 457
Geracao 879: 500146 500146 500146 500146 500146 2585 2568 733 532 382
Geracao 880: 500146 500146 500146 500146 500146 500146 500146 2903 2499 1327
Geracao 881: 500146 500146 500146 500146 500146 500146 500146 500146 500146 2832
Geracao 882: 500146 500146 500146 500146 500146 500146 500146 845 786 786
Geracao 883: 500146 500146 500146 500146 500146 500146 500146 4042 2487 648
Geracao 884: 500146 500146 500146 500146 500146 500146 500146 3046 612 610
Geracao 885: 500146 500146 500146 500146 500146 500146 500146 500146 2487 1176
Geracao 886: 500146 500146 500146 500146 500146 500146 500146 500146 537 395
Geracao 887: 500146 500146 500146 500146 500146 500146 2487 489 380 353
Geracao 888: 500146 500146 500146 500146 500146 500146 500146 500146 500146 2449
Geracao 889: 500146 500146 500146 500146 500146 500146 426068 2387 583 442
Geracao 890: 500146 500146 500146 500146 500146 500146 500146 2715 2715 381
Geracao 891: 500146 500146 500146 500146 500146 500146 500146 500146 500146 500146
Geracao 892: 500146 500146 500146 500146 500146 500146 500146 500146 2487 621
Geracao 893: 528095 500146 500146 500146 500146 500146 500146 2627 557 370
Geracao 894: 528095 528095 528095 528095 528095 528095 500146 500146 500146 104575
Geracao 895: 528095 528095 528095 528095 528095 528095 528095 417496 104575 643
Geracao 896: 528095 528095 528095 528095 528095 528095 528095 104575 1313 617
Geracao 897: 528095 528095 528095 528095 528095 528095 2683 873 612 554
Geracao 898: 528095 528095 528095 528095 528095 528095 528095 528095 417496 417496
Geracao 899: 528095 528095 528095 528095 528095 417496 18890 2444 558 554
Geracao 900: 528095 528095 528095 528095 528095 528095 417496 2813 2714 558
Geracao 901: 528095 528095 528095 528095 528095 528095 528095 528095 2647 621
Geracao 902: 528095 528095 528095 528095 528095 528095 528095 426246 2068 552
Geracao 903: 528095 528095 528095 528095 528095 528095 528095 528095 104575 669
Geracao 904: 528095 528095 528095 528095 528095 528095 528095 528095 1300 621
Geracao 905: 528095 528095 528095 528095 528095 528095 528095 528095 8931 411
Geracao 906: 528095 528095 528095 528095 528095 528095 528095 528095 2444 798
Geracao 907: 528095 528095 528095 528095 528095 528095 528095 528095 528095 101668
Geracao 908: 528095 528095 528095 528095 528095 528095 528095 1419 936 346
Geracao 909: 528095 528095 528095 528095 528095 528095 528095 417496 104575 1535
Geracao 910: 528095 528095 528095 528095 528095 528095 528095 528095 2444 2444
Geracao 911: 528095 528095 528095 528095 528095 751 563 530 447 425
Geracao 912: 528095 528095 528095 528095 528095 528095 104575 54986 651 536
Geracao 913: 528095 528095 528095 528095 528095 528095 528095 2444 1519 555
Geracao 914: 528095 528095 528095 528095 528095 528095 528095 528095 417496 2608
Geracao 915: 528095 528095 528095 528095 528095 417496 2522 690 690 376
Geracao 916: 528095 528095 528095 528095 528095 528095 528095 528095 528095 417496
Geracao 917: 417496 417496 417496 417496 417496 417496 417496 417496 417496 1734
Geracao 918: 528095 528095 417496 417496 417496 417496 297102 2444 546 392
Geracao 919: 528095 528095 528095 528095 528095 417496 11864 6509 313 313
Geracao 920: 528095 528095 528095 528095 528095 528095 417496 2404 2386 313
Geracao 921: 528095 528095 528095 528095 528095 528095 528095 528095 528095 528095
Geracao 922: 528095 528095 528095 528095 528095 528095 104575 13666 1372 706
Geracao 923: 528095 528095 528095 528095 528095 528095 528095 528095 528095 362
Geracao 924: 528095 528095 528095 528095 528095 528095 528095 528095 2709 326
Geracao 925: 528095 528095 528095 528095 528095 528095 528095 528095 528095 749
Geracao 926: 528095 528095 528095 528095 528095 528095 528095 528095 528095 560
Geracao 927: 528095 528095 528095 528095 528095 104575 104575 6509 2950 709
Geracao 928: 528095 528095 528095 528095 528095 528095 120201 104575 705 359
Geracao 929: 528095 528095 528095 528095 528095 528095 528095 528095 5294 2444
Geracao 930: 528095 528095 528095 528095 528095 528095 197211 2835 2444 308
Geracao 931: 528095 528095 528095 528095 528095 528095 528095 528095 7856 2673
Geracao 932: 528095 528095 528095 528095 528095 528095 528095 528095 2411 622
Geracao 933: 528095 528095 528095 528095 528095 528095 528095 717 717 713
Geracao 934: 528095 528095 528095 528095 528095 528095 528095 528095 528095 528095
Geracao 935: 528095 528095 528095 528095 528095 528095 528095 528095 713 713
Geracao 936: 528095 528095 528095 528095 528095 528095 528095 528095 327993 242
Geracao 937: 528095 528095 528095 528095 528095 528095 528095 528095 12530 712
Geracao 938: 528095 528095 528095 528095 528095 528095 528095 528095 528095 528095
Geracao 939: 528095 528095 528095 528095 528095 528095 528095 528095 358944 5118
Geracao 940: 528095 528095 528095 528095 528095 528095 528095 528095 528095 528095
Geracao 941: 528095 528095 528095 528095 528095 528095 528095 528095 528095 2510
Geracao 942: 528095 528095 528095 528095 528095 528095 528095 528095 2510 989
Geracao 943: 528095 528095 528095 528095 528095 528095 528095 528095 528095 8780
Geracao 944: 528095 528095 528095 528095 528095 528095 528095 528095 528095 2510
Geracao 945: 528095 528095 528095 528095 528095 528095 2510 2510 2510 970
Geracao 946: 528095 528095 528095 528095 528095 528095 4744 2510 2510 1105
Geracao 947: 528095 528095 528095 528095 528095 528095 528095 2510 2510 2510
Geracao 948: 528095 528095 528095 528095 528095 528095 528095 528095 528095 528095
Geracao 949: 528095 528095 528095 528095 528095 528095 528095 528095 528095 447949
Geracao 950: 528095 528095 528095 528095 528095 528095 528095 528095 528095 247
Geracao 951: 528095 528095 528095 528095 528095 528095 11956 257 247 247
Geracao 952: 528095 528095 528095 528095 528095 528095 528095 528095 528095 417496
Geracao 953: 528095 528095 528095 528095 528095 528095 528095 528095 263 263
Geracao 954: 528095 528095 528095 528095 528095 528095 528095 528095 500146 2444
Geracao 955: 528095 528095 528095 528095 528095 106082 104575 104575 10205 446
Geracao 956: 528095 528095 528095 528095 528095 528095 528095 528095 2871 2444
Geracao 957: 528095 528095 528095 528095 528095 528095 528095 528095 528095 2393
Geracao 958: 528095 528095 528095 528095 528095 438974 2444 2444 2393 2339
Geracao 959: 528095 528095 528095 528095 528095 528095 528095 528095 104575 2391
Geracao 960: 528095 528095 528095 528095 528095 528095 528095 528095 528095 263
Geracao 961: 528095 528095 528095 528095 528095 528095 528095 2444 2444 795
Geracao 962: 528095 528095 528095 528095 528095 528095 528095 528095 101082 407
Geracao 963: 528095 528095 528095 528095 528095 528095 528095 528095 2253 250
Geracao 964: 528095 528095 528095 528095 528095 528095 528095 18464 3255 262
Geracao 965: 528095 528095 528095 528095 528095 528095 528095 528095 528095 2617
Geracao 966: 528095 528095 528095 528095 528095 528095 528095 528095 104575 2256
Geracao 967: 528095 528095 528095 528095 528095 528095 528095 417496 21888 2444
Geracao 968: 528095 528095 528095 528095 528095 528095 528095 417496 110971 896
Geracao 969: 528095 528095 528095 528095 528095 528095 528095 528095 528095 528095
Geracao 970: 528095 528095 528095 528095 528095 528095 528095 104575 2280 221
Geracao 971: 528095 528095 528095 528095 528095 528095 528095 528095 2444 2280
Geracao 972: 528095 528095 528095 528095 528095 5118 5118 3215 2444 296
Geracao 973: 528095 528095 528095 528095 528095 528095 528095 417496 80035 275
Geracao 974: 528095 528095 528095 528095 528095 528095 528095 528095 1064 211
Geracao 975: 528095 528095 528095 528095 528095 528095 528095 2444 1485 247
Geracao 976: 528095 528095 528095 528095 528095 528095 528095 528095 528095 528095
Geracao 977: 528095 528095 528095 528095 528095 528095 528095 528095 528095 2981
Geracao 978: 528095 528095 528095 528095 528095 528095 528095 528095 104575 2282
Geracao 979: 528095 528095 528095 528095 528095 528095 528095 109213 4103 2444
Geracao 980: 528095 528095 528095 528095 528095 528095 528095 528095 528095 2326
Geracao 981: 528095 528095 528095 528095 528095 528095 528095 528095 500146 2444
Geracao 982: 528095 528095 528095 528095 528095 528095 528095 528095 528095 104575
Geracao 983: 528095 528095 528095 528095 528095 528095 528095 528095 3327 202
Geracao 984: 528095 528095 528095 528095 528095 528095 528095 528095 528095 528095
Geracao 985: 528095 528095 528095 528095 528095 528095 528095 528095 267 255
Geracao 986: 528095 528095 528095 528095 528095 528095 528095 104575 2444 259
Geracao 987: 528095 528095 528095 528095 528095 528095 528095 104575 2265 267
Geracao 988: 528095 528095 528095 528095 528095 528095 528095 104575 9996 5640
Geracao 989: 528095 528095 528095 528095 528095 528095 528095 528095 528095 268
Geracao 990: 528095 528095 528095 528095 528095 528095 528095 528095 104575 2444
Geracao 991: 528095 528095 528095 528095 528095 528095 104575 316 245 224
Geracao 992: 528095 528095 528095 528095 528095 528095 528095 104575 104575 266
Geracao 993: 528095 528095 528095 528095 528095 528095 528095 528095 528095 210
Geracao 994: 528095 528095 528095 528095 528095 528095 528095 528095 104575 3995
Geracao 995: 528095 528095 528095 528095 528095 528095 528095 528095 528095 528095
Geracao 996: 528095 528095 528095 528095 104575 2444 2393 536 225 225
Geracao 997: 528095 528095 528095 528095 528095 528095 528095 528095 2585 1057
Geracao 998: 528095 528095 528095 528095 528095 528095 528095 528095 528095 528095
Geracao 999: 528095 528095 528095 528095 528095 528095 528095 528095 2210 199
Geracao 1000: 528095 528095 528095 528095 528095 528095 528095 528095 3570 965
Geracao 1001: 528095 528095 528095 528095 528095 528095 104575 104575 2444 285
Geracao 1002: 528095 528095 528095 528095 528095 528095 528095 528095 528095 253
Geracao 1003: 528095 528095 528095 528095 528095 528095 528095 528095 528095 210
Geracao 1004: 528095 528095 528095 528095 528095 528095 104575 104575 104575 2444
Geracao 1005: 528095 528095 528095 528095 528095 528095 528095 16996 3128 2444
Geracao 1006: 528095 528095 528095 528095 528095 528095 528095 528095 104575 104575
Geracao 1007: 528095 528095 528095 528095 528095 104575 104575 2494 2444 2412
Geracao 1008: 528095 528095 528095 528095 528095 528095 528095 528095 528095 2444
Geracao 1009: 528095 528095 528095 528095 528095 528095 500146 925 541 320
Geracao 1010: 528095 528095 528095 528095 528095 528095 528095 1283 1149 624
Geracao 1011: 528095 528095 528095 528095 528095 528095 528095 528095 1506 588
Geracao 1012: 528095 528095 528095 528095 528095 528095 528095 2276 588 217
Geracao 1013: 528095 528095 528095 528095 528095 528095 528095 528095 528095 812
Geracao 1014: 528095 528095 528095 528095 528095 528095 528095 373292 104575 887
Geracao 1015: 528095 528095 528095 528095 528095 528095 528095 295014 104575 104575
Geracao 1016: 528095 528095 528095 528095 528095 528095 528095 528095 528095 250
Geracao 1017: 528095 528095 528095 528095 528095 528095 3323 2681 1687 655
Geracao 1018: 528095 528095 528095 528095 528095 528095 528095 1202 886 235
Geracao 1019: 528095 528095 528095 528095 528095 528095 528095 528095 528095 528095
Geracao 1020: 528095 528095 528095 528095 528095 528095 528095 528095 1771 1477
Geracao 1021: 528095 528095 528095 528095 528095 528095 528095 528095 528095 528095
Geracao 1022: 528095 528095 528095 528095 528095 528095 528095 2756 2444 532
Geracao 1023: 528095 528095 528095 528095 528095 528095 528095 528095 1356 972
Geracao 1024: 528095 528095 528095 528095 528095 528095 528095 1412 1302 1283
Geracao 1025: 528095 528095 528095 528095 528095 528095 528095 104575 68479 308
Geracao 1026: 528095 528095 528095 528095 528095 528095 528095 500146 148610 3348
Geracao 1027: 528095 528095 528095 528095 528095 528095 528095 2570 564 537
Geracao 1028: 528095 528095 528095 528095 528095 528095 528095 528095 1850 1367
Geracao 1029: 528095 528095 528095 528095 528095 528095 528095 528095 968 775
Geracao 1030: 528095 528095 528095 528095 528095 528095 528095 2364 2364 486
Geracao 1031: 528095 528095 528095 528095 528095 528095 528095 14508 14508 742
Geracao 1032: 528095 528095 528095 528095 528095 528095 528095 2364 2364 811
Geracao 1033: 528095 528095 528095 528095 528095 528095 528095 528095 2364 1106
Geracao 1034: 528095 528095 528095 528095 528095 528095 528095 528095 1719 552
Geracao 1035: 528095 528095 528095 528095 528095 528095 2444 2393 927 823
Geracao 1036: 528095 528095 528095 528095 528095 528095 528095 1184 1153 591
Geracao 1037: 528095 528095 528095 528095 528095 528095 528095 528095 528095 2435
Geracao 1038: 528095 528095 528095 528095 528095 528095 528095 3027 2532 2444
Geracao 1039: 528095 528095 528095 528095 528095 528095 528095 528095 528095 2440
Geracao 1040: 528095 528095 528095 528095 528095 528095 528095 528095 528095 446
Geracao 1041: 528095 528095 528095 528095 528095 528095 528095 528095 15582 1188
Geracao 1042: 528095 528095 528095 528095 528095 528095 528095 528095 91649 2445
Geracao 1043: 528095 528095 528095 528095 528095 528095 2890 2364 781 593
Geracao 1044: 528095 528095 528095 528095 528095 528095 528095 528095 528095 923
Geracao 1045: 528095 528095 528095 528095 528095 528095 528095 528095 93641 2364
Geracao 1046: 528095 528095 528095 528095 528095 528095 3109 2444 827 460
Geracao 1047: 528095 528095 528095 528095 528095 528095 528095 528095 555 426
Geracao 1048: 528095 528095 528095 528095 528095 528095 500146 4192 2370 1052
Geracao 1049: 528095 528095 528095 528095 528095 528095 528095 500146 2309 1134
Geracao 1050: 528095 528095 528095 528095 528095 528095 528095 528095 2440 330
Geracao 1051: 528095 528095 528095 528095 528095 528095 528095 528095 528095 406
Geracao 1052: 528095 528095 528095 528095 528095 528095 528095 528095 528095 24098
Geracao 1053: 528095 528095 528095 528095 528095 528095 528095 528095 528095 2415
Geracao 1054: 528095 528095 528095 528095 528095 528095 528095 2949 1382 645
Geracao 1055: 528095 528095 528095 528095 528095 528095 528095 528095 2355 267
Geracao 1056: 528095 528095 528095 528095 528095 528095 4070 2295 342 327
Geracao 1057: 528095 528095 528095 528095 528095 528095 528095 528095 9366 2407
Geracao 1058: 528095 528095 528095 528095 528095 528095 528095 528095 500146 288
Geracao 1059: 528095 528095 528095 528095 528095 528095 528095 528095 4787 2964
Geracao 1060: 528095 528095 528095 528095 528095 528095 528095 528095 44456 2585
Geracao 1061: 528095 528095 528095 528095 528095 528095 528095 528095 459 263
Geracao 1062: 528095 528095 528095 528095 528095 528095 528095 528095 263 239
Geracao 1063: 528095 528095 528095 528095 528095 528095 528095 528095 528095 528095
Geracao 1064: 528095 528095 528095 528095 528095 528095 528095 528095 528095 371
Geracao 1065: 528095 528095 528095 528095 528095 528095 528095 528095 2674 2469
Geracao 1066: 528095 528095 528095 528095 528095 528095 5118 3450 2445 455
Geracao 1067: 528095 528095 528095 528095 528095 528095 528095 528095 2445 511
Geracao 1068: 528095 528095 528095 528095 528095 528095 528095 3076 2478 340
Geracao 1069: 528095 528095 528095 528095 528095 2671 2537 2526 789 466
Geracao 1070: 528095 528095 528095 528095 528095 528095 528095 528095 528095 61893
Geracao 1071: 528095 528095 528095 528095 528095 528095 528095 528095 104575 2801
Geracao 1072: 528095 528095 528095 528095 528095 528095 528095 528095 528095 528095
Geracao 1073: 528095 528095 528095 528095 528095 528095 528095 528095 528095 2444
Geracao 1074: 528095 528095 528095 528095 528095 528095 528095 2523 2502 537
Geracao 1075: 528095 528095 528095 528095 528095 528095 528095 528095 2776 315
Geracao 1076: 528095 528095 528095 528095 528095 528095 104575 5118 5118 575
Geracao 1077: 528095 528095 528095 528095 528095 528095 528095 4538 2309 608
Geracao 1078: 528095 528095 528095 528095 528095 528095 104575 104575 104575 471
Geracao 1079: 528095 528095 528095 528095 528095 528095 528095 239200 104575 693
Geracao 1080: 528095 528095 528095 528095 528095 82975 2609 2410 368 308
Geracao 1081: 528095 528095 528095 528095 528095 528095 528095 661 372 308
Geracao 1082: 528095 528095 528095 528095 528095 417496 417496 4092 373 307
Geracao 1083: 528095 528095 528095 528095 412123 104575 104575 2367 475 436
Geracao 1084: 528095 528095 528095 528095 528095 528095 528095 332873 104575 21623
Geracao 1085: 528095 528095 528095 528095 528095 528095 528095 528095 528095 528095
Geracao 1086: 528095 528095 528095 528095 528095 528095 528095 528095 528095 104575
Geracao 1087: 528095 528095 528095 528095 528095 528095 10942 2444 2369 492
Geracao 1088: 528095 528095 528095 528095 528095 528095 528095 2367 2297 730
Geracao 1089: 528095 528095 528095 528095 528095 528095 2444 2337 719 655
Geracao 1090: 528095 528095 528095 528095 528095 528095 528095 528095 528095 2444
Geracao 1091: 528095 528095 528095 528095 528095 528095 528095 528095 1074 293
Geracao 1092: 528095 528095 528095 528095 528095 528095 528095 528095 2375 2371
Geracao 1093: 528095 528095 528095 528095 528095 528095 528095 528095 528095 417496
Geracao 1094: 528095 528095 528095 528095 528095 528095 528095 528095 528095 528095
Geracao 1095: 528095 528095 528095 528095 528095 528095 528095 3475 737 514
Geracao 1096: 528095 528095 528095 528095 528095 528095 528095 528095 2459 497
Geracao 1097: 528095 528095 528095 528095 528095 528095 528095 528095 434922 335
Geracao 1098: 528095 528095 528095 528095 528095 528095 528095 5083 3031 2486
Geracao 1099: 528095 528095 528095 528095 528095 528095 528095 2561 472 459
Geracao 1100: 528095 528095 528095 528095 528095 528095 528095 528095 528095 495
Geracao 1101: 528095 528095 528095 528095 528095 528095 528095 528095 528095 500146
Geracao 1102: 528095 528095 528095 528095 528095 528095 528095 2282 520 514
Geracao 1103: 528095 528095 528095 528095 528095 528095 528095 528095 614 377
Geracao 1104: 528095 528095 528095 528095 528095 528095 528095 528095 528095 2223
Geracao 1105: 528095 528095 528095 528095 528095 528095 528095 528095 3385 277
Geracao 1106: 528095 528095 528095 528095 528095 528095 528095 528095 2444 270
Geracao 1107: 528095 528095 528095 528095 528095 528095 528095 500146 400069 104575
Geracao 1108: 528095 528095 528095 528095 528095 528095 528095 528095 528095 528095
Geracao 1109: 528095 528095 528095 528095 528095 528095 528095 528095 2444 253
Geracao 1110: 528095 528095 528095 528095 528095 528095 528095 528095 3522 365
Geracao 1111: 528095 528095 528095 528095 528095 528095 528095 661 568 507
Geracao 1112: 528095 528095 528095 528095 528095 528095 528095 528095 528095 2228
Geracao 1113: 528095 528095 528095 528095 528095 528095 528095 528095 528095 10959
Geracao 1114: 528095 528095 528095 528095 528095 528095 528095 528095 2517 1512
Geracao 1115: 528095 528095 528095 528095 528095 528095 528095 528095 528095 2444
Geracao 1116: 528095 528095 528095 528095 528095 528095 528095 431925 2444 2315
Geracao 1117: 528095 528095 528095 528095 528095 528095 528095 528095 528095 2577
Geracao 1118: 528095 528095 528095 528095 528095 528095 528095 528095 5945 358
Geracao 1119: 528095 528095 528095 528095 528095 528095 528095 528095 405052 612
Geracao 1120: 528095 528095 528095 528095 528095 528095 528095 528095 528095 387
Geracao 1121: 528095 528095 528095 528095 528095 2612 2580 992 799 720
Geracao 1122: 528095 528095 528095 528095 528095 528095 528095 528095 528095 528095
Geracao 1123: 528095 528095 528095 528095 528095 528095 417496 4927 2613 956
Geracao 1124: 528095 528095 528095 528095 528095 528095 528095 528095 691 490
Geracao 1125: 528095 528095 528095 528095 528095 528095 528095 528095 528095 528095
Geracao 1126: 528095 528095 528095 528095 528095 528095 528095 104575 2324 673
Geracao 1127: 528095 528095 528095 528095 528095 528095 528095 528095 528095 528095
Geracao 1128: 528095 528095 528095 528095 528095 528095 528095 528095 96563 6057
Geracao 1129: 528095 528095 528095 528095 528095 528095 528095 528095 21067 20412
Geracao 1130: 528095 528095 528095 528095 528095 528095 528095 474 459 309
Geracao 1131: 528095 528095 528095 528095 528095 528095 2588 2444 473 459
Geracao 1132: 528095 528095 528095 528095 528095 528095 528095 528095 528095 113682
Geracao 1133: 528095 528095 528095 528095 528095 528095 336 315 305 251
Geracao 1134: 528095 528095 528095 528095 528095 528095 528095 10448 400 330
Geracao 1135: 528095 528095 528095 528095 528095 528095 528095 528095 296681 2512
Geracao 1136: 528095 528095 528095 528095 528095 528095 528095 528095 528095 9403
Geracao 1137: 528095 528095 528095 528095 528095 528095 528095 528095 528095 528095
Geracao 1138: 528095 528095 528095 528095 528095 528095 528095 92524 11375 336
Geracao 1139: 528095 528095 528095 528095 528095 528095 528095 528095 11077 2297
Geracao 1140: 528095 528095 528095 528095 528095 16956 5118 5118 1322 357
Geracao 1141: 528095 528095 528095 528095 528095 528095 528095 5118 1322 336
Geracao 1142: 528095 528095 528095 528095 528095 528095 528095 2444 2406 472
Geracao 1143: 528095 528095 528095 528095 528095 528095 528095 528095 528095 528095
Geracao 1144: 528095 528095 528095 528095 528095 528095 528095 528095 2280 400
Geracao 1145: 528095 528095 528095 528095 528095 528095 417496 3448 2444 423
Geracao 1146: 528095 528095 528095 528095 528095 528095 21460 21003 313 291
Geracao 1147: 528095 528095 528095 528095 528095 528095 528095 528095 528095 528095
Geracao 1148: 528095 528095 528095 528095 528095 528095 528095 528095 528095 386
Geracao 1149: 528095 528095 528095 528095 528095 528095 528095 528095 16567 388
Geracao 1150: 528095 528095 528095 528095 528095 528095 528095 528095 528095 417496
Geracao 1151: 528095 528095 528095 528095 528095 528095 528095 528095 528095 286
Geracao 1152: 528095 528095 528095 528095 528095 528095 528095 528095 528095 3475
Geracao 1153: 528095 528095 528095 528095 528095 528095 528095 528095 122103 2849
Geracao 1154: 528095 528095 528095 528095 528095 528095 528095 2659 464 282
Geracao 1155: 528095 528095 528095 528095 528095 528095 528095 528095 3959 250
Geracao 1156: 528095 528095 528095 528095 528095 528095 528095 528095 2357 2335
Geracao 1157: 528095 528095 528095 528095 528095 528095 528095 528095 293 293
Geracao 1158: 528095 528095 528095 528095 528095 528095 528095 528095 417496 295
Geracao 1159: 528095 528095 528095 528095 528095 528095 528095 528095 528095 528095
Geracao 1160: 528095 528095 528095 528095 528095 528095 528095 528095 528095 107700
Geracao 1161: 528095 528095 528095 528095 528095 528095 528095 528095 528095 104575
Geracao 1162: 528095 528095 528095 528095 528095 417496 104575 104575 2444 2330
Geracao 1163: 528095 528095 528095 417496 104575 8681 3019 2282 499 434
Geracao 1164: 528095 528095 528095 528095 528095 528095 528095 417496 2444 480
Geracao 1165: 528095 528095 528095 528095 528095 528095 528095 528095 528095 528095
Geracao 1166: 528095 528095 528095 528095 528095 528095 528095 417496 417496 2745
Geracao 1167: 528095 528095 528095 528095 528095 528095 528095 528095 2585 1109
Geracao 1168: 528095 528095 528095 528095 528095 528095 2597 2323 1017 508
Geracao 1169: 528095 528095 528095 528095 528095 528095 156323 16494 4453 248
Geracao 1170: 528095 528095 528095 528095 528095 528095 528095 528095 528095 528095
Geracao 1171: 528095 528095 528095 528095 528095 417496 5118 456 450 234
Geracao 1172: 528095 528095 528095 528095 528095 528095 528095 528095 16566 659
Geracao 1173: 528095 528095 528095 528095 528095 528095 528095 528095 93078 2444
Geracao 1174: 528095 528095 528095 528095 528095 528095 417496 104575 104575 275
Geracao 1175: 528095 528095 528095 528095 528095 528095 528095 528095 417496 275
Geracao 1176: 528095 528095 528095 528095 528095 528095 528095 528095 394 275
Geracao 1177: 528095 528095 528095 528095 528095 528095 2327 2326 330 257
Geracao 1178: 528095 528095 528095 528095 528095 528095 528095 528095 528095 2444
Geracao 1179: 528095 528095 528095 528095 528095 528095 528095 479194 330 319
Geracao 1180: 528095 528095 528095 528095 528095 528095 528095 417496 18540 275
Geracao 1181: 528095 528095 528095 528095 528095 528095 528095 528095 528095 528095
Geracao 1182: 528095 528095 528095 528095 528095 528095 528095 528095 528095 2326
Geracao 1183: 528095 528095 528095 528095 528095 528095 528095 528095 2444 2320
Geracao 1184: 528095 528095 528095 528095 528095 528095 528095 417496 417496 269
Geracao 1185: 528095 528095 528095 528095 528095 528095 528095 528095 417496 417496
Geracao 1186: 528095 528095 528095 528095 528095 528095 417496 2444 2433 244
Geracao 1187: 528095 528095 528095 528095 528095 528095 528095 528095 528095 2444
Geracao 1188: 528095 528095 528095 528095 528095 528095 528095 528095 2377 2261
Geracao 1189: 528095 528095 528095 528095 528095 528095 528095 5477 2976 246
Geracao 1190: 528095 528095 528095 528095 528095 528095 528095 528095 528095 227
Geracao 1191: 528095 528095 528095 528095 528095 528095 528095 528095 2444 709
Geracao 1192: 528095 528095 528095 528095 528095 2444 557 441 371 310
Geracao 1193: 528095 528095 528095 528095 528095 528095 528095 528095 417496 104575
Geracao 1194: 528095 528095 528095 528095 528095 528095 528095 528095 528095 243
Geracao 1195: 528095 528095 528095 528095 528095 528095 528095 528095 417496 490
Geracao 1196: 528095 528095 528095 528095 528095 528095 528095 528095 528095 528095
Geracao 1197: 528095 528095 528095 528095 528095 528095 528095 528095 528095 2444
Geracao 1198: 528095 528095 528095 528095 528095 528095 528095 528095 244 226
Geracao 1199: 528095 528095 528095 528095 528095 528095 417496 417496 338 278
Geracao 1200: 528095 528095 528095 528095 528095 528095 528095 528095 417496 5118
Geracao 1201: 528095 528095 528095 528095 528095 528095 528095 5118 2444 320
Geracao 1202: 528095 528095 528095 528095 528095 528095 417496 5118 2444 2444
Geracao 1203: 528095 528095 528095 528095 528095 528095 528095 528095 5118 2474
Geracao 1204: 528095 528095 528095 528095 528095 7312 2348 2291 1137 306
Geracao 1205: 528095 528095 528095 528095 528095 528095 528095 528095 2444 2291
Geracao 1206: 528095 528095 528095 528095 528095 528095 528095 528095 3261 746
Geracao 1207: 528095 528095 528095 528095 528095 528095 528095 528095 528095 2724
Geracao 1208: 528095 528095 528095 528095 528095 528095 528095 991 617 458
Geracao 1209: 528095 528095 528095 528095 528095 528095 528095 528095 3159 2840
Geracao 1210: 528095 528095 528095 528095 528095 528095 528095 2961 2291 550
Geracao 1211: 528095 528095 528095 528095 528095 528095 528095 528095 528095 2513
Geracao 1212: 528095 528095 528095 528095 417496 16485 2485 2397 1128 484
Geracao 1213: 528095 528095 528095 528095 528095 528095 528095 528095 528095 1148
Geracao 1214: 528095 528095 528095 528095 528095 528095 2809 2623 2485 389
Geracao 1215: 528095 528095 528095 528095 528095 528095 528095 500146 2880 388
Geracao 1216: 528095 528095 528095 528095 528095 528095 528095 500146 2608 482
Geracao 1217: 528095 528095 528095 528095 528095 417496 11944 2485 2485 540
Geracao 1218: 528095 528095 528095 528095 528095 528095 2485 1096 474 444
Geracao 1219: 528095 528095 528095 528095 528095 528095 528095 528095 528095 528095
Geracao 1220: 528095 528095 528095 528095 528095 528095 528095 331020 2889 487
Geracao 1221: 528095 528095 528095 528095 528095 528095 528095 2311 1065 702
Geracao 1222: 528095 528095 528095 528095 528095 528095 528095 528095 2742 580
Geracao 1223: 528095 528095 528095 528095 528095 528095 528095 83521 717 428
Geracao 1224: 528095 528095 528095 528095 528095 528095 528095 528095 86517 388
Geracao 1225: 528095 528095 528095 528095 528095 528095 528095 528095 528095 2394
Geracao 1226: 528095 528095 528095 528095 528095 528095 528095 528095 528095 1555
Geracao 1227: 528095 528095 528095 528095 528095 528095 528095 528095 528095 575
Geracao 1228: 528095 528095 528095 528095 528095 528095 528095 1398 771 717
Geracao 1229: 528095 528095 528095 528095 528095 528095 19458 13095 717 538
Geracao 1230: 528095 528095 528095 528095 528095 2418 2409 688 377 255
Geracao 1231: 528095 528095 528095 528095 528095 528095 528095 499398 1349 717
Geracao 1232: 528095 528095 528095 528095 528095 528095 528095 4657 1155 286
Geracao 1233: 528095 528095 528095 528095 528095 528095 528095 10939 344 259
Geracao 1234: 528095 528095 528095 528095 528095 528095 528095 528095 528095 427
Geracao 1235: 528095 528095 528095 528095 528095 528095 528095 417496 717 377
Geracao 1236: 528095 528095 528095 528095 528095 528095 528095 528095 6319 2444
Geracao 1237: 528095 528095 528095 528095 528095 528095 528095 201395 2833 2573
Geracao 1238: 528095 528095 528095 528095 528095 528095 528095 528095 2538 364
Geracao 1239: 528095 528095 528095 528095 92882 3755 609 524 476 358
Geracao 1240: 528095 528095 528095 528095 528095 528095 528095 528095 2444 398
Geracao 1241: 528095 528095 528095 528095 528095 528095 417496 417496 1463 358
Geracao 1242: 528095 528095 528095 528095 528095 528095 528095 528095 2333 358
Geracao 1243: 528095 528095 528095 528095 528095 528095 104575 2351 398 358
Geracao 1244: 528095 528095 528095 528095 528095 528095 2585 2473 2467 441
Geracao 1245: 528095 528095 528095 528095 528095 528095 2307 377 358 342
Geracao 1246: 528095 528095 528095 528095 528095 528095 528095 528095 528095 267
Geracao 1247: 528095 528095 528095 528095 528095 104575 2444 2434 589 281
Geracao 1248: 528095 528095 528095 528095 528095 528095 528095 528095 2370 298
Geracao 1249: 528095 528095 528095 528095 528095 528095 528095 528095 1167 358
Geracao 1250: 528095 528095 528095 528095 528095 528095 528095 438982 1108 288
Geracao 1251: 528095 528095 528095 528095 528095 528095 528095 2444 2329 391
Geracao 1252: 528095 528095 528095 528095 528095 528095 528095 417496 1108 903
Geracao 1253: 528095 528095 528095 528095 528095 528095 528095 528095 2526 1108
Geracao 1254: 528095 528095 528095 528095 528095 528095 528095 528095 528095 2576
Geracao 1255: 528095 528095 528095 528095 528095 528095 528095 528095 2576 1452
Geracao 1256: 528095 528095 528095 528095 528095 528095 528095 2444 2293 858
Geracao 1257: 528095 528095 528095 528095 528095 528095 528095 528095 5961 4524
Geracao 1258: 528095 528095 528095 528095 528095 528095 528095 528095 2264 336
Geracao 1259: 528095 528095 528095 528095 528095 528095 528095 528095 528095 2444
Geracao 1260: 528095 528095 528095 528095 528095 528095 528095 417496 5118 2268
Geracao 1261: 528095 528095 528095 528095 528095 528095 528095 528095 528095 3443
Geracao 1262: 528095 528095 528095 528095 528095 528095 528095 104575 104575 2444
Geracao 1263: 528095 115063 104575 104575 104575 104575 104575 104575 104575 586
Geracao 1264: 528095 528095 528095 528095 528095 115063 115063 115063 1134 359
Geracao 1265: 528095 528095 528095 528095 528095 528095 528095 528095 528095 2520
Geracao 1266: 528095 528095 528095 528095 528095 528095 528095 106974 1478 343
Geracao 1267: 528095 528095 528095 528095 528095 105091 2525 1267 495 350
Geracao 1268: 528095 528095 528095 528095 528095 528095 417496 14525 2444 2361
Geracao 1269: 528095 528095 528095 528095 528095 528095 528095 528095 375 344
Geracao 1270: 528095 528095 528095 528095 528095 500146 938 502 402 322
Geracao 1271: 528095 528095 528095 528095 528095 528095 528095 528095 528095 404
Geracao 1272: 528095 528095 528095 528095 528095 528095 500146 364873 5026 285
Geracao 1273: 528095 528095 528095 528095 528095 528095 528095 528095 2444 2362
Geracao 1274: 528095 528095 528095 528095 528095 528095 8574 2519 2324 2262
Geracao 1275: 528095 528095 528095 528095 528095 528095 528095 528095 2334 329
Geracao 1276: 528095 528095 528095 528095 528095 528095 528095 417496 2456 341
Geracao 1277: 528095 417496 417496 417496 417496 417496 114405 104575 557 302
Geracao 1278: 528095 528095 528095 528095 417496 417496 4095 2546 541 391
Geracao 1279: 528095 528095 528095 528095 528095 528095 528095 190854 3517 2447
Geracao 1280: 528095 528095 528095 528095 528095 528095 528095 528095 2617 383
Geracao 1281: 528095 528095 528095 528095 528095 528095 528095 528095 500146 2447
Geracao 1282: 528095 528095 528095 528095 528095 528095 528095 528095 2447 279
Geracao 1283: 528095 528095 528095 528095 528095 528095 528095 528095 528095 528095
Geracao 1284: 528095 528095 528095 528095 528095 528095 528095 900 439 325
Geracao 1285: 528095 528095 528095 528095 528095 528095 528095 528095 528095 528095
Geracao 1286: 528095 528095 528095 528095 528095 528095 528095 528095 528095 729
Geracao 1287: 528095 528095 528095 528095 528095 528095 528095 528095 528095 20990
Geracao 1288: 528095 528095 528095 528095 528095 4299 2511 990 484 273
Geracao 1289: 528095 528095 528095 528095 528095 528095 528095 528095 528095 2444
Geracao 1290: 528095 528095 528095 417496 104575 104575 3975 2536 477 321
Geracao 1291: 528095 528095 528095 528095 528095 528095 528095 528095 528095 2536
Geracao 1292: 528095 528095 528095 528095 528095 528095 528095 528095 2536 263
Geracao 1293: 528095 528095 528095 528095 528095 528095 528095 528095 528095 528095
Geracao 1294: 528095 528095 528095 528095 528095 528095 528095 528095 528095 110685
Geracao 1295: 528095 528095 528095 528095 528095 528095 104575 3078 2536 506
Geracao 1296: 528095 528095 528095 528095 528095 528095 528095 528095 528095 104575
Geracao 1297: 528095 528095 528095 528095 419471 3982 2536 2536 319 319
Geracao 1298: 528095 528095 528095 528095 528095 528095 528095 528095 236585 323
Geracao 1299: 528095 528095 528095 528095 528095 528095 528095 528095 685 331
Geracao 1300: 528095 528095 528095 528095 528095 528095 528095 528095 2414 493
Geracao 1301: 528095 528095 528095 528095 528095 528095 528095 500146 307 278
Geracao 1302: 528095 528095 528095 528095 528095 528095 528095 528095 104575 2294
Geracao 1303: 528095 528095 528095 528095 528095 417496 2865 2444 748 732
Geracao 1304: 528095 528095 528095 528095 528095 528095 528095 528095 528095 436
Geracao 1305: 528095 528095 528095 528095 528095 528095 528095 528095 528095 528095
Geracao 1306: 528095 528095 528095 528095 528095 528095 528095 528095 528095 528095
Geracao 1307: 528095 18464 18464 18464 18464 18464 18464 2527 2491 2444
Geracao 1308: 528095 528095 528095 528095 528095 93112 42495 37475 18464 2501
Geracao 1309: 528095 528095 528095 528095 528095 528095 528095 528095 129157 2456
Geracao 1310: 528095 528095 528095 528095 528095 528095 528095 7531 2444 461
Geracao 1311: 528095 528095 528095 528095 528095 528095 528095 528095 2444 268
Geracao 1312: 528095 528095 528095 528095 528095 528095 528095 528095 528095 2452
Geracao 1313: 528095 528095 528095 528095 528095 528095 528095 3349 2371 674
Geracao 1314: 528095 528095 528095 528095 528095 528095 528095 528095 528095 279
Geracao 1315: 528095 528095 528095 528095 528095 528095 528095 4943 459 347
Geracao 1316: 528095 528095 528095 528095 528095 528095 528095 528095 2453 675
Geracao 1317: 528095 528095 528095 528095 528095 528095 528095 2472 383 364
Geracao 1318: 528095 528095 528095 528095 528095 528095 597 552 548 346
Geracao 1319: 528095 528095 528095 528095 528095 528095 528095 5364 589 513
Geracao 1320: 528095 528095 528095 528095 528095 528095 528095 528095 500146 332
Geracao 1321: 528095 528095 528095 528095 528095 528095 528095 528095 528095 319749
Geracao 1322: 528095 528095 528095 528095 528095 528095 528095 528095 18976 2431
Geracao 1323: 528095 528095 528095 528095 528095 528095 528095 119985 3045 503
Geracao 1324: 528095 528095 528095 528095 528095 528095 528095 2444 2341 2302
Geracao 1325: 528095 528095 528095 528095 528095 528095 528095 528095 528095 528095
Geracao 1326: 528095 528095 528095 528095 528095 528095 3045 2444 468 368
Geracao 1327: 528095 528095 528095 528095 528095 528095 528095 528095 528095 485
Geracao 1328: 528095 528095 528095 528095 528095 528095 528095 528095 97534 2442
Geracao 1329: 528095 528095 528095 528095 528095 528095 528095 528095 407989 104575
Geracao 1330: 528095 528095 528095 528095 528095 528095 528095 104575 554 395
Geracao 1331: 528095 528095 528095 528095 528095 528095 528095 528095 528095 528095
Geracao 1332: 528095 528095 528095 528095 528095 528095 528095 528095 104575 2444
Geracao 1333: 528095 528095 528095 528095 528095 528095 528095 528095 3045 399
Geracao 1334: 528095 528095 528095 528095 528095 528095 528095 528095 528095 701
Geracao 1335: 528095 528095 528095 528095 528095 528095 528095 528095 528095 92504
Geracao 1336: 528095 528095 528095 528095 528095 528095 528095 411393 3041 2450
Geracao 1337: 528095 528095 528095 528095 528095 528095 528095 104575 3045 480
Geracao 1338: 528095 528095 528095 528095 528095 528095 528095 528095 528095 528095
Geracao 1339: 528095 528095 528095 528095 528095 528095 528095 500146 1505 405
Geracao 1340: 528095 528095 528095 528095 528095 528095 4498 571 409 389
Geracao 1341: 528095 528095 528095 528095 528095 528095 528095 528095 2530 560
Geracao 1342: 528095 528095 528095 528095 528095 528095 528095 528095 3983 724
Geracao 1343: 528095 528095 528095 528095 528095 528095 528095 4029 501 429
Geracao 1344: 528095 528095 528095 528095 528095 528095 528095 528095 528095 401
Geracao 1345: 528095 528095 528095 528095 528095 528095 528095 104575 2292 795
Geracao 1346: 528095 528095 528095 528095 528095 528095 528095 6705 433 327
Geracao 1347: 528095 528095 528095 528095 528095 528095 26952 2612 1066 853
Geracao 1348: 528095 528095 528095 528095 528095 528095 528095 31327 2828 408
Geracao 1349: 528095 528095 528095 528095 528095 528095 528095 3640 3222 489
Geracao 1350: 528095 528095 528095 528095 528095 528095 528095 17084 1249 743
Geracao 1351: 528095 528095 528095 528095 528095 528095 528095 528095 2934 416
Geracao 1352: 528095 528095 528095 528095 528095 528095 528095 528095 528095 521
Geracao 1353: 528095 528095 528095 528095 528095 528095 528095 104575 2940 668
Geracao 1354: 528095 528095 528095 528095 528095 2485 2482 583 467 319
Geracao 1355: 528095 528095 528095 528095 528095 528095 528095 2444 1204 308
Geracao 1356: 528095 528095 528095 528095 528095 528095 528095 423993 1395 345
Geracao 1357: 528095 528095 528095 528095 528095 528095 528095 528095 104575 2556
Geracao 1358: 528095 528095 528095 528095 528095 528095 528095 528095 528095 477
Geracao 1359: 528095 528095 528095 528095 528095 528095 2754 2444 561 468
Geracao 1360: 528095 528095 528095 528095 528095 528095 528095 528095 2444 983
Geracao 1361: 528095 528095 528095 528095 528095 528095 528095 104575 5118 767
Geracao 1362: 528095 528095 528095 528095 528095 528095 528095 3099 2444 414
Geracao 1363: 528095 528095 528095 528095 528095 528095 1262 460 451 438
Geracao 1364: 528095 528095 528095 528095 528095 528095 104575 104575 2582 2444
Geracao 1365: 528095 528095 528095 528095 3039 2825 2381 524 316 280
Geracao 1366: 528095 528095 528095 528095 528095 528095 528095 528095 2402 440
Geracao 1367: 528095 528095 528095 528095 528095 528095 3303 595 459 457
Geracao 1368: 528095 528095 528095 528095 528095 528095 528095 528095 7402 3311
Geracao 1369: 528095 528095 528095 528095 528095 2444 2444 505 470 394
Geracao 1370: 528095 528095 528095 528095 528095 93484 5118 2867 807 611
Geracao 1371: 528095 528095 528095 528095 528095 528095 528095 528095 2396 1057
Geracao 1372: 528095 528095 528095 528095 528095 528095 591 538 309 271
Geracao 1373: 528095 528095 528095 528095 528095 528095 528095 1343 956 359
Geracao 1374: 528095 528095 528095 528095 528095 528095 528095 528095 11382 2483
Geracao 1375: 528095 528095 528095 528095 528095 528095 528095 714 591 471
Geracao 1376: 528095 528095 528095 528095 528095 528095 528095 528095 528095 2362
Geracao 1377: 528095 528095 528095 528095 528095 104575 2948 1026 969 438
Geracao 1378: 528095 528095 528095 528095 528095 528095 528095 528095 1128 906
Geracao 1379: 528095 528095 528095 528095 528095 528095 528095 528095 2449 695
Geracao 1380: 528095 528095 528095 528095 528095 528095 130706 3006 2444 399
Geracao 1381: 528095 528095 528095 528095 528095 528095 528095 528095 2575 546
Geracao 1382: 528095 528095 528095 528095 528095 528095 500146 89553 13079 2903
Geracao 1383: 528095 528095 528095 528095 528095 500146 13958 2464 2461 808
Geracao 1384: 528095 528095 528095 528095 11068 2461 2460 2460 733 254
Geracao 1385: 528095 528095 528095 528095 528095 528095 528095 2460 2460 2452
Geracao 1386: 528095 528095 528095 528095 528095 528095 528095 528095 2572 2448
Geracao 1387: 528095 528095 528095 528095 528095 528095 528095 5686 559 550
Geracao 1388: 528095 528095 528095 528095 528095 528095 528095 528095 2572 747
Geracao 1389: 528095 528095 528095 528095 528095 528095 528095 528095 3632 2480
Geracao 1390: 528095 528095 528095 528095 528095 2473 2471 2471 2462 464
Geracao 1391: 528095 528095 528095 528095 528095 528095 2281 621 581 468
Geracao 1392: 528095 528095 528095 528095 528095 528095 528095 2739 2317 841
Geracao 1393: 528095 528095 528095 528095 528095 528095 417496 2588 2581 575
Geracao 1394: 528095 528095 528095 528095 528095 528095 500146 617 590 458
Geracao 1395: 528095 528095 528095 528095 5079 4102 875 857 429 368
Geracao 1396: 528095 528095 528095 528095 528095 528095 528095 2444 533 461
Geracao 1397: 528095 528095 528095 528095 528095 528095 500146 19995 834 646
Geracao 1398: 528095 528095 528095 528095 528095 528095 528095 528095 528095 356326
Geracao 1399: 528095 528095 528095 528095 528095 528095 528095 528095 528095 647
Geracao 1400: 528095 528095 528095 528095 528095 528095 528095 528095 528095 1772
Geracao 1401: 528095 528095 528095 528095 528095 528095 528095 528095 528095 830
Geracao 1402: 528095 528095 528095 528095 528095 528095 528095 528095 528095 830
Geracao 1403: 528095 528095 528095 528095 528095 528095 528095 528095 528095 2291
Geracao 1404: 528095 528095 528095 528095 528095 528095 528095 528095 2444 396
Geracao 1405: 528095 528095 528095 528095 528095 528095 528095 528095 2425 614
Geracao 1406: 528095 528095 528095 528095 528095 528095 4594 2868 2444 2293
Geracao 1407: 528095 528095 528095 528095 528095 528095 399070 104575 31419 14383
Geracao 1408: 528095 528095 528095 528095 528095 528095 528095 104575 1060 453
Geracao 1409: 528095 528095 528095 528095 528095 528095 528095 528095 528095 372
Geracao 1410: 528095 528095 528095 528095 528095 107572 104575 104575 31419 2333
Geracao 1411: 528095 528095 528095 528095 528095 528095 528095 528095 528095 528095
Geracao 1412: 528095 528095 528095 528095 528095 528095 528095 528095 13455 4817
Geracao 1413: 528095 528095 528095 528095 528095 528095 528095 528095 2468 295
Geracao 1414: 528095 528095 528095 528095 528095 528095 528095 528095 528095 460
Geracao 1415: 528095 528095 528095 528095 528095 528095 528095 528095 14048 3567
Geracao 1416: 528095 528095 528095 528095 528095 528095 528095 528095 528095 76533
Geracao 1417: 528095 528095 528095 528095 528095 528095 528095 528095 528095 528095
Geracao 1418: 528095 528095 528095 528095 528095 528095 528095 528095 325 312
Geracao 1419: 528095 528095 528095 528095 528095 528095 528095 528095 18464 2444
Geracao 1420: 528095 528095 528095 528095 528095 528095 528095 528095 528095 342
Geracao 1421: 528095 528095 528095 528095 528095 528095 528095 428444 417496 105568
Geracao 1422: 528095 528095 528095 528095 528095 528095 528095 528095 3175 2977
Geracao 1423: 528095 528095 528095 528095 528095 528095 528095 528095 528095 417496
Geracao 1424: 528095 528095 528095 528095 528095 528095 417496 2526 2483 505
Geracao 1425: 528095 528095 528095 528095 528095 528095 417496 417496 2384 552
Geracao 1426: 528095 528095 528095 528095 528095 528095 528095 528095 528095 528095
Geracao 1427: 528095 528095 528095 528095 528095 18468 2600 2370 402 318
Geracao 1428: 528095 528095 528095 528095 528095 528095 500146 2372 986 393
Geracao 1429: 528095 528095 528095 528095 528095 528095 528095 528095 545 253
Geracao 1430: 528095 528095 528095 528095 528095 528095 117568 3999 3999 2444
Geracao 1431: 528095 528095 528095 528095 528095 528095 528095 528095 500146 2651
Geracao 1432: 528095 528095 528095 528095 528095 528095 528095 528095 909 320
Geracao 1433: 528095 528095 528095 528095 528095 528095 528095 528095 282 282
Geracao 1434: 528095 528095 528095 528095 528095 528095 528095 528095 528095 282
Geracao 1435: 528095 528095 528095 528095 528095 528095 417496 5970 3175 885
Geracao 1436: 528095 528095 528095 528095 528095 528095 417496 96970 19468 429
Geracao 1437: 528095 528095 528095 528095 528095 528095 117568 587 512 428
Geracao 1438: 838452 528095 528095 528095 528095 528095 417496 117568 931 554
Geracao 1439: 838452 838452 838452 838452 838452 838452 838452 838452 126166 5307
Geracao 1440: 838452 838452 838452 838452 838452 528095 418158 5307 524 360
Geracao 1441: 838452 838452 838452 838452 838452 837453 421036 254573 423 323
Geracao 1442: 838452 838452 838452 838452 838452 838452 838452 838452 2674 2469
Geracao 1443: 838452 838452 838452 712450 5307 3535 3097 3021 2475 447
Geracao 1444: 838452 838452 838452 838452 838452 838452 420036 5307 5307 466
Geracao 1445: 838452 838452 838452 838452 838452 8147 8142 884 503 423
Geracao 1446: 838452 838452 528095 420036 121147 5307 1069 910 717 522
Geracao 1447: 838452 838452 838452 838452 838452 838452 420036 121147 2411 364
Geracao 1448: 838452 838452 838452 838452 838452 838452 111130 5307 2602 969
Geracao 1449: 838452 838452 838452 838452 838452 838452 528095 13741 9037 513
Geracao 1450: 838452 838452 838452 838452 838452 838452 127032 112150 535 506
Geracao 1451: 838452 838452 838452 127032 5307 5307 3740 910 680 390
Geracao 1452: 838452 838452 838452 838452 838452 838452 3206 2892 1218 910
Geracao 1453: 121147 121147 121147 121147 121147 5307 5307 2750 1596 1161
Geracao 1454: 421036 121147 121147 121147 121147 9037 2753 1651 726 669
Geracao 1455: 708450 421036 421036 421036 421036 421036 421036 121147 3740 597
Geracao 1456: 708450 708450 708450 708450 708450 127032 3098 3040 1086 891
Geracao 1457: 708450 708450 708450 708450 421036 421036 421036 421036 11893 3335
Geracao 1458: 708450 708450 708450 708450 708450 421036 421036 8917 910 822
Geracao 1459: 708450 708450 708450 708450 708450 423036 421036 9037 7038 2908
Geracao 1460: 708450 708450 708450 421036 121739 9037 3740 1184 1174 910
Geracao 1461: 708450 708450 708450 421158 6453 3921 3072 1033 1024 931
Geracao 1462: 708450 708450 708450 708450 421158 421158 5084 977 903 483
Geracao 1463: 708450 708450 708450 708450 426027 421158 421158 401996 127032 2991
Geracao 1464: 708450 708450 708450 708450 421158 421158 421158 3638 2895 559
Geracao 1465: 708450 708450 708450 708450 708450 421158 421158 127032 4816 429
Geracao 1466: 708450 708450 708450 708450 708450 127032 42158 3072 3037 2490
Geracao 1467: 708450 708450 708450 708450 4816 1956 1888 1574 516 395
Geracao 1468: 708450 708450 708450 708450 708450 421158 421158 3898 3638 3072
Geracao 1469: 708450 708450 708450 708450 708450 127032 127032 127032 1976 1574
Geracao 1470: 708450 708450 708450 421158 421158 421158 411097 109700 5907 2991
Geracao 1471: 708450 708450 708450 172157 42158 5307 2809 2704 559 505
Geracao 1472: 708450 708450 708450 421158 421158 121147 4443 3306 2737 761
Geracao 1473: 708450 708450 708450 708450 708450 421158 421158 421158 127032 2991
Geracao 1474: 708450 708450 708450 708450 708450 708450 42158 11153 5307 876
Geracao 1475: 708450 708450 708450 421158 421158 421158 127032 3794 2644 1486
Geracao 1476: 708450 708450 421158 371314 121147 3835 2990 2940 559 524
Geracao 1477: 295032 121147 3158 1627 1627 1627 1574 789 762 559
Geracao 1478: 421158 419157 296456 295032 295032 295032 295032 295032 254573 157894
Geracao 1479: 421158 421158 421158 421158 421158 6511 4040 1538 701 546
Geracao 1480: 423036 421158 421158 421158 421158 135039 2872 2442 715 478
Geracao 1481: 423036 423036 423036 423036 423036 423036 423036 126157 125450 2586
Geracao 1482: 423036 423036 423036 423036 423036 423036 423036 419453 254157 569
Geracao 1483: 423036 423036 423036 423036 423036 12717 6898 2612 2510 593
Geracao 1484: 423036 423036 423036 423036 423036 423036 125156 7450 3158 3158
Geracao 1485: 423036 423036 423036 423036 421158 6453 6453 4914 3158 725
Geracao 1486: 423036 423036 417158 123039 7450 6453 6453 3158 1034 585
Geracao 1487: 836453 423036 423036 423036 121156 5307 2601 2453 1158 1031
Geracao 1488: 836453 836453 836453 836453 836453 836453 836453 254573 125450 3097
Geracao 1489: 836453 836453 836453 836453 836453 836453 294450 2429 617 387
Geracao 1490: 836453 836453 836453 836453 254573 254573 2523 467 460 430
Geracao 1491: 836453 836453 836453 836453 836453 836453 254573 4409 2789 555
Geracao 1492: 836453 836453 836453 836453 836453 528095 423036 254573 2512 654
Geracao 1493: 836453 836453 365880 254573 12006 2513 867 576 397 371
Geracao 1494: 836453 836453 836453 836453 254573 4409 3097 2940 2940 576
Geracao 1495: 836453 836453 836453 836453 836453 836453 419158 123039 121147 7038
Geracao 1496: 836453 836453 836453 836453 419453 417496 300975 3690 559 447
Geracao 1497: 836453 836453 836453 419453 417496 411097 116108 9008 852 635
Geracao 1498: 836453 836453 836453 836453 836453 419453 535 482 473 435
Geracao 1499: 254573 127178 16028 16028 4156 3037 3037 3037 3037 2875
Geracao 1500: 421451 254573 254573 254573 254573 254573 5910 5910 2547 676
Geracao 1501: 712450 421451 421451 421451 5908 5307 5307 4156 3037 877
Geracao 1502: 712450 712450 712450 712450 712450 411097 411097 273898 2678 2230
Geracao 1503: 836453 712450 712450 712450 712450 528095 7038 3454 2486 1327
Geracao 1504: 836453 836453 836453 836453 836453 836453 836453 836453 836453 419453
Geracao 1505: 712450 712450 712450 712450 419453 8016 3454 3102 2606 1393
Geracao 1506: 712450 712450 712450 712450 712450 9039 3454 3454 1242 488
Geracao 1507: 712450 712450 712450 712450 712450 712450 712450 528095 9595 442
Geracao 1508: 712450 712450 712450 712450 712450 712450 712450 712450 712450 3006
Geracao 1509: 712450 712450 712450 712450 712450 712450 712450 10675 3590 2673
Geracao 1510: 712450 712450 712450 712450 712450 712450 712450 712450 712450 783
Geracao 1511: 712450 712450 712450 712450 712450 712450 712450 305038 586 335
Geracao 1512: 712450 712450 712450 712450 712450 712450 712450 139467 2483 537
Geracao 1513: 712450 712450 712450 712450 712450 712450 712450 407126 3454 486
Geracao 1514: 712450 712450 712450 712450 712450 712450 528095 1051 485 484
Geracao 1515: 712450 712450 712450 712450 712450 712450 712450 528095 9154 879
Geracao 1516: 712450 712450 712450 712450 712450 128038 3895 2614 2545 2413
Geracao 1517: 712450 712450 712450 712450 712450 712450 2757 2545 1297 442
Geracao 1518: 712450 712450 7381 3114 2987 2920 2798 2649 1146 660
Geracao 1519: 712450 712450 712450 712450 712450 712450 712450 712450 2481 511
Geracao 1520: 712450 712450 712450 712450 712450 712450 712450 419453 419156 3987
Geracao 1521: 712450 712450 712450 712450 712450 712450 79249 79249 11893 573
Geracao 1522: 712450 712450 712450 712450 712450 712450 712450 712450 528095 2986
Geracao 1523: 712450 712450 712450 712450 712450 712450 712450 419453 417496 3987
Geracao 1524: 712450 712450 712450 712450 712450 419453 417496 6889 2389 466
Geracao 1525: 712450 712450 712450 712450 712450 109738 93696 1008 663 602
Geracao 1526: 712450 712450 712450 712450 712450 712450 6453 2916 2615 917
Geracao 1527: 712450 712450 712450 712450 712450 712450 528095 425002 417496 2642
Geracao 1528: 712450 712450 712450 712450 712450 712450 712450 712450 712450 22740
Geracao 1529: 712450 712450 712450 712450 712450 712450 712450 712450 712450 635
Geracao 1530: 712450 712450 712450 712450 712450 712450 125450 7338 2580 1409
Geracao 1531: 712450 712450 712450 712450 712450 712450 712450 712450 865 548
Geracao 1532: 712450 712450 712450 712450 712450 712450 712450 1065 470 452
Geracao 1533: 712450 712450 712450 712450 712450 712450 712450 712450 9905 952
Geracao 1534: 712450 712450 712450 712450 712450 419453 17554 8912 610 572
Geracao 1535: 712450 712450 712450 712450 712450 712450 712450 712450 1349 712
Geracao 1536: 712450 712450 712450 712450 712450 421036 3343 518 460 326
Geracao 1537: 712450 712450 712450 712450 712450 412431 8308 3037 2589 855
Geracao 1538: 712450 712450 712450 712450 712450 712450 133145 3463 3065 2723
Geracao 1539: 419453 419453 419453 419453 419453 419453 3489 3036 3026 489
Geracao 1540: 712450 712450 712450 712450 712450 712450 712450 423342 419453 800
Geracao 1541: 712450 712450 712450 436630 422436 168449 110130 3036 455 375
Geracao 1542: 712450 712450 712450 712450 712450 419453 419450 97540 1235 273
Geracao 1543: 712450 712450 712450 708450 408994 2593 2590 2452 731 519
Geracao 1544: 712450 712450 712450 712450 712450 712450 712450 712450 712450 97540
Geracao 1545: 712450 712450 712450 712450 712450 712450 419450 9031 2613 549
Geracao 1546: 712450 712450 712450 99686 8664 3036 3036 3036 2901 2469
Geracao 1547: 712450 712450 712450 712450 419453 254573 97540 97540 1574 467
Geracao 1548: 712450 712450 712450 712450 712450 712450 712450 3036 3034 559
Geracao 1549: 712450 712450 712450 419453 123133 9031 4156 2562 2308 1268
Geracao 1550: 712450 712450 712450 712450 419157 9031 3036 1051 1051 859
Geracao 1551: 712450 712450 712450 712450 712450 712450 712450 712450 419453 442
Geracao 1552: 712450 712450 712450 712450 712450 712450 712450 419453 937 864
Geracao 1553: 712450 712450 419453 419453 419453 3963 1679 931 929 590
Geracao 1554: 712450 712450 712450 712450 712450 97540 7724 694 664 441
Geracao 1555: 712450 712450 712450 712450 712450 712450 3036 1207 747 508
Geracao 1556: 712450 712450 712450 712450 712450 712450 712450 2562 2405 2329
Geracao 1557: 712450 712450 712450 712450 712450 712450 712450 2686 2416 354
Geracao 1558: 712450 712450 712450 712450 712450 712450 425456 425456 97540 2434
Geracao 1559: 712450 712450 712450 712450 712450 712450 712450 9031 688 676
Geracao 1560: 712450 712450 712450 712450 712450 712450 419454 4889 679 582
Geracao 1561: 712450 712450 712450 712450 712450 712450 712450 417158 3036 1038
Geracao 1562: 712450 712450 712450 712450 712450 712450 421035 181119 3158 658
Geracao 1563: 712450 712450 712450 712450 421158 9031 3036 2552 990 656
Geracao 1564: 712450 712450 712450 712450 712450 712450 411097 2662 2482 2393
Geracao 1565: 712450 712450 712450 712450 712450 712450 263961 254573 2440 813
Geracao 1566: 712450 712450 712450 712450 712450 712450 712450 3473 3036 2892
Geracao 1567: 712450 712450 712450 712450 712450 712450 712450 123039 8308 1574
Geracao 1568: 712450 712450 712450 712450 712450 712450 712450 712450 712450 12691
Geracao 1569: 712450 712450 712450 254573 254573 2440 2303 1477 471 455
Geracao 1570: 712450 712450 712450 712450 712450 712450 712450 3020 603 486
Geracao 1571: 712450 712450 712450 712450 712450 712450 5400 2366 455 323
Geracao 1572: 712450 712450 712450 712450 712450 712450 712450 9031 910 412
Geracao 1573: 712450 712450 712450 712450 712450 712450 528095 483450 254573 1042
Geracao 1574: 712450 712450 712450 712450 712450 712450 712450 254573 2440 290
Geracao 1575: 712450 712450 712450 712450 712450 712450 528095 2440 2440 910
Geracao 1576: 712450 712450 712450 712450 712450 712450 254573 128038 915 377
Geracao 1577: 712450 712450 712450 712450 712450 712450 712450 712450 254573 627
Geracao 1578: 712450 712450 712450 712450 712450 712450 712450 712450 528095 306
Geracao 1579: 712450 712450 712450 712450 712450 712450 712450 303457 113716 917
Geracao 1580: 712450 712450 712450 712450 712450 712450 712450 712450 917 441
Geracao 1581: 712450 712450 712450 712450 712450 712450 126157 3346 2478 467
Geracao 1582: 712450 712450 712450 712450 712450 712450 712450 254573 6903 910
Geracao 1583: 712450 712450 712450 712450 712450 712450 712450 126157 120576 2318
Geracao 1584: 712450 712450 712450 712450 712450 712450 712450 712450 917 396
Geracao 1585: 712450 712450 712450 121147 121147 100123 93704 86060 69691 342
Geracao 1586: 712450 712450 712450 712450 712450 712450 712450 712450 712450 2467
Geracao 1587: 712450 712450 712450 712450 712450 110712 2497 2487 443 273
Geracao 1588: 712450 712450 712450 712450 712450 712450 121147 86060 3018 479
Geracao 1589: 712450 712450 712450 712450 712450 712450 110712 8426 8179 4156
Geracao 1590: 712450 712450 712450 712450 712450 254573 123163 120576 2532 273
Geracao 1591: 712450 712450 712450 712450 712450 712450 712450 432584 2525 273
Geracao 1592: 712450 712450 712450 712450 712450 712450 712450 712450 418156 3489
Geracao 1593: 712450 712450 712450 712450 712450 712450 712450 712450 116422 518
Geracao 1594: 712450 712450 712450 712450 712450 712450 712450 418022 9913 4514
Geracao 1595: 712450 712450 712450 712450 712450 712450 712450 557 455 292
Geracao 1596: 712450 712450 712450 712450 712450 712450 712450 712450 607 351
Geracao 1597: 712450 712450 712450 712450 712450 712450 712450 712450 712450 2476
Geracao 1598: 712450 712450 712450 712450 712450 712450 263176 2318 455 449
Geracao 1599: 712450 712450 712450 712450 712450 712450 294029 2692 530 402
Geracao 1600: 712450 712450 712450 712450 712450 712450 712450 9927 2320 314
Geracao 1601: 712450 712450 712450 712450 712450 712450 712450 712450 712450 2416
Geracao 1602: 712450 712450 712450 712450 712450 86060 18523 7038 910 455
Geracao 1603: 712450 712450 712450 712450 712450 712450 712450 419450 419450 455
Geracao 1604: 835573 712450 712450 712450 712450 712450 712450 712450 712450 910
Geracao 1605: 835573 835573 835573 835573 835573 712450 712450 2527 978 306
Geracao 1606: 835573 835573 835573 835573 835573 835573 712450 3150 3036 2392
Geracao 1607: 835573 835573 835573 835573 835573 835573 835573 835573 835573 419450
Geracao 1608: 835573 835573 835573 835573 2854 2811 2373 2278 917 623
Geracao 1609: 835573 835573 835573 835573 712450 712450 455 455 309 308
Geracao 1610: 835573 835573 835573 835573 835573 835573 419450 419157 2562 462
Geracao 1611: 835573 835573 835573 712450 419157 86060 86060 2444 652 272
Geracao 1612: 835573 835573 835573 835573 835573 712450 712450 2775 2404 506
Geracao 1613: 835573 835573 835573 835573 835573 712450 712450 712450 86060 940
Geracao 1614: 835573 835573 835573 835573 835573 835573 835573 835573 712450 1060
Geracao 1615: 835573 835573 835573 835573 835573 835573 835573 835573 835573 535
Geracao 1616: 835573 835573 835573 835573 835573 712450 712450 712450 110712 86060
Geracao 1617: 835573 835573 835573 835573 835573 835573 835573 712450 528095 554
Geracao 1618: 835573 835573 835573 835573 835573 835573 712450 712450 712450 5155
Geracao 1619: 835573 835573 835573 835573 835573 835573 835573 835573 5155 1091
Geracao 1620: 835573 835573 712450 712450 528095 116718 4888 2430 910 397
Geracao 1621: 835573 835573 835573 835573 712450 18642 3912 2857 2578 910
Geracao 1622: 835573 835573 712450 295032 125450 3489 2756 729 620 413
Geracao 1623: 835573 835573 835573 835573 835573 835573 712450 528095 119738 406
Geracao 1624: 835573 835573 835573 835573 835573 835573 712450 411445 125450 555
Geracao 1625: 835573 835573 835573 835573 835573 835573 2691 2471 998 524
Geracao 1626: 419157 419157 419157 419157 419157 419157 419157 419157 419157 419157
Geracao 1627: 419157 419157 419157 419157 419157 419157 2641 476 455 408
Geracao 1628: 528095 419157 419157 419157 419157 419157 419157 419157 419157 495
Geracao 1629: 528095 528095 528095 528095 528095 528095 86060 17549 2799 517
Geracao 1630: 528095 528095 528095 528095 528095 528095 528095 528095 2413 772
Geracao 1631: 528095 528095 528095 528095 528095 528095 528095 528095 88057 2475
Geracao 1632: 528095 528095 528095 528095 528095 528095 528095 528095 528095 2536
Geracao 1633: 528095 528095 528095 528095 528095 528095 528095 104575 2667 752
Geracao 1634: 528095 528095 528095 528095 528095 528095 528095 528095 417496 86060
Geracao 1635: 528095 528095 528095 528095 528095 528095 528095 528095 7975 2637
Geracao 1636: 528095 528095 528095 528095 528095 528095 528095 528095 528095 528095
Geracao 1637: 528095 528095 528095 528095 528095 528095 528095 528095 528095 528095
Geracao 1638: 528095 528095 528095 528095 528095 528095 528095 528095 528095 3144
Geracao 1639: 528095 528095 528095 528095 528095 528095 528095 528095 528095 458
Geracao 1640: 528095 528095 528095 528095 528095 528095 2989 728 462 341
Geracao 1641: 528095 528095 528095 528095 528095 528095 528095 528095 528095 614
Geracao 1642: 528095 528095 528095 528095 528095 528095 528095 9512 2515 630
Geracao 1643: 528095 528095 528095 528095 528095 528095 528095 2504 540 510
Geracao 1644: 528095 528095 528095 528095 528095 528095 528095 528095 528095 528095
Geracao 1645: 528095 528095 528095 528095 528095 528095 528095 528095 771 601
Geracao 1646: 528095 528095 528095 528095 528095 528095 3543 2449 587 510
Geracao 1647: 528095 528095 528095 528095 528095 528095 528095 528095 2769 363
Geracao 1648: 528095 528095 528095 528095 528095 528095 528095 467218 2452 593
Geracao 1649: 528095 528095 528095 528095 528095 528095 17555 966 554 390
Geracao 1650: 528095 528095 528095 528095 528095 528095 528095 528095 22448 684
Geracao 1651: 528095 528095 528095 528095 528095 528095 528095 528095 528095 365
Geracao 1652: 528095 528095 528095 528095 528095 528095 528095 2540 2416 638
Geracao 1653: 528095 528095 528095 528095 528095 528095 528095 528095 528095 552
Geracao 1654: 528095 528095 528095 528095 528095 528095 528095 528095 528095 528095
Geracao 1655: 528095 528095 528095 528095 528095 528095 528095 2343 472 419
Geracao 1656: 528095 528095 528095 528095 528095 528095 528095 528095 528095 2584
Geracao 1657: 528095 528095 528095 528095 528095 528095 528095 528095 528095 528095
Geracao 1658: 528095 528095 528095 528095 528095 528095 528095 528095 2430 590
Geracao 1659: 528095 528095 528095 528095 528095 428144 22448 3073 2444 433
Geracao 1660: 528095 528095 528095 528095 528095 528095 2751 2582 2346 476
Geracao 1661: 528095 528095 528095 528095 528095 528095 528095 528095 417496 462
Geracao 1662: 528095 528095 528095 528095 528095 528095 528095 528095 417496 417496
Geracao 1663: 528095 528095 528095 528095 528095 528095 528095 417496 2714 2476
Geracao 1664: 528095 528095 528095 528095 528095 528095 528095 528095 2617 2359
Geracao 1665: 528095 528095 528095 528095 528095 528095 528095 528095 528095 2528
Geracao 1666: 528095 528095 528095 528095 528095 528095 528095 417496 104575 2378
Geracao 1667: 528095 528095 528095 528095 528095 528095 528095 417496 417496 22448
Geracao 1668: 528095 528095 528095 528095 528095 528095 104575 4565 2467 2444
Geracao 1669: 528095 528095 528095 528095 528095 528095 528095 2467 2444 2444
Geracao 1670: 528095 528095 528095 528095 528095 528095 528095 528095 2473 363
Geracao 1671: 528095 528095 528095 528095 528095 528095 528095 528095 68634 27537
Geracao 1672: 528095 528095 528095 528095 528095 528095 528095 528095 528095 316
Geracao 1673: 528095 528095 528095 528095 528095 528095 528095 104575 2444 2372
Geracao 1674: 528095 528095 528095 528095 528095 528095 528095 528095 104575 2469
Geracao 1675: 528095 528095 528095 528095 528095 104575 15073 2444 334 334
Geracao 1676: 528095 528095 528095 528095 528095 528095 528095 104575 2351 623
Geracao 1677: 528095 528095 528095 528095 528095 528095 2651 2485 1282 463
Geracao 1678: 528095 528095 528095 528095 528095 528095 528095 528095 1409 506
Geracao 1679: 528095 528095 528095 528095 528095 528095 528095 528095 62561 2558
Geracao 1680: 528095 528095 528095 528095 528095 528095 417496 2444 1642 302
Geracao 1681: 528095 528095 528095 528095 528095 528095 528095 2444 523 283
Geracao 1682: 528095 528095 528095 528095 528095 528095 104575 2581 691 536
Geracao 1683: 528095 528095 528095 528095 528095 417496 104575 3508 2423 363
Geracao 1684: 528095 528095 528095 528095 528095 528095 528095 528095 528095 528095
Geracao 1685: 528095 528095 528095 528095 528095 528095 2447 2444 245 236
Geracao 1686: 528095 528095 528095 528095 528095 528095 528095 104575 5078 2444
Geracao 1687: 528095 528095 528095 528095 528095 528095 528095 528095 528095 217
Geracao 1688: 528095 528095 528095 528095 528095 417496 417496 2246 337 297
Geracao 1689: 528095 528095 528095 528095 528095 528095 528095 528095 417496 329
Geracao 1690: 528095 528095 528095 528095 528095 528095 528095 528095 528095 342
Geracao 1691: 528095 528095 528095 528095 528095 5097 3508 2473 2444 781
Geracao 1692: 528095 528095 528095 528095 528095 528095 417496 417496 1170 293
Geracao 1693: 528095 528095 528095 528095 528095 2559 1402 1339 1103 930
Geracao 1694: 528095 528095 528095 528095 528095 528095 528095 1231 1220 938
Geracao 1695: 528095 528095 528095 528095 528095 528095 528095 528095 528095 528095
Geracao 1696: 528095 528095 528095 528095 528095 528095 528095 528095 528095 2570
Geracao 1697: 528095 528095 528095 528095 528095 528095 528095 1566 1545 1266
Geracao 1698: 528095 528095 528095 528095 528095 253163 3876 1109 1092 854
Geracao 1699: 528095 528095 528095 528095 528095 2507 1704 1142 1107 927
Geracao 1700: 528095 528095 528095 528095 528095 528095 528095 528095 528095 1121
Geracao 1701: 528095 528095 528095 528095 528095 528095 528095 528095 635 602
Geracao 1702: 528095 528095 528095 528095 528095 528095 528095 528095 528095 674
Geracao 1703: 528095 528095 528095 528095 528095 528095 2864 1625 1353 354
Geracao 1704: 528095 528095 528095 528095 2922 1098 715 700 616 599
Geracao 1705: 528095 528095 528095 528095 528095 528095 528095 528095 528095 15530
Geracao 1706: 742752 528095 528095 528095 528095 528095 3228 1031 916 897
Geracao 1707: 528095 528095 528095 528095 528095 528095 528095 528095 528095 3705
Geracao 1708: 528095 528095 528095 528095 528095 528095 256478 104575 3972 715
Geracao 1709: 528095 528095 528095 528095 528095 528095 528095 528095 2326 701
Geracao 1710: 528095 528095 528095 528095 528095 528095 2776 1000 578 439
Geracao 1711: 528095 528095 528095 528095 528095 528095 2606 1098 587 464
Geracao 1712: 528095 528095 528095 528095 528095 104575 2464 2464 1410 976
Geracao 1713: 528095 528095 528095 528095 528095 528095 528095 3542 490 453
Geracao 1714: 528095 528095 528095 528095 528095 528095 528095 528095 528095 528095
Geracao 1715: 528095 528095 528095 528095 528095 528095 528095 528095 11530 5947
Geracao 1716: 528095 528095 528095 528095 528095 528095 528095 528095 528095 528095
Geracao 1717: 528095 528095 528095 528095 528095 528095 528095 528095 2617 2471
Geracao 1718: 528095 528095 528095 528095 528095 528095 528095 1212 386 268
Geracao 1719: 528095 528095 528095 528095 528095 528095 528095 528095 2385 620
Geracao 1720: 528095 528095 528095 528095 528095 528095 528095 528095 3191 1114
Geracao 1721: 528095 528095 528095 528095 528095 528095 417496 2563 541 345
Geracao 1722: 528095 528095 528095 528095 528095 528095 528095 528095 528095 417496
Geracao 1723: 528095 528095 528095 528095 528095 528095 528095 528095 417496 1099
Geracao 1724: 528095 528095 528095 528095 528095 417496 3537 2980 2498 2427
Geracao 1725: 528095 528095 528095 528095 528095 528095 528095 417496 1239 602
Geracao 1726: 528095 528095 528095 528095 528095 500146 1491 896 752 510
Geracao 1727: 528095 528095 528095 528095 528095 528095 528095 528095 528095 7379
Geracao 1728: 528095 528095 528095 528095 528095 528095 110065 104575 513 407
Geracao 1729: 528095 528095 528095 528095 528095 528095 528095 528095 332985 98072
Geracao 1730: 528095 528095 528095 528095 528095 528095 528095 528095 16582 860
Geracao 1731: 528095 528095 528095 528095 528095 528095 528095 417496 2380 462
Geracao 1732: 528095 528095 528095 528095 528095 528095 528095 528095 528095 538
Geracao 1733: 528095 528095 528095 528095 528095 528095 528095 528095 528095 2528
Geracao 1734: 528095 528095 528095 528095 528095 528095 528095 1409 394 340
Geracao 1735: 528095 528095 528095 528095 528095 528095 528095 528095 2444 684
Geracao 1736: 528095 528095 528095 528095 528095 528095 528095 1458 1409 530
Geracao 1737: 528095 528095 528095 528095 528095 528095 528095 528095 3367 490
Geracao 1738: 528095 528095 528095 528095 528095 528095 528095 528095 3258 460
Geracao 1739: 528095 528095 528095 528095 528095 528095 528095 300432 634 536
Geracao 1740: 528095 528095 528095 528095 528095 528095 528095 528095 528095 2627
Geracao 1741: 528095 528095 528095 528095 528095 528095 528095 323439 2651 703
Geracao 1742: 528095 528095 528095 528095 528095 528095 528095 528095 528095 2438
Geracao 1743: 528095 528095 528095 528095 500146 3548 2444 1673 579 573
Geracao 1744: 528095 528095 528095 528095 528095 528095 528095 500146 417496 649
Geracao 1745: 528095 528095 528095 528095 528095 528095 528095 528095 2496 444
Geracao 1746: 528095 528095 528095 528095 528095 528095 500146 3229 609 459
Geracao 1747: 528095 528095 528095 528095 528095 528095 528095 1153 468 420
Geracao 1748: 528095 528095 528095 528095 528095 369811 2550 2444 2389 941
Geracao 1749: 528095 528095 528095 528095 528095 528095 528095 528095 3116 414
Geracao 1750: 528095 528095 528095 528095 528095 528095 528095 528095 528095 104575
Geracao 1751: 528095 528095 528095 528095 528095 528095 528095 2350 1711 888
Geracao 1752: 528095 528095 528095 528095 528095 528095 528095 3237 711 418
Geracao 1753: 528095 528095 528095 528095 528095 528095 528095 528095 1517 1374
Geracao 1754: 528095 528095 528095 528095 528095 528095 528095 528095 528095 1018
Geracao 1755: 528095 528095 528095 528095 528095 528095 3442 1343 713 493
Geracao 1756: 528095 528095 528095 528095 528095 2375 1419 917 822 391
Geracao 1757: 528095 528095 528095 528095 528095 528095 438982 2865 1518 1410
Geracao 1758: 528095 528095 528095 528095 528095 528095 528095 528095 2444 452
Geracao 1759: 528095 528095 528095 528095 528095 528095 349965 104575 104575 320
Geracao 1760: 528095 528095 528095 528095 528095 528095 528095 2162 1349 605
Geracao 1761: 528095 528095 528095 528095 528095 528095 1635 1517 551 480
Geracao 1762: 528095 528095 528095 528095 528095 528095 3757 3187 1742 1736
Geracao 1763: 528095 528095 528095 528095 528095 528095 4409 2708 848 385
Geracao 1764: 528095 528095 528095 528095 528095 528095 417496 417496 1505 898
Geracao 1765: 528095 528095 528095 528095 528095 528095 2964 1446 867 847
Geracao 1766: 528095 528095 528095 528095 528095 528095 417496 3295 2874 879
Geracao 1767: 528095 528095 528095 528095 528095 528095 528095 528095 1346 542
Geracao 1768: 528095 528095 528095 528095 528095 528095 2782 2570 2526 436
Geracao 1769: 528095 528095 528095 528095 528095 528095 528095 528095 2444 2377
Geracao 1770: 528095 528095 528095 528095 528095 528095 528095 528095 655 423
Geracao 1771: 528095 528095 528095 528095 528095 528095 426068 2009 1677 1566
Geracao 1772: 528095 528095 528095 528095 528095 528095 528095 104575 489 384
Geracao 1773: 528095 528095 528095 528095 528095 528095 528095 528095 528095 663
Geracao 1774: 528095 528095 528095 528095 528095 528095 528095 528095 528095 16566
Geracao 1775: 702412 528095 528095 528095 528095 528095 2582 663 607 330
Geracao 1776: 702412 702412 702412 702412 702412 702412 702412 528095 528095 9100
Geracao 1777: 702412 702412 702412 702412 702412 702412 702412 702412 107090 571
Geracao 1778: 702412 9100 9100 9100 9100 9100 9100 9100 2634 2444
Geracao 1779: 702412 702412 702412 702412 702412 702412 702412 702412 2444 764
Geracao 1780: 702412 702412 702412 702412 702412 702412 702412 702412 702412 750
Geracao 1781: 702412 702412 702412 702412 702412 702412 702412 702412 702412 530
Geracao 1782: 702412 702412 702412 702412 702412 702412 702412 702412 2966 518
Geracao 1783: 702412 702412 702412 702412 702412 702412 702412 9100 2444 1137
Geracao 1784: 702412 702412 702412 702412 702412 702412 702412 702412 3445 624
Geracao 1785: 702412 702412 702412 702412 702412 702412 702412 702412 702412 718
Geracao 1786: 702412 702412 702412 702412 702412 702412 9100 6117 4874 2564
Geracao 1787: 702412 702412 702412 702412 702412 702412 702412 702412 2317 802
Geracao 1788: 702412 702412 702412 702412 702412 702412 702412 702412 482012 332
Geracao 1789: 702412 702412 702412 702412 702412 702412 702412 702412 2367 478
Geracao 1790: 702412 702412 702412 702412 702412 702412 702412 294398 3464 529
Geracao 1791: 702412 702412 702412 702412 702412 702412 9100 9100 2830 2444
Geracao 1792: 702412 702412 702412 702412 702412 702412 702412 702412 2444 488
Geracao 1793: 702412 702412 702412 702412 702412 702412 702412 702412 702412 449
Geracao 1794: 702412 702412 702412 702412 702412 702412 702412 9100 739 454
Geracao 1795: 702412 702412 702412 702412 702412 702412 702412 96978 2444 777
Geracao 1796: 702412 702412 702412 702412 702412 702412 702412 702412 702412 702412
Geracao 1797: 702412 702412 702412 702412 702412 702412 702412 702412 856 367
Geracao 1798: 702412 702412 702412 702412 702412 702412 9100 2444 652 463
Geracao 1799: 702412 702412 702412 702412 405016 9100 2471 905 583 473
Geracao 1800: 702412 702412 702412 702412 702412 702412 702412 2603 1455 777
Geracao 1801: 709399 702412 702412 702412 702412 702412 702412 702412 350187 399
Geracao 1802: 709399 709399 709399 709399 709399 702412 702412 702412 702412 702412
Geracao 1803: 709399 709399 709399 709399 709399 709399 709399 709399 175614 337
Geracao 1804: 709399 709399 709399 709399 709399 709399 709399 709399 709399 702412
Geracao 1805: 709399 709399 709399 709399 709399 709399 709399 709399 2649 478
Geracao 1806: 709399 709399 709399 709399 709399 709399 709399 709399 2444 829
Geracao 1807: 709399 709399 709399 709399 709399 709399 709399 709399 756 596
Geracao 1808: 709399 709399 709399 709399 709399 709399 709399 599 493 458
Geracao 1809: 709399 709399 709399 709399 709399 709399 709399 709399 4451 2532
Geracao 1810: 709399 709399 709399 709399 709399 709399 709399 709399 7456 2990
Geracao 1811: 709399 709399 709399 709399 709399 709399 709399 709399 709399 235415
Geracao 1812: 709399 709399 709399 709399 709399 709399 709399 7456 2834 2520
Geracao 1813: 709399 709399 709399 709399 709399 709399 709399 709399 709399 709399
Geracao 1814: 709399 709399 709399 709399 709399 709399 709399 709399 709399 709399
Geracao 1815: 709399 709399 709399 709399 709399 709399 709399 709399 709399 2502
Geracao 1816: 709399 709399 709399 709399 709399 709399 709399 2596 2444 2444
Geracao 1817: 709399 709399 709399 709399 709399 709399 2722 1548 760 404
Geracao 1818: 709399 709399 709399 709399 709399 709399 709399 709399 2382 604
Geracao 1819: 709399 709399 709399 709399 709399 709399 709399 3690 987 733
Geracao 1820: 709399 709399 709399 709399 709399 709399 709399 709399 709399 12951
Geracao 1821: 709399 709399 709399 709399 709399 709399 709399 2444 2444 313
Geracao 1822: 709399 709399 709399 709399 709399 709399 709399 709399 709399 709399
Geracao 1823: 709399 709399 709399 709399 709399 709399 709399 709399 96692 2444
Geracao 1824: 709399 709399 709399 709399 709399 709399 709399 709399 709399 445
Geracao 1825: 709399 709399 709399 709399 709399 709399 709399 709399 709399 96692
Geracao 1826: 709399 709399 709399 709399 709399 709399 709399 22306 2874 2444
Geracao 1827: 709399 709399 709399 709399 709399 709399 702412 2444 1278 738
Geracao 1828: 709399 709399 709399 709399 709399 709399 2444 2408 638 580
Geracao 1829: 709399 709399 709399 709399 709399 709399 709399 709399 3018 1098
Geracao 1830: 709399 709399 709399 709399 709399 709399 2772 635 624 624
Geracao 1831: 709399 709399 709399 709399 709399 709399 709399 3224 2986 692
Geracao 1832: 709399 709399 709399 709399 709399 709399 709399 709399 487 398
Geracao 1833: 709399 709399 709399 709399 709399 709399 709399 709399 546 524
Geracao 1834: 709399 709399 709399 709399 709399 105002 8001 928 660 660
Geracao 1835: 709399 709399 709399 709399 709399 709399 709399 702412 411992 2853
Geracao 1836: 709399 709399 709399 709399 709399 709399 709399 709399 928 753
Geracao 1837: 709399 709399 709399 709399 709399 709399 709399 709399 709399 520
Geracao 1838: 709399 709399 709399 709399 709399 709399 709399 8000 805 797
Geracao 1839: 709399 709399 709399 709399 709399 709399 709399 709399 709399 702
Geracao 1840: 709399 709399 709399 709399 709399 709399 709399 709399 2772 2648
Geracao 1841: 709399 709399 709399 709399 709399 709399 709399 709399 709399 2463
Geracao 1842: 709399 709399 709399 709399 709399 709399 709399 709399 709399 90915
Geracao 1843: 709399 709399 709399 709399 709399 709399 709399 709399 8315 2990
Geracao 1844: 709399 709399 709399 709399 709399 709399 709399 709399 5517 461
Geracao 1845: 709399 709399 709399 709399 709399 709399 709399 709399 709399 709399
Geracao 1846: 709399 709399 709399 709399 709399 709399 709399 2507 788 368
Geracao 1847: 709399 709399 709399 709399 709399 709399 709399 709399 7987 374
Geracao 1848: 709399 709399 709399 709399 709399 709399 709399 709399 709399 1044
Geracao 1849: 709399 709399 709399 709399 709399 709399 327376 3759 3125 1569
Geracao 1850: 709399 709399 709399 709399 709399 709399 709399 709399 104975 2444
Geracao 1851: 709399 709399 709399 709399 709399 709399 709399 709399 709399 709399
Geracao 1852: 709399 709399 709399 709399 709399 709399 2449 713 466 342
Geracao 1853: 709399 709399 709399 709399 709399 709399 709399 709399 2994 466
Geracao 1854: 709399 709399 709399 709399 709399 709399 4628 3637 2480 466
Geracao 1855: 709399 709399 709399 709399 709399 709399 709399 709399 466 466
Geracao 1856: 709399 709399 709399 709399 709399 709399 709399 709399 222059 466
Geracao 1857: 709399 709399 709399 709399 709399 709399 709399 709399 466 466
Geracao 1858: 709399 709399 709399 709399 709399 709399 2444 2444 466 342
Geracao 1859: 709399 709399 709399 709399 709399 709399 709399 709399 709399 342
Geracao 1860: 709399 709399 709399 709399 709399 709399 709399 709399 709399 2649
Geracao 1861: 709399 709399 709399 709399 709399 709399 709399 466 466 466
Geracao 1862: 709399 709399 709399 709399 709399 709399 709399 709399 709399 466
Geracao 1863: 709399 709399 709399 709399 709399 709399 709399 709399 466 466
Geracao 1864: 709399 709399 709399 709399 709399 709399 709399 466 466 466
Geracao 1865: 709399 709399 709399 709399 709399 709399 709399 2698 466 466
Geracao 1866: 709399 709399 709399 709399 709399 709399 709399 709399 709399 3224
Geracao 1867: 709399 709399 709399 709399 709399 709399 709399 709399 709399 5295
Geracao 1868: 709399 709399 709399 709399 709399 709399 709399 709399 709399 4873
Geracao 1869: 709399 709399 709399 709399 709399 709399 709399 709399 1008 332
Geracao 1870: 709399 709399 709399 709399 709399 709399 709399 709399 2261 766
Geracao 1871: 709399 709399 709399 709399 709399 709399 709399 2261 744 325
Geracao 1872: 709399 709399 709399 709399 709399 709399 709399 709399 709399 310
Geracao 1873: 709399 709399 709399 709399 709399 709399 709399 702412 2282 344
Geracao 1874: 709399 709399 709399 709399 709399 709399 709399 709399 3470 694
Geracao 1875: 709399 709399 709399 709399 709399 709399 2360 1094 874 305
Geracao 1876: 709399 709399 709399 709399 709399 709399 2666 2285 458 270
Geracao 1877: 709399 709399 709399 709399 709399 4365 459 458 422 282
Geracao 1878: 709399 709399 709399 709399 709399 2444 2444 2444 512 459
Geracao 1879: 709399 709399 709399 709399 709399 709399 113693 684 486 257
Geracao 1880: 709399 709399 709399 709399 709399 709399 4394 2444 2296 507
Geracao 1881: 709399 709399 709399 709399 709399 709399 709399 119571 2438 386
Geracao 1882: 709399 709399 709399 709399 709399 709399 709399 709399 709399 709399
Geracao 1883: 709399 709399 709399 709399 709399 709399 709399 709399 709399 2444
Geracao 1884: 709399 709399 709399 709399 709399 709399 709399 709399 307 237
Geracao 1885: 709399 709399 709399 709399 709399 709399 709399 709399 709399 3224
Geracao 1886: 709399 709399 709399 709399 709399 709399 709399 709399 344 252
Geracao 1887: 709399 709399 709399 709399 709399 709399 709399 709399 2217 252
Geracao 1888: 709399 709399 709399 709399 709399 709399 709399 409038 2444 2264
Geracao 1889: 709399 709399 709399 709399 709399 709399 709399 709399 709399 709399
Geracao 1890: 709399 709399 709399 709399 709399 709399 709399 709399 3224 2586
Geracao 1891: 709399 709399 709399 709399 709399 709399 709399 9100 717 350
Geracao 1892: 709399 709399 709399 709399 709399 709399 709399 709399 1466 355
Geracao 1893: 709399 709399 709399 709399 709399 709399 709399 709399 2666 520
Geracao 1894: 709399 709399 709399 709399 709399 709399 709399 709399 709399 709399
Geracao 1895: 709399 709399 709399 709399 709399 709399 702412 2444 880 280
Geracao 1896: 709399 709399 709399 709399 709399 709399 709399 709399 4279 2444
Geracao 1897: 709399 709399 709399 709399 709399 709399 709399 709399 702412 83649
Geracao 1898: 709399 709399 709399 709399 709399 709399 709399 709399 2336 358
Geracao 1899: 709399 709399 709399 709399 709399 709399 709399 709399 2447 2444
Geracao 1900: 709399 709399 709399 709399 709399 709399 709399 709399 135139 219
Geracao 1901: 709399 709399 709399 709399 709399 709399 709399 709399 709399 702412
Geracao 1902: 709399 709399 709399 709399 709399 709399 709399 709399 709399 422
Geracao 1903: 709399 709399 709399 709399 709399 709399 709399 4651 2541 2296
Geracao 1904: 709399 709399 709399 709399 709399 709399 709399 709399 709399 592
Geracao 1905: 709399 709399 709399 709399 709399 709399 709399 709399 709399 10397
Geracao 1906: 709399 709399 709399 709399 709399 709399 709399 709399 9100 422
Geracao 1907: 709399 709399 709399 709399 709399 709399 709399 709399 709399 709399
Geracao 1908: 709399 709399 709399 709399 709399 709399 709399 709399 709399 2433
Geracao 1909: 709399 709399 709399 709399 709399 709399 709399 709399 709399 709399
Geracao 1910: 709399 709399 709399 709399 709399 709399 709399 709399 94981 329
Geracao 1911: 709399 709399 709399 709399 709399 709399 709399 709399 709399 2444
Geracao 1912: 709399 709399 709399 709399 709399 709399 709399 709399 969 369
Geracao 1913: 709399 709399 709399 709399 709399 709399 709399 709399 709399 2444
Geracao 1914: 709399 709399 709399 709399 709399 709399 709399 709399 709399 2527
Geracao 1915: 709399 709399 709399 709399 709399 709399 709399 2444 885 526
Geracao 1916: 709399 709399 709399 709399 709399 709399 709399 709399 709399 2557
Geracao 1917: 709399 709399 709399 709399 709399 709399 709399 2444 475 466
Geracao 1918: 709399 709399 709399 709399 709399 709399 4444 2485 561 530
Geracao 1919: 709399 709399 709399 709399 709399 709399 709399 326 316 316
Geracao 1920: 709399 709399 709399 709399 709399 709399 709399 709399 709399 709399
Geracao 1921: 709399 709399 709399 709399 709399 709399 709399 709399 709399 4461
Geracao 1922: 709399 709399 709399 709399 709399 709399 709399 709399 2444 425
Geracao 1923: 709399 709399 709399 709399 709399 709399 709399 709399 447 377
Geracao 1924: 709399 709399 709399 709399 709399 709399 709399 709399 709399 419
Geracao 1925: 709399 709399 709399 709399 709399 2444 2430 407 347 266
Geracao 1926: 709399 709399 709399 709399 709399 709399 709399 5648 2444 422
Geracao 1927: 709399 709399 709399 709399 709399 709399 709399 709399 709399 3494
Geracao 1928: 709399 709399 709399 709399 709399 709399 709399 2444 2343 327
Geracao 1929: 709399 709399 709399 709399 709399 709399 709399 2444 1494 331
Geracao 1930: 709399 709399 709399 709399 709399 709399 709399 2444 477 273
Geracao 1931: 709399 709399 709399 709399 709399 709399 709399 709399 709399 348
Geracao 1932: 709399 709399 709399 709399 709399 709399 709399 2444 2376 463
Geracao 1933: 709399 709399 709399 709399 709399 709399 709399 709399 709399 709399
Geracao 1934: 709399 709399 709399 709399 709399 709399 709399 709399 709399 709399
Geracao 1935: 709399 709399 709399 709399 709399 709399 709399 709399 709399 709399
Geracao 1936: 709399 709399 709399 709399 709399 709399 5276 648 343 322
Geracao 1937: 709399 709399 709399 709399 709399 709399 709399 401979 479 290
Geracao 1938: 709399 709399 709399 709399 709399 709399 709399 709399 709399 2340
Geracao 1939: 709399 709399 709399 709399 709399 709399 709399 709399 709399 994
Geracao 1940: 709399 709399 709399 709399 709399 709399 100666 2696 2444 377
Geracao 1941: 709399 709399 709399 709399 709399 709399 709399 709399 3224 2459
Geracao 1942: 709399 709399 709399 709399 709399 709399 709399 709399 459 437
Geracao 1943: 709399 709399 709399 709399 709399 709399 709399 709399 709399 337
Geracao 1944: 709399 709399 709399 709399 709399 709399 709399 709399 709399 2590
Geracao 1945: 709399 709399 709399 709399 709399 709399 709399 2444 2356 2299
Geracao 1946: 709399 709399 709399 709399 709399 709399 709399 709399 709399 709399
Geracao 1947: 709399 709399 709399 709399 709399 709399 709399 2308 484 347
Geracao 1948: 709399 709399 709399 709399 709399 709399 709399 709399 84063 2506
Geracao 1949: 709399 709399 709399 709399 709399 709399 709399 709399 2351 314
Geracao 1950: 709399 709399 709399 709399 709399 709399 709399 709399 709399 2274
Geracao 1951: 709399 709399 709399 709399 709399 709399 71761 2329 493 493
Geracao 1952: 709399 709399 709399 709399 709399 709399 709399 709399 709399 709399
Geracao 1953: 709399 709399 709399 709399 709399 709399 3224 1163 1163 1114
Geracao 1954: 709399 709399 709399 709399 709399 709399 709399 709399 709399 1394
Geracao 1955: 709399 709399 709399 709399 709399 709399 709399 709399 709399 709399
Geracao 1956: 709399 709399 709399 709399 709399 709399 709399 1292 1275 1147
Geracao 1957: 709399 709399 709399 709399 709399 709399 709399 2703 2700 600
Geracao 1958: 709399 709399 709399 709399 709399 709399 709399 709399 3093 454
Geracao 1959: 709399 709399 709399 709399 709399 709399 709399 709399 3658 2543
Geracao 1960: 709399 709399 709399 709399 709399 709399 709399 709399 709399 880
Geracao 1961: 709399 709399 709399 709399 709399 709399 709399 709399 709399 741
Geracao 1962: 709399 709399 709399 709399 709399 709399 702412 1545 1470 1009
Geracao 1963: 709399 709399 709399 709399 709399 709399 709399 709399 709399 709399
Geracao 1964: 709399 709399 709399 709399 709399 709399 709399 3748 3747 2760
Geracao 1965: 709399 709399 709399 709399 709399 709399 709399 709399 1722 894
Geracao 1966: 709399 709399 709399 709399 709399 709399 709399 709399 709399 2451
Geracao 1967: 709399 709399 709399 709399 709399 709399 709399 709399 709399 1414
Geracao 1968: 709399 709399 709399 709399 709399 709399 709399 709399 709399 709399
Geracao 1969: 709399 709399 709399 709399 709399 709399 709399 709399 709399 709399
Geracao 1970: 709399 709399 709399 709399 709399 709399 709399 709399 1089 971
Geracao 1971: 709399 709399 709399 709399 709399 709399 709399 709399 709399 1413
Geracao 1972: 709399 709399 709399 709399 709399 709399 709399 114982 3563 2849
Geracao 1973: 709399 709399 709399 709399 709399 709399 709399 709399 4664 1037
Geracao 1974: 709399 709399 709399 709399 709399 709399 709399 709399 2926 2536
Geracao 1975: 709399 709399 709399 709399 709399 709399 709399 709399 2398 726
Geracao 1976: 709399 709399 709399 709399 709399 709399 709399 1473 1012 823
Geracao 1977: 709399 709399 709399 709399 709399 709399 709399 709399 709399 709399
Geracao 1978: 709399 709399 709399 709399 709399 709399 709399 709399 709399 2526
Geracao 1979: 709399 709399 709399 709399 709399 709399 709399 709399 709399 659
Geracao 1980: 709399 709399 709399 709399 709399 709399 709399 709399 709399 709399
Geracao 1981: 709399 709399 709399 709399 709399 709399 709399 709399 709399 617
Geracao 1982: 709399 709399 709399 709399 709399 709399 709399 709399 970 636
Geracao 1983: 709399 709399 709399 709399 709399 709399 709399 709399 2578 2578
Geracao 1984: 709399 709399 709399 709399 3224 2668 1039 563 563 395
Geracao 1985: 709399 709399 709399 709399 709399 709399 786 737 610 415
Geracao 1986: 709399 709399 709399 709399 709399 709399 709399 2428 613 523
Geracao 1987: 709399 709399 709399 709399 709399 709399 709399 709399 2877 500
Geracao 1988: 709399 709399 709399 709399 709399 709399 709399 3224 3224 2497
Geracao 1989: 709399 709399 709399 709399 709399 709399 709399 709399 2622 631
Geracao 1990: 709399 709399 709399 709399 709399 709399 709399 709399 2512 1019
Geracao 1991: 709399 709399 709399 709399 709399 709399 709399 709399 479 382
Geracao 1992: 709399 709399 709399 709399 709399 709399 709399 528 408 346
Geracao 1993: 709399 709399 709399 709399 709399 709399 709399 2697 2444 570
Geracao 1994: 709399 709399 709399 709399 709399 709399 709399 709399 432 346
Geracao 1995: 709399 709399 709399 709399 709399 709399 709399 709399 2827 346
Geracao 1996: 709399 709399 709399 709399 709399 709399 709399 709399 2408 507
Geracao 1997: 812394 709399 709399 709399 709399 709399 709399 709399 709399 2444
Geracao 1998: 812394 812394 812394 812394 812394 812394 812394 812394 568 471
Geracao 1999: 812394 812394 812394 812394 812394 812394 812394 812394 812394 540
Geracao 2000: 812394 812394 812394 812394 812394 812394 812394 812394 1461 595
Geracao 2001: 812394 812394 812394 812394 812394 812394 812394 684 684 652
Geracao 2002: 812394 812394 812394 812394 812394 812394 812394 2531 852 551
Geracao 2003: 812394 812394 812394 812394 812394 812394 812394 812394 812394 517
Geracao 2004: 812394 812394 812394 812394 812394 812394 812394 812394 812394 125702
Geracao 2005: 812394 812394 812394 812394 812394 812394 812394 2443 2443 1988
Geracao 2006: 812394 812394 812394 812394 812394 812394 812394 812394 812394 331
Geracao 2007: 812394 812394 812394 812394 812394 812394 812394 812394 7720 6519
Geracao 2008: 812394 812394 812394 812394 812394 812394 709399 2443 689 566
Geracao 2009: 812394 812394 812394 812394 812394 812394 812394 812394 815 815
Geracao 2010: 812394 812394 812394 812394 812394 812394 812394 812394 812394 1403
Geracao 2011: 812394 812394 812394 812394 812394 812394 812394 812394 812394 709399
Geracao 2012: 812394 812394 812394 812394 812394 411989 2990 2570 999 581
Geracao 2013: 812394 812394 812394 812394 812394 812394 812394 812394 812394 869
Geracao 2014: 812394 812394 812394 812394 812394 812394 812394 7961 2768 718
Geracao 2015: 812394 812394 812394 812394 812394 812394 812394 7983 2981 2704
Geracao 2016: 812394 812394 812394 812394 812394 812394 812394 2981 1366 709
Geracao 2017: 812394 812394 812394 812394 812394 812394 812394 812394 16248 2981
Geracao 2018: 812394 812394 812394 812394 812394 812394 812394 812394 812394 857
Geracao 2019: 812394 812394 812394 812394 812394 812394 812394 812394 812394 502
Geracao 2020: 812394 812394 812394 812394 812394 812394 812394 812394 2686 2441
Geracao 2021: 812394 812394 812394 812394 812394 812394 812394 812394 812394 812394
Geracao 2022: 812394 812394 812394 812394 812394 812394 812394 812394 8098 687
Geracao 2023: 812394 812394 812394 812394 812394 812394 812394 709399 1985 623
Geracao 2024: 812394 812394 812394 812394 812394 812394 812394 812394 812394 2476
Geracao 2025: 812394 812394 812394 812394 812394 2608 650 508 372 346
Geracao 2026: 812394 812394 812394 812394 812394 812394 709399 709399 7986 347
Geracao 2027: 812394 812394 812394 812394 812394 812394 812394 812394 2575 467
Geracao 2028: 812394 812394 812394 812394 812394 812394 812394 812394 3987 325
Geracao 2029: 812394 812394 812394 812394 812394 812394 812394 812394 2419 527
Geracao 2030: 812394 812394 812394 812394 812394 812394 812394 812394 2581 2575
Geracao 2031: 812394 812394 812394 812394 812394 812394 812394 400073 703 340
Geracao 2032: 812394 812394 812394 812394 812394 812394 812394 812394 812394 410987
Geracao 2033: 812394 812394 812394 812394 812394 812394 812394 2597 737 576
Geracao 2034: 812394 812394 812394 812394 812394 812394 812394 812394 812394 3577
Geracao 2035: 812394 812394 812394 812394 812394 410987 2522 1596 835 739
Geracao 2036: 812394 812394 812394 812394 812394 812394 812394 2419 431 350
Geracao 2037: 812394 812394 812394 812394 812394 812394 812394 2536 696 595
Geracao 2038: 812394 812394 812394 812394 812394 812394 812394 812394 90813 463
Geracao 2039: 812394 812394 812394 812394 812394 812394 812394 709399 846 396
Geracao 2040: 812394 812394 812394 812394 812394 812394 812394 871 718 539
Geracao 2041: 812394 812394 812394 812394 812394 812394 812394 812394 18514 8098
Geracao 2042: 812394 812394 812394 812394 812394 812394 812394 4099 2740 2632
Geracao 2043: 812394 812394 812394 812394 812394 812394 812394 812394 812394 410987
Geracao 2044: 812394 812394 812394 812394 812394 812394 812394 709399 739 536
Geracao 2045: 812394 812394 812394 812394 812394 812394 812394 812394 709399 1030
Geracao 2046: 812394 812394 812394 812394 812394 709399 19050 924 843 693
Geracao 2047: 812394 812394 812394 812394 812394 812394 812394 709399 877 850
Geracao 2048: 812394 812394 812394 812394 812394 812394 812394 812394 812394 2892
Geracao 2049: 812394 812394 812394 812394 812394 812394 812394 2973 2374 920
Geracao 2050: 812394 812394 812394 812394 812394 812394 112105 2670 2587 1226
Geracao 2051: 812394 812394 812394 812394 812394 812394 812394 1434 999 343
Geracao 2052: 812394 812394 812394 812394 812394 709399 3493 2443 1427 1370
Geracao 2053: 812394 812394 812394 812394 812394 812394 812394 812394 400975 2683
Geracao 2054: 812394 812394 812394 812394 812394 812394 812394 812394 812394 2979
Geracao 2055: 812394 812394 812394 812394 812394 812394 812394 812394 414401 710
Geracao 2056: 812394 812394 812394 812394 812394 812394 812394 812394 812394 375
Geracao 2057: 812394 812394 812394 812394 812394 812394 812394 812394 2443 430
Geracao 2058: 812394 812394 812394 812394 812394 812394 812394 1235 1182 597
Geracao 2059: 812394 812394 812394 812394 812394 812394 812394 2455 1182 729
Geracao 2060: 812394 812394 812394 812394 812394 812394 812394 2397 359 333
Geracao 2061: 812394 812394 812394 812394 812394 812394 812394 812394 812394 3574
Geracao 2062: 812394 812394 812394 812394 812394 812394 812394 2390 479 343
Geracao 2063: 812394 812394 812394 812394 812394 812394 709399 2408 2348 740
Geracao 2064: 812394 812394 812394 812394 812394 812394 812394 812394 812394 446
Geracao 2065: 812394 812394 812394 812394 812394 812394 812394 812394 812394 577
Geracao 2066: 812394 812394 812394 812394 812394 812394 112042 686 452 427
Geracao 2067: 812394 812394 812394 812394 812394 812394 812394 2719 2443 1716
Geracao 2068: 812394 812394 812394 812394 812394 812394 812394 812394 2443 467
Geracao 2069: 812394 812394 812394 812394 812394 812394 812394 812394 812394 2528
Geracao 2070: 812394 812394 812394 812394 812394 812394 812394 812394 7617 449
Geracao 2071: 812394 812394 812394 812394 812394 812394 812394 812394 8685 2749
Geracao 2072: 812394 812394 812394 812394 812394 812394 812394 2916 416 324
Geracao 2073: 812394 812394 812394 812394 812394 812394 111095 2441 616 532
Geracao 2074: 812394 812394 812394 812394 812394 812394 812394 2571 876 858
Geracao 2075: 812394 812394 812394 812394 812394 812394 812394 812394 812394 461
Geracao 2076: 812394 812394 812394 812394 812394 812394 812394 2859 2645 731
Geracao 2077: 812394 812394 812394 812394 812394 812394 812394 812394 812394 480
Geracao 2078: 812394 812394 812394 812394 812394 812394 812394 812394 653 612
Geracao 2079: 812394 812394 812394 812394 812394 812394 812394 1109 825 795
Geracao 2080: 812394 812394 812394 812394 812394 812394 812394 812394 653 563
Geracao 2081: 812394 812394 812394 812394 812394 709399 2722 1109 816 567
Geracao 2082: 812394 812394 812394 812394 812394 812394 812394 1109 652 606
Geracao 2083: 812394 812394 812394 812394 812394 812394 812394 812394 1036 567
Geracao 2084: 812394 812394 812394 812394 812394 812394 812394 2623 920 542
Geracao 2085: 812394 812394 812394 812394 812394 812394 812394 812394 709399 438
Geracao 2086: 812394 812394 812394 812394 812394 812394 709399 1479 1479 407
Geracao 2087: 812394 812394 812394 812394 812394 812394 1098 1098 626 626
Geracao 2088: 812394 812394 812394 812394 812394 812394 812394 812394 812394 812394
Geracao 2089: 812394 812394 812394 812394 812394 812394 812394 812394 709399 709399
Geracao 2090: 812394 812394 812394 812394 812394 812394 812394 812394 812394 355
Geracao 2091: 812394 812394 812394 812394 812394 812394 812394 2523 679 572
Geracao 2092: 812394 812394 812394 812394 812394 812394 812394 812394 812394 125702
Geracao 2093: 812394 812394 812394 812394 812394 812394 812394 709399 103067 3887
Geracao 2094: 812394 812394 812394 812394 812394 812394 812394 812394 2973 603
Geracao 2095: 812394 812394 812394 812394 812394 812394 812394 812394 812394 812394
Geracao 2096: 812394 812394 812394 812394 812394 812394 812394 812394 340 340
Geracao 2097: 812394 812394 812394 812394 812394 812394 8579 2975 2504 2410
Geracao 2098: 812394 812394 812394 812394 812394 812394 812394 812394 2419 673
Geracao 2099: 812394 812394 812394 812394 812394 812394 812394 2443 622 292
Geracao 2100: 812394 812394 812394 812394 812394 812394 812394 85275 412 293
Geracao 2101: 812394 812394 812394 812394 812394 812394 812394 812394 709399 102669
Geracao 2102: 812394 812394 812394 812394 812394 812394 812394 812394 812394 412105
Geracao 2103: 812394 812394 812394 812394 812394 812394 812394 812394 812394 549
Geracao 2104: 812394 812394 812394 812394 812394 812394 812394 410987 2456 261
Geracao 2105: 812394 812394 812394 812394 812394 812394 812394 812394 709399 580
Geracao 2106: 812394 812394 812394 812394 812394 812394 812394 2624 864 429
Geracao 2107: 812394 812394 812394 812394 812394 812394 812394 812394 3016 569
Geracao 2108: 812394 812394 812394 812394 812394 812394 812394 709399 584 554
Geracao 2109: 812394 812394 812394 812394 812394 812394 812394 812394 569 413
Geracao 2110: 812394 812394 812394 812394 812394 812394 812394 569 554 554
Geracao 2111: 812394 812394 812394 812394 812394 2645 2443 2443 2424 832
Geracao 2112: 812394 812394 812394 812394 812394 628 554 502 492 462
Geracao 2113: 812394 812394 812394 812394 812394 812394 2763 1488 598 418
Geracao 2114: 812394 812394 812394 812394 812394 812394 812394 812394 812394 777
Geracao 2115: 812394 812394 812394 812394 812394 812394 812394 812394 812394 8098
Geracao 2116: 812394 812394 812394 812394 812394 812394 812394 812394 654 505
Geracao 2117: 812394 812394 812394 812394 812394 812394 812394 812394 246046 119668
Geracao 2118: 812394 812394 812394 812394 812394 812394 812394 812394 2633 1010
Geracao 2119: 812394 812394 812394 812394 812394 812394 709399 1242 622 496
Geracao 2120: 812394 812394 812394 812394 812394 812394 812394 709399 1247 1233
Geracao 2121: 812394 812394 812394 812394 812394 812394 812394 709399 246046 1233
Geracao 2122: 812394 812394 812394 812394 812394 812394 812394 812394 812394 1233
Geracao 2123: 812394 812394 812394 812394 812394 812394 812394 709399 2967 497
Geracao 2124: 812394 812394 812394 812394 812394 812394 812394 812394 3655 756
Geracao 2125: 812394 812394 812394 812394 812394 812394 812394 2245 1163 531
Geracao 2126: 812394 812394 812394 812394 812394 812394 2899 1329 990 732
Geracao 2127: 812394 812394 812394 812394 812394 812394 812394 3822 1450 757
Geracao 2128: 812394 812394 812394 812394 812394 812394 709399 1795 1451 963
Geracao 2129: 812394 812394 812394 812394 59100 2988 952 952 771 638
Geracao 2130: 812394 812394 812394 812394 812394 812394 812394 1465 731 670
Geracao 2131: 812394 812394 812394 812394 812394 812394 812394 812394 2078 638
Geracao 2132: 812394 812394 812394 812394 812394 812394 2775 1361 985 894
Geracao 2133: 812394 812394 812394 812394 812394 812394 812394 812394 2174 1563
Geracao 2134: 812394 812394 812394 812394 812394 812394 812394 841 796 464
Geracao 2135: 812394 812394 812394 812394 812394 812394 812394 812394 812394 1041
Geracao 2136: 812394 812394 812394 812394 812394 812394 812394 812394 812394 709399
Geracao 2137: 812394 812394 812394 812394 812394 812394 812394 812394 125702 465
Geracao 2138: 812394 812394 812394 812394 812394 812394 812394 493 342 331
Geracao 2139: 812394 812394 812394 812394 812394 812394 709399 250818 3695 504
Geracao 2140: 812394 812394 812394 812394 812394 812394 812394 1380 402 329
Geracao 2141: 812394 812394 812394 812394 812394 812394 812394 812394 426 296
Geracao 2142: 812394 812394 812394 812394 812394 812394 812394 812394 4437 360
Geracao 2143: 812394 812394 812394 812394 812394 812394 812394 812394 3303 434
Geracao 2144: 812394 812394 812394 812394 812394 812394 812394 7302 705 255
Geracao 2145: 812394 812394 812394 812394 812394 812394 812394 812394 812394 7682
Geracao 2146: 812394 812394 812394 812394 812394 812394 812394 812394 812394 64937
Geracao 2147: 812394 812394 812394 812394 812394 812394 812394 812394 114696 2443
Geracao 2148: 812394 812394 812394 812394 812394 812394 2598 2424 936 328
Geracao 2149: 812394 812394 812394 812394 812394 812394 812394 2562 500 417
Geracao 2150: 812394 812394 812394 812394 812394 812394 812394 410987 277594 90687
Geracao 2151: 812394 812394 812394 812394 812394 812394 812394 812394 812394 2216
Geracao 2152: 812394 812394 812394 812394 812394 812394 812394 812394 812394 709399
Geracao 2153: 812394 812394 812394 812394 812394 812394 812394 812394 985 719
Geracao 2154: 812394 812394 812394 812394 812394 812394 125702 108093 1443 719
Geracao 2155: 812394 812394 812394 812394 812394 812394 812394 812394 719 437
Geracao 2156: 812394 812394 812394 812394 812394 812394 2624 2365 445 398
Geracao 2157: 812394 812394 812394 812394 812394 812394 812394 812394 812394 2444
Geracao 2158: 812394 812394 812394 812394 812394 812394 812394 812394 812394 437
Geracao 2159: 812394 812394 812394 812394 812394 812394 812394 820 759 567
Geracao 2160: 812394 812394 812394 812394 812394 812394 812394 12563 567 401
Geracao 2161: 812394 812394 812394 812394 812394 812394 812394 812394 5029 1176
Geracao 2162: 812394 812394 812394 812394 812394 812394 812394 112099 8098 799
Geracao 2163: 812394 812394 812394 812394 812394 812394 991 908 908 567
Geracao 2164: 812394 812394 812394 812394 812394 812394 812394 2443 2403 792
Geracao 2165: 812394 812394 812394 812394 812394 812394 812394 2987 479 470
Geracao 2166: 812394 812394 812394 709399 2927 2485 538 470 451 446
Geracao 2167: 812394 812394 812394 812394 812394 812394 563 470 461 458
Geracao 2168: 812394 812394 812394 812394 812394 812394 812394 812394 812394 455
Geracao 2169: 812394 812394 812394 812394 812394 812394 812394 410987 4987 360
Geracao 2170: 812394 812394 812394 812394 812394 812394 429018 100074 13952 954
Geracao 2171: 812394 812394 812394 812394 812394 812394 812394 812394 812394 812394
Geracao 2172: 812394 812394 812394 812394 812394 812394 812394 19018 625 544
Geracao 2173: 812394 812394 812394 812394 812394 812394 812394 429018 411100 3690
Geracao 2174: 812394 812394 812394 812394 812394 709399 27575 2484 2405 1477
Geracao 2175: 812394 812394 812394 812394 812394 812394 812394 399090 1801 476
Geracao 2176: 812394 812394 812394 812394 812394 812394 2521 526 519 435
Geracao 2177: 812394 812394 812394 812394 812394 812394 812394 812394 812394 812394
Geracao 2178: 812394 812394 812394 812394 812394 812394 812394 709399 474 457
Geracao 2179: 812394 812394 812394 812394 812394 812394 812394 812394 410987 525
Geracao 2180: 812394 812394 812394 812394 812394 812394 812394 812394 239103 1000
Geracao 2181: 812394 812394 812394 812394 812394 812394 812394 812394 812394 2623
Geracao 2182: 812394 812394 812394 812394 812394 812394 812394 812394 812394 812394
Geracao 2183: 812394 812394 812394 812394 812394 812394 812394 812394 812394 812394
Geracao 2184: 812394 812394 812394 812394 812394 812394 812394 812394 410987 348
Geracao 2185: 812394 812394 812394 812394 812394 397095 477 316 287 287
Geracao 2186: 812394 812394 812394 812394 812394 812394 812394 812394 812394 3525
Geracao 2187: 812394 812394 812394 812394 812394 812394 812394 709399 2443 2414
Geracao 2188: 812394 812394 812394 812394 812394 812394 812394 812394 812394 812394
Geracao 2189: 812394 812394 812394 812394 812394 812394 812394 812394 812394 812394
Geracao 2190: 812394 812394 812394 812394 709399 2457 1502 352 292 290
Geracao 2191: 812394 812394 812394 812394 812394 812394 812394 812394 429 292
Geracao 2192: 812394 812394 812394 812394 812394 812394 812394 410987 2444 289
Geracao 2193: 812394 812394 812394 812394 812394 137229 2247 1318 1080 233
Geracao 2194: 812394 812394 812394 812394 812394 812394 812394 812394 812394 4245
Geracao 2195: 812394 812394 812394 812394 812394 812394 812394 812394 812394 866
Geracao 2196: 812394 812394 812394 812394 812394 812394 812394 812394 812394 709399
Geracao 2197: 812394 812394 812394 812394 812394 3229 2443 1576 406 392
Geracao 2198: 812394 812394 812394 812394 812394 812394 812394 812394 812394 400
Geracao 2199: 812394 812394 812394 812394 812394 812394 812394 812394 812394 981
Geracao 2200: 812394 812394 812394 812394 812394 812394 812394 812394 2498 2498
Geracao 2201: 812394 812394 812394 812394 812394 812394 812394 812394 812394 309
Geracao 2202: 812394 812394 812394 812394 812394 812394 812394 812394 709399 2244
Geracao 2203: 812394 812394 812394 812394 812394 812394 410987 125702 125702 2443
Geracao 2204: 812394 812394 812394 812394 812394 812394 812394 709399 317854 395
Geracao 2205: 812394 812394 812394 812394 812394 812394 812394 812394 812394 2298
Geracao 2206: 812394 812394 812394 812394 812394 812394 812394 3560 2776 501
Geracao 2207: 812394 812394 812394 812394 812394 812394 812394 812394 812394 709399
Geracao 2208: 812394 812394 812394 812394 812394 812394 812394 812394 812394 709399
Geracao 2209: 812394 812394 812394 812394 812394 812394 812394 812394 709399 111096
Geracao 2210: 812394 812394 812394 812394 812394 112392 2443 2443 2298 328
Geracao 2211: 812394 812394 812394 812394 812394 812394 812394 446 338 328
Geracao 2212: 812394 812394 812394 812394 812394 812394 709399 4987 3224 582
Geracao 2213: 812394 812394 812394 812394 812394 812394 812394 812394 812394 6962
Geracao 2214: 812394 812394 812394 812394 812394 812394 812394 812394 812394 416118
Geracao 2215: 812394 812394 812394 812394 812394 812394 95939 547 525 446
Geracao 2216: 812394 812394 812394 812394 812394 812394 812394 3574 2634 2607
Geracao 2217: 812394 812394 812394 812394 812394 812394 812394 709399 2607 2324
Geracao 2218: 812394 812394 812394 812394 812394 812394 812394 709399 2891 505
Geracao 2219: 812394 812394 812394 812394 812394 812394 812394 812394 4273 665
Geracao 2220: 812394 812394 812394 812394 812394 812394 812394 812394 2909 2714
Geracao 2221: 812394 812394 812394 812394 812394 812394 812394 812394 812394 651
Geracao 2222: 812394 812394 812394 812394 812394 812394 812394 107971 4745 2541
Geracao 2223: 812394 812394 812394 812394 812394 812394 812394 812394 812394 687
Geracao 2224: 812394 812394 812394 812394 812394 812394 812394 98233 8696 1064
Geracao 2225: 812394 812394 812394 812394 812394 812394 812394 812394 709399 696
Geracao 2226: 812394 812394 812394 812394 812394 812394 812394 812394 709399 581
Geracao 2227: 812394 812394 812394 812394 812394 812394 812394 812394 812394 709399
Geracao 2228: 812394 812394 812394 812394 812394 812394 812394 812394 812394 1315
Geracao 2229: 812394 812394 812394 812394 812394 812394 812394 812394 812394 1043
Geracao 2230: 812394 812394 812394 812394 812394 812394 812394 812394 924 924
Geracao 2231: 812394 812394 812394 812394 812394 812394 812394 2376 1050 1050
Geracao 2232: 812394 812394 812394 812394 812394 812394 812394 812394 1050 973
Geracao 2233: 812394 812394 812394 812394 812394 812394 812394 1079 802 695
Geracao 2234: 812394 812394 812394 812394 812394 812394 812394 812394 749 722
Geracao 2235: 812394 812394 812394 812394 812394 812394 812394 709399 821 781
Geracao 2236: 812394 812394 812394 812394 812394 812394 812394 812394 709399 674
Geracao 2237: 812394 812394 812394 812394 812394 812394 812394 812394 812394 852
Geracao 2238: 812394 812394 812394 812394 812394 812394 812394 125702 8122 828
Geracao 2239: 812394 812394 812394 812394 812394 812394 812394 812394 812394 2987
Geracao 2240: 812394 812394 812394 812394 812394 812394 812394 812394 812394 812394
Geracao 2241: 812394 812394 812394 812394 812394 812394 812394 812394 812394 709399
Geracao 2242: 812394 812394 812394 812394 812394 812394 812394 812394 860 402
Geracao 2243: 812394 812394 812394 812394 812394 812394 812394 812394 709399 118692
Geracao 2244: 812394 812394 812394 812394 812394 812394 812394 812394 709399 2444
Geracao 2245: 812394 812394 812394 812394 812394 812394 812394 812394 10503 2443
Geracao 2246: 812394 812394 812394 812394 812394 812394 812394 812394 7896 282
Geracao 2247: 812394 812394 812394 812394 812394 709399 218090 2443 2392 399
Geracao 2248: 812394 812394 812394 812394 812394 812394 812394 812394 812394 2538
Geracao 2249: 812394 812394 812394 812394 812394 812394 812394 812394 812394 812394
Geracao 2250: 812394 812394 812394 812394 812394 812394 812394 709399 407098 537
Geracao 2251: 812394 812394 812394 812394 812394 812394 812394 812394 709399 120105
Geracao 2252: 812394 812394 812394 812394 812394 812394 812394 812394 2443 2292
Geracao 2253: 812394 812394 812394 812394 812394 812394 812394 812394 52006 420
Geracao 2254: 812394 812394 812394 812394 812394 812394 812394 812394 709399 420
Geracao 2255: 812394 812394 812394 812394 812394 812394 812394 812394 812394 238
Geracao 2256: 812394 812394 812394 812394 812394 812394 812394 709399 9247 9247
Geracao 2257: 812394 812394 812394 812394 812394 812394 812394 812394 9247 2443
Geracao 2258: 812394 812394 812394 812394 812394 812394 812394 709399 118099 3033
Geracao 2259: 847424 812394 812394 812394 812394 812394 812394 709399 2443 667
Geracao 2260: 847424 847424 847424 847424 847424 847424 847424 847424 847424 423130
Geracao 2261: 847424 847424 847424 847424 847424 847424 847424 933 587 239
Geracao 2262: 847424 847424 847424 847424 847424 847424 847424 847424 847424 342
Geracao 2263: 847424 847424 847424 847424 847424 847424 847424 812394 5080 1123
Geracao 2264: 847424 847424 847424 847424 847424 847424 427424 301425 13143 342
Geracao 2265: 847424 847424 847424 847424 847424 847424 847424 847424 2438 372
Geracao 2266: 847424 847424 847424 847424 847424 847424 847424 847424 426002 1466
Geracao 2267: 847424 847424 847424 847424 847424 847424 847424 812394 426002 405
Geracao 2268: 847424 847424 847424 847424 847424 847424 847424 847424 411097 2481
Geracao 2269: 847424 847424 847424 847424 847424 847424 847424 10711 5505 763
Geracao 2270: 847424 847424 847424 847424 847424 847424 847424 847424 812394 812394
Geracao 2271: 847424 847424 847424 847424 847424 812394 426002 2564 1315 762
Geracao 2272: 847424 847424 847424 847424 847424 847424 847424 426002 2567 436
Geracao 2273: 847424 847424 847424 847424 847424 847424 847424 812394 426002 345
Geracao 2274: 847424 847424 847424 847424 847424 847424 847424 847424 103962 10711
Geracao 2275: 847424 847424 847424 847424 847424 847424 847424 847424 350 350
Geracao 2276: 847424 847424 847424 847424 847424 847424 847424 226006 2388 2331
Geracao 2277: 847424 847424 847424 847424 847424 847424 847424 426002 309833 536
Geracao 2278: 847424 847424 847424 847424 847424 847424 4565 2445 1004 263
Geracao 2279: 847424 847424 847424 847424 847424 847424 847424 34044 6870 2824
Geracao 2280: 847424 847424 847424 847424 847424 847424 812394 124123 2341 373
Geracao 2281: 847424 847424 847424 847424 847424 847424 847424 426002 90664 6153
Geracao 2282: 847424 847424 847424 847424 847424 847424 847424 3465 1209 465
Geracao 2283: 847424 847424 847424 847424 847424 847424 847424 847424 4838 2779
Geracao 2284: 847424 847424 847424 847424 847424 10711 3465 2536 1497 339
Geracao 2285: 847424 847424 847424 847424 847424 847424 847424 847424 847424 812394
Geracao 2286: 847424 847424 847424 847424 847424 847424 847424 5583 496 464
Geracao 2287: 847424 847424 847424 847424 847424 426002 423298 293400 3465 382
Geracao 2288: 847424 847424 847424 847424 847424 847424 847424 426002 3275 699
Geracao 2289: 847424 847424 847424 847424 847424 847424 847424 847424 812394 445
Geracao 2290: 847424 847424 847424 847424 847424 426002 291450 8605 3465 494
Geracao 2291: 847424 847424 847424 847424 847424 847424 847424 847424 847424 466
Geracao 2292: 847424 847424 812394 426002 426002 426002 98550 3465 2681 515
Geracao 2293: 847424 847424 847424 847424 847424 425428 3465 443 404 349
Geracao 2294: 847424 847424 847424 847424 847424 847424 847424 812394 4711 3465
Geracao 2295: 847424 847424 847424 847424 847424 847424 847424 426002 2861 436
Geracao 2296: 847424 847424 847424 847424 847424 847424 847424 426002 426002 3465
Geracao 2297: 847424 847424 847424 847424 847424 847424 812394 3465 3465 2444
Geracao 2298: 847424 847424 847424 847424 847424 847424 847424 847424 2973 2704
Geracao 2299: 847424 847424 847424 847424 847424 847424 847424 847424 2995 2444
Geracao 2300: 847424 847424 847424 847424 847424 426002 293400 9008 574 554
Geracao 2301: 847424 847424 847424 847424 847424 847424 847424 812394 778 650
Geracao 2302: 847424 847424 847424 847424 847424 847424 847424 812394 103672 528
Geracao 2303: 847424 847424 847424 847424 847424 847424 847424 847424 847424 10711
Geracao 2304: 847424 847424 847424 847424 847424 847424 426002 372372 574 520
Geracao 2305: 847424 847424 847424 847424 847424 847424 847424 847424 847424 513
Geracao 2306: 847424 847424 847424 847424 847424 847424 847424 10711 2521 531
Geracao 2307: 847424 847424 847424 847424 847424 847424 847424 3465 3420 1005
Geracao 2308: 847424 847424 847424 847424 847424 847424 847424 847424 4461 466
Geracao 2309: 847424 847424 847424 847424 847424 847424 847424 425430 3130 419
Geracao 2310: 847424 847424 847424 847424 847424 847424 847424 426002 293400 6092
Geracao 2311: 847424 847424 847424 847424 847424 847424 847424 847424 847424 3130
Geracao 2312: 847424 847424 847424 847424 847424 847424 847424 847424 426002 2566
Geracao 2313: 847424 847424 847424 847424 847424 847424 847424 1001 486 485
Geracao 2314: 847424 847424 847424 847424 847424 847424 847424 2695 2687 2622
Geracao 2315: 847424 847424 847424 847424 847424 847424 847424 293400 2806 588
Geracao 2316: 847424 847424 847424 847424 847424 847424 847424 291450 2883 506
Geracao 2317: 847424 847424 847424 847424 847424 427002 426002 426002 2973 900
Geracao 2318: 847424 847424 847424 847424 847424 847424 425430 3465 2769 715
Geracao 2319: 847424 847424 847424 847424 847424 847424 847424 415989 124995 628
Geracao 2320: 847424 847424 847424 847424 847424 847424 427002 426002 681 386
Geracao 2321: 847424 847424 847424 847424 847424 812394 3041 2879 2800 2571
Geracao 2322: 847424 847424 847424 847424 847424 812394 132127 14896 5106 731
Geracao 2323: 847424 847424 847424 847424 847424 847424 11804 2800 536 472
Geracao 2324: 847424 847424 847424 847424 847424 847424 847424 5555 2800 513
Geracao 2325: 847424 847424 847424 847424 847424 847424 847424 426002 2872 687
Geracao 2326: 847424 847424 847424 847424 847424 812394 426002 426002 123130 829
Geracao 2327: 847424 847424 847424 847424 847424 847424 2895 2564 865 846
Geracao 2328: 847424 847424 847424 847424 847424 847424 847424 847424 847424 847424
Geracao 2329: 847424 847424 847424 847424 847424 847424 426002 48074 26445 488
Geracao 2330: 847424 847424 847424 847424 847424 847424 847424 847424 847424 4198
Geracao 2331: 847424 847424 847424 847424 847424 847424 847424 847424 847424 462
Geracao 2332: 847424 847424 847424 847424 847424 847424 847424 847424 4198 2684
Geracao 2333: 847424 847424 847424 847424 847424 847424 847424 812394 10711 9006
Geracao 2334: 847424 847424 847424 847424 847424 304418 299983 26445 4198 545
Geracao 2335: 847424 847424 847424 847424 847424 847424 847424 847424 304418 875
Geracao 2336: 847424 847424 847424 847424 847424 847424 847424 9008 2659 371
Geracao 2337: 847424 847424 847424 847424 847424 847424 847424 812394 427002 875
Geracao 2338: 847424 847424 847424 847424 847424 847424 847424 2673 2460 1993
Geracao 2339: 847424 847424 847424 847424 847424 812394 426002 26445 514 491
Geracao 2340: 847424 847424 847424 847424 847424 847424 847424 847424 426002 126134
Geracao 2341: 847424 847424 847424 847424 847424 847424 847424 847424 427002 4562
Geracao 2342: 847424 847424 847424 847424 847424 847424 847424 847424 847424 847424
Geracao 2343: 847424 847424 847424 847424 847424 847424 847424 847424 2653 429
Geracao 2344: 847424 847424 847424 847424 847424 847424 812394 107380 859 732
Geracao 2345: 847424 847424 847424 847424 847424 847424 428140 26445 26445 510
Geracao 2346: 847424 847424 847424 847424 847424 847424 847424 26445 917 692
Geracao 2347: 847424 847424 847424 847424 847424 847424 847424 847424 131003 1030
Geracao 2348: 847424 847424 847424 847424 847424 847424 847424 847424 847424 426002
Geracao 2349: 847424 847424 847424 847424 847424 847424 847424 847424 847424 2451
Geracao 2350: 847424 847424 847424 847424 847424 847424 847424 847424 26445 1341
Geracao 2351: 847424 847424 847424 847424 847424 847424 422132 3046 306 284
Geracao 2352: 847424 847424 847424 847424 847424 847424 847424 847424 26445 2519
Geracao 2353: 847424 847424 847424 847424 847424 847424 847424 2427 2346 476
Geracao 2354: 847424 847424 847424 847424 847424 847424 847424 812394 2490 474
Geracao 2355: 847424 847424 847424 847424 847424 847424 812394 426002 3853 2490
Geracao 2356: 847424 847424 847424 847424 847424 847424 847424 847424 847424 580
Geracao 2357: 847424 847424 847424 847424 847424 847424 847424 847424 585 390
Geracao 2358: 847424 847424 847424 847424 847424 847424 426002 3465 448 445
Geracao 2359: 847424 847424 847424 847424 847424 847424 847424 847424 847424 129148
Geracao 2360: 847424 847424 847424 847424 847424 847424 847424 426002 426002 68517
Geracao 2361: 847424 847424 847424 847424 847424 847424 48463 9484 7004 1013
Geracao 2362: 847424 847424 847424 847424 847424 847424 847424 426002 10711 639
Geracao 2363: 847424 847424 847424 847424 847424 847424 812394 426002 2416 446
Geracao 2364: 847424 847424 847424 847424 847424 847424 847424 847424 426002 2416
Geracao 2365: 847424 847424 847424 847424 847424 847424 847424 426002 2430 486
Geracao 2366: 847424 847424 847424 847424 847424 847424 847424 847424 3465 2926
Geracao 2367: 847424 847424 847424 847424 847424 847424 847424 847424 847424 609
Geracao 2368: 847424 847424 847424 847424 847424 847424 847424 291450 80952 80952
Geracao 2369: 847424 847424 847424 847424 847424 847424 847424 847424 426002 80952
Geracao 2370: 847424 847424 847424 847424 847424 847424 847424 212666 212666 820
Geracao 2371: 847424 847424 847424 847424 847424 847424 847424 847424 426002 212666
Geracao 2372: 847424 847424 847424 847424 847424 847424 847424 428143 428142 59962
Geracao 2373: 847424 847424 847424 847424 847424 847424 847424 847424 80952 80952
Geracao 2374: 847424 847424 847424 847424 812394 426002 129119 80952 80952 80952
Geracao 2375: 847424 847424 847424 847424 847424 847424 847424 847424 80952 80952
Geracao 2376: 847424 847424 847424 847424 847424 847424 847424 80952 80952 80952
Geracao 2377: 847424 847424 847424 847424 847424 847424 80952 80952 4285 2969
Geracao 2378: 847424 847424 847424 847424 847424 847424 847424 847424 847424 812394
Geracao 2379: 847424 847424 847424 847424 847424 847424 812394 812394 635 592
Geracao 2380: 847424 847424 847424 847424 847424 847424 847424 847424 80952 2604
Geracao 2381: 847424 847424 847424 847424 847424 847424 847424 847424 11528 11125
Geracao 2382: 847424 847424 847424 847424 847424 847424 847424 847424 291450 549
Geracao 2383: 847424 847424 847424 847424 847424 847424 847424 847424 847424 2547
Geracao 2384: 847424 847424 847424 847424 847424 847424 847424 847424 812394 2743
Geracao 2385: 847424 847424 847424 847424 847424 426002 2515 2486 984 497
Geracao 2386: 847424 847424 847424 847424 847424 812394 812394 3128 2859 2574
Geracao 2387: 847424 847424 847424 847424 847424 2689 2686 2486 2481 984
Geracao 2388: 847424 847424 847424 847424 847424 847424 847424 291450 426 388
Geracao 2389: 847424 847424 847424 847424 847424 847424 426002 290953 4648 622
Geracao 2390: 847424 847424 847424 847424 847424 847424 847424 847424 847424 125419
Geracao 2391: 847424 847424 847424 847424 847424 847424 847424 847424 847424 544
Geracao 2392: 847424 847424 847424 847424 847424 847424 847424 847424 847424 114678
Geracao 2393: 847424 847424 847424 847424 847424 847424 847424 426002 4017 2587
Geracao 2394: 847424 847424 847424 847424 847424 847424 847424 847424 847424 847424
Geracao 2395: 847424 847424 847424 847424 847424 847424 847424 121549 2450 530
Geracao 2396: 847424 847424 847424 847424 847424 847424 847424 847424 8732 3465
Geracao 2397: 847424 847424 847424 847424 847424 847424 847424 812394 8732 407
Geracao 2398: 847424 847424 847424 847424 847424 847424 847424 847424 609350 2561
Geracao 2399: 847424 847424 847424 847424 847424 847424 847424 847424 847424 779
Geracao 2400: 847424 847424 847424 847424 427135 426002 157913 8129 2587 576
Geracao 2401: 847424 847424 847424 847424 847424 2965 2814 2527 637 470
Geracao 2402: 847424 847424 847424 847424 847424 847424 847424 812394 6852 2382
Geracao 2403: 847424 847424 847424 847424 847424 847424 847424 847424 847424 110086
Geracao 2404: 847424 847424 847424 847424 847424 847424 847424 847424 847424 847424
Geracao 2405: 847424 847424 847424 847424 847424 847424 847424 812394 420134 3465
Geracao 2406: 847424 847424 847424 847424 847424 847424 2859 2438 1652 635
Geracao 2407: 847424 847424 847424 847424 847424 847424 847424 812394 812394 130125
Geracao 2408: 847424 847424 847424 847424 847424 847424 847424 847424 847424 1526
Geracao 2409: 847424 847424 847424 847424 847424 847424 847424 812394 812394 20523
Geracao 2410: 847424 847424 847424 847424 847424 847424 847424 426002 2435 554
Geracao 2411: 847424 847424 847424 847424 847424 847424 847424 847424 426002 2732
Geracao 2412: 847424 847424 847424 847424 847424 847424 847424 847424 847424 426002
Geracao 2413: 847424 847424 847424 847424 847424 847424 847424 812394 2686 428
Geracao 2414: 847424 847424 847424 847424 847424 847424 847424 847424 847424 847424
Geracao 2415: 847424 847424 847424 847424 847424 427002 85044 2617 2444 819
Geracao 2416: 847424 847424 847424 847424 847424 847424 6705 2974 511 392
Geracao 2417: 847424 847424 847424 847424 847424 847424 812394 132406 3465 566
Geracao 2418: 847424 847424 847424 847424 847424 847424 812394 426002 2993 411
Geracao 2419: 847424 847424 847424 847424 847424 847424 128700 3616 2444 283
Geracao 2420: 847424 847424 847424 847424 847424 847424 812394 426002 2444 2335
Geracao 2421: 847424 847424 847424 847424 847424 847424 847424 847424 847424 968
Geracao 2422: 847424 847424 847424 847424 847424 847424 847424 847424 2602 673
Geracao 2423: 847424 847424 847424 847424 847424 847424 847424 847424 847424 2582
Geracao 2424: 847424 847424 847424 847424 847424 847424 847424 847424 847424 2467
Geracao 2425: 847424 847424 847424 847424 847424 847424 847424 847424 847424 847424
Geracao 2426: 847424 847424 847424 847424 847424 426002 291450 1011 664 474
Geracao 2427: 847424 847424 847424 375269 291450 84051 10711 2547 2430 601
Geracao 2428: 847424 847424 847424 847424 847424 2859 1001 930 462 367
Geracao 2429: 847424 847424 847424 847424 847424 847424 847424 847424 1032 664
Geracao 2430: 847424 847424 847424 847424 847424 847424 847424 2676 2538 2375
Geracao 2431: 847424 847424 847424 847424 847424 426002 7004 2749 2487 439
Geracao 2432: 847424 847424 847424 847424 847424 847424 7102 2633 664 465
Geracao 2433: 847424 847424 847424 847424 847424 847424 847424 847424 6478 465
Geracao 2434: 847424 847424 847424 847424 847424 847424 45949 10858 1305 747
Geracao 2435: 847424 847424 847424 847424 847424 847424 847424 1437 1420 708
Geracao 2436: 847424 847424 847424 847424 847424 129706 4289 2553 2550 2456
Geracao 2437: 847424 847424 847424 825400 825400 426002 426002 293973 4461 664
Geracao 2438: 847424 847424 847424 847424 847424 847424 847424 847424 825400 2546
Geracao 2439: 847424 847424 847424 847424 847424 847424 812394 5274 2874 444
Geracao 2440: 847424 847424 847424 847424 847424 847424 847424 847424 3465 1233
Geracao 2441: 847424 847424 847424 847424 847424 847424 847424 418114 173538 430
Geracao 2442: 847424 847424 847424 847424 847424 847424 847424 812394 45558 2429
Geracao 2443: 847424 847424 847424 847424 847424 847424 847424 812394 423129 8531
Geracao 2444: 847424 847424 847424 847424 847424 847424 847424 847424 847424 847424
Geracao 2445: 847424 847424 847424 847424 847424 8531 8531 8531 8531 429
Geracao 2446: 847424 847424 847424 847424 847424 847424 847424 812394 3298 2990
Geracao 2447: 847424 847424 847424 847424 847424 847424 567216 2433 405 272
Geracao 2448: 847424 847424 847424 847424 847424 847424 426137 987 689 529
Geracao 2449: 847424 847424 847424 847424 847424 847424 847424 847424 9646 448
Geracao 2450: 847424 847424 847424 847424 847424 847424 847424 847424 847424 6287
Geracao 2451: 847424 847424 847424 847424 847424 847424 847424 847424 847424 2428
Geracao 2452: 847424 847424 847424 847424 847424 847424 426002 426002 159857 124705
Geracao 2453: 847424 847424 847424 847424 847424 847424 847424 847424 847424 812394
Geracao 2454: 847424 847424 847424 847424 847424 847424 130704 10711 2512 2411
Geracao 2455: 847424 847424 847424 847424 847424 847424 847424 847424 3465 2407
Geracao 2456: 847424 847424 847424 847424 847424 847424 847424 426002 426002 2349
Geracao 2457: 847424 847424 847424 847424 847424 847424 847424 847424 847424 847424
Geracao 2458: 847424 847424 847424 847424 847424 847424 426002 301425 3465 2394
Geracao 2459: 847424 847424 847424 847424 847424 847424 847424 4855 2460 281
Geracao 2460: 847424 847424 847424 847424 847424 847424 427002 3465 542 285
Geracao 2461: 847424 847424 847424 847424 847424 847424 847424 3684 1179 585
Geracao 2462: 847424 847424 847424 847424 847424 847424 847424 812394 137006 3302
Geracao 2463: 847424 847424 847424 847424 847424 847424 847424 847424 3485 2784
Geracao 2464: 847424 847424 847424 847424 847424 847424 847424 847424 6385 2784
Geracao 2465: 847424 847424 847424 847424 847424 847424 847424 847424 847424 55720
Geracao 2466: 847424 847424 847424 847424 847424 847424 847424 847424 320955 3465
Geracao 2467: 847424 847424 847424 847424 847424 847424 847424 847424 1004 380
Geracao 2468: 847424 847424 847424 847424 847424 847424 847424 847424 847424 426002
Geracao 2469: 847424 847424 847424 847424 847424 847424 847424 847424 847424 707
Geracao 2470: 847424 847424 847424 847424 847424 847424 847424 847424 426002 555
Geracao 2471: 847424 847424 847424 847424 847424 847424 847424 847424 847424 847424
Geracao 2472: 847424 847424 847424 847424 426002 3465 3026 2962 538 538
Geracao 2473: 847424 847424 847424 847424 847424 847424 847424 847424 538 538
Geracao 2474: 847424 847424 847424 847424 847424 847424 847424 847424 423127 248
Geracao 2475: 847424 847424 847424 847424 847424 812394 310061 222085 538 538
Geracao 2476: 847424 847424 847424 812394 426002 426002 7975 3465 3465 3465
Geracao 2477: 847424 847424 847424 847424 847424 812394 812394 812394 12663 2429
Geracao 2478: 847424 847424 847424 847424 847424 847424 847424 847424 847424 847424
Geracao 2479: 847424 847424 847424 847424 847424 847424 847424 847424 426002 538
Geracao 2480: 847424 847424 847424 847424 847424 847424 426002 2641 472 438
Geracao 2481: 847424 847424 847424 847424 847424 847424 812394 3393 2859 476
Geracao 2482: 847424 847424 847424 847424 847424 847424 847424 847424 420 420
Geracao 2483: 847424 847424 847424 847424 847424 847424 812394 426002 426002 476
Geracao 2484: 847424 847424 847424 847424 847424 847424 847424 847424 812394 707
Geracao 2485: 847424 847424 847424 847424 847424 847424 116084 2768 680 447
Geracao 2486: 847424 847424 847424 847424 847424 426002 2860 2725 1164 540
Geracao 2487: 847424 847424 847424 847424 847424 426002 675 497 392 392
Geracao 2488: 847424 847424 847424 847424 847424 847424 847424 847424 8139 337
Geracao 2489: 847424 847424 847424 812394 121695 3465 760 509 426 400
Geracao 2490: 847424 847424 847424 847424 847424 847424 847424 2777 2777 539
Geracao 2491: 847424 847424 847424 847424 847424 847424 2962 2459 533 489
Geracao 2492: 847424 847424 847424 847424 812394 812394 407978 2565 2459 262
Geracao 2493: 847424 847424 847424 847424 847424 847424 847424 10711 800 655
Geracao 2494: 847424 847424 847424 847424 847424 812394 426002 894 416 375
Geracao 2495: 847424 847424 847424 847424 847424 847424 812394 296131 438 393
Geracao 2496: 847424 847424 847424 847424 847424 847424 847424 463 463 374
Geracao 2497: 847424 847424 847424 847424 847424 847424 426002 2617 2475 463
Geracao 2498: 847424 847424 847424 847424 847424 847424 847424 847424 2514 1001
Geracao 2499: 847424 847424 847424 847424 847424 847424 426002 426002 383022 317
Geracao 2500: 847424 847424 847424 847424 847424 847424 847424 847424 847424 2409
Geracao 2501: 847424 847424 847424 847424 847424 435156 427002 426002 2599 2506
Geracao 2502: 847424 847424 847424 847424 847424 847424 847424 847424 847424 10711
Geracao 2503: 847424 847424 847424 847424 847424 847424 847424 847424 847424 847424
Geracao 2504: 847424 847424 847424 847424 847424 847424 847424 847424 72497 2647
Geracao 2505: 847424 847424 847424 847424 847424 847424 847424 847424 847424 426002
Geracao 2506: 847424 847424 847424 847424 847424 847424 847424 847424 847424 10860
Geracao 2507: 847424 847424 847424 847424 847424 847424 847424 847424 847424 627
Geracao 2508: 847424 847424 847424 847424 847424 426002 4512 3004 501 440
Geracao 2509: 847424 847424 847424 847424 847424 847424 847424 426002 291450 682
Geracao 2510: 847424 847424 847424 847424 847424 847424 847424 847424 847424 812394
Geracao 2511: 847424 847424 847424 847424 847424 847424 427002 2444 648 480
Geracao 2512: 847424 847424 847424 847424 847424 847424 847424 847424 847424 812394
Geracao 2513: 847424 847424 847424 847424 847424 847424 847424 847424 773 292
Geracao 2514: 847424 847424 847424 847424 847424 847424 847424 291450 2569 617
Geracao 2515: 847424 847424 847424 847424 847424 847424 847424 847424 812394 426002
Geracao 2516: 847424 847424 847424 847424 847424 847424 847424 423132 2640 324
Geracao 2517: 847424 847424 847424 847424 847424 847424 847424 847424 847424 847424
Geracao 2518: 847424 847424 847424 847424 847424 847424 847424 847424 426002 2534
Geracao 2519: 847424 847424 847424 847424 847424 847424 847424 847424 847424 812394
Geracao 2520: 847424 847424 847424 847424 847424 847424 847424 424127 478 472
Geracao 2521: 847424 847424 847424 847424 847424 847424 847424 812394 2361 620
Geracao 2522: 847424 847424 847424 847424 847424 847424 847424 847424 847424 847424
Geracao 2523: 847424 847424 847424 847424 847424 847424 847424 812394 426002 857
Geracao 2524: 847424 847424 847424 847424 847424 847424 847424 2712 2444 346
Geracao 2525: 847424 847424 847424 847424 847424 847424 847424 847424 847424 847424
Geracao 2526: 847424 847424 847424 847424 847424 847424 847424 847424 847424 812394
Geracao 2527: 847424 847424 847424 847424 847424 847424 847424 847424 847424 848
Geracao 2528: 847424 847424 847424 847424 847424 847424 847424 2517 712 615
Geracao 2529: 847424 847424 847424 847424 847424 847424 847424 847424 426002 2651
Geracao 2530: 847424 847424 847424 847424 847424 847424 847424 847424 2641 2493
Geracao 2531: 847424 847424 847424 847424 847424 847424 291450 2515 666 616
Geracao 2532: 847424 847424 847424 847424 426002 132411 2988 2694 547 325
Geracao 2533: 847424 847424 847424 847424 847424 847424 847424 426002 3986 3423
Geracao 2534: 847424 847424 847424 847424 847424 847424 847424 847424 426002 526
Geracao 2535: 847424 847424 847424 847424 847424 847424 3860 3465 2679 666
Geracao 2536: 847424 847424 847424 847424 812394 414989 414063 447 428 342
Geracao 2537: 847424 847424 847424 847424 847424 847424 847424 426002 60997 533
Geracao 2538: 847424 847424 847424 847424 847424 847424 10993 3465 3465 425
Geracao 2539: 847424 847424 847424 847424 847424 847424 812394 427002 126707 3986
Geracao 2540: 847424 847424 847424 847424 847424 847424 812394 3152 2597 1126
Geracao 2541: 847424 847424 847424 847424 847424 847424 847424 3986 2395 316
Geracao 2542: 847424 847424 847424 847424 847424 847424 847424 847424 812394 695
Geracao 2543: 847424 847424 847424 847424 847424 847424 847424 812394 413274 622
Geracao 2544: 847424 847424 847424 847424 847424 847424 847424 847424 426002 359
Geracao 2545: 847424 847424 847424 847424 847424 435156 12523 3465 2588 2567
Geracao 2546: 847424 847424 847424 847424 847424 847424 847424 847424 426002 730
Geracao 2547: 847424 847424 847424 847424 847424 847424 847424 2642 2459 359
Geracao 2548: 847424 847424 847424 847424 847424 847424 847424 847424 426002 2507
Geracao 2549: 847424 847424 847424 847424 847424 847424 847424 426002 7132 2347
Geracao 2550: 847424 847424 847424 847424 847424 847424 812394 264894 2321 564
Geracao 2551: 847424 847424 847424 847424 847424 847424 847424 847424 427005 115146
Geracao 2552: 847424 847424 847424 847424 847424 847424 847424 847424 847424 426002
Geracao 2553: 847424 847424 847424 847424 847424 847424 847424 426002 291450 413
Geracao 2554: 847424 847424 847424 847424 847424 847424 847424 812394 10711 374
Geracao 2555: 847424 847424 847424 847424 847424 847424 847424 847424 438 365
Geracao 2556: 847424 847424 847424 847424 847424 847424 414108 311418 375 358
Geracao 2557: 847424 847424 847424 847424 847424 812394 426002 7867 479 345
Geracao 2558: 847424 847424 847424 847424 847424 847424 847424 847424 2616 734
Geracao 2559: 847424 847424 847424 847424 847424 847424 847424 847424 400971 7690
Geracao 2560: 847424 847424 847424 847424 847424 847424 847424 291450 353 325
Geracao 2561: 847424 847424 847424 847424 847424 847424 847424 847424 426002 527
Geracao 2562: 847424 847424 847424 847424 847424 847424 847424 426002 4285 2514
Geracao 2563: 847424 847424 847424 847424 847424 301425 4373 627 359 333
Geracao 2564: 847424 847424 847424 847424 847424 812394 427002 426002 407963 112130
Geracao 2565: 847424 847424 847424 847424 847424 847424 426002 4852 2548 396
Geracao 2566: 847424 847424 847424 847424 847424 847424 847424 847424 847424 2886
Geracao 2567: 847424 847424 847424 847424 847424 847424 847424 847424 847424 3002
Geracao 2568: 847424 847424 847424 847424 847424 847424 130129 126132 121124 808
Geracao 2569: 847424 847424 847424 847424 847424 130125 772 656 645 542
Geracao 2570: 847424 847424 847424 847424 847424 847424 847424 426002 4855 309
Geracao 2571: 847424 847424 847424 847424 847424 847424 847424 427003 5449 516
Geracao 2572: 847424 847424 847424 847424 124704 2489 497 425 421 395
Geracao 2573: 847424 847424 847424 847424 847424 847424 847424 847424 426002 113081
Geracao 2574: 847424 847424 847424 847424 847424 847424 423126 3430 2947 511
Geracao 2575: 847424 847424 847424 847424 847424 847424 847424 114977 10860 3465
Geracao 2576: 847424 847424 847424 847424 847424 847424 847424 812394 3855 368
Geracao 2577: 847424 847424 847424 847424 847424 847424 812394 424129 3465 309
Geracao 2578: 847424 847424 847424 847424 847424 847424 847424 3465 311 309
Geracao 2579: 847424 847424 847424 847424 4855 3465 2415 809 454 322
Geracao 2580: 847424 847424 847424 847424 847424 847424 847424 8962 322 291
Geracao 2581: 847424 847424 847424 847424 847424 312138 133708 100668 3465 563
Geracao 2582: 847424 847424 847424 847424 847424 847424 109681 3465 754 291
Geracao 2583: 847424 847424 847424 847424 812394 426002 426002 303010 6705 2290
Geracao 2584: 847424 847424 847424 847424 847424 847424 812394 87137 467 445
Geracao 2585: 847424 847424 847424 847424 847424 847424 847424 426002 306357 3465
Geracao 2586: 847424 847424 847424 847424 847424 847424 847424 847424 7712 3879
Geracao 2587: 847424 847424 847424 847424 847424 847424 847424 426002 424127 1273
Geracao 2588: 847424 847424 847424 847424 847424 847424 847424 847424 745 689
Geracao 2589: 847424 847424 847424 847424 847424 847424 291450 10711 2602 2586
Geracao 2590: 847424 847424 847424 847424 847424 847424 847424 847424 26071 846
Geracao 2591: 847424 847424 847424 847424 847424 426002 426002 426002 291450 2671
Geracao 2592: 847424 847424 847424 847424 847424 847424 812394 10711 1388 485
Geracao 2593: 847424 847424 847424 847424 847424 847424 847424 847424 30490 469
Geracao 2594: 847424 847424 847424 847424 847424 847424 426002 5760 3465 2872
Geracao 2595: 847424 847424 847424 847424 847424 847424 847424 847424 426002 126708
Geracao 2596: 847424 847424 847424 847424 847424 847424 847424 847424 291450 3364
Geracao 2597: 847424 847424 847424 847424 847424 847424 812394 426002 291450 2452
Geracao 2598: 847424 847424 847424 847424 847424 847424 847424 847424 812394 2643
Geracao 2599: 847424 847424 847424 847424 847424 847424 3422 547 529 376
Geracao 2600: 847424 847424 847424 847424 847424 847424 426002 2544 478 443
Geracao 2601: 847424 847424 847424 847424 847424 847424 847424 426002 426002 416419
Geracao 2602: 847424 847424 847424 847424 847424 847424 847424 847424 10711 2493
Geracao 2603: 847424 847424 847424 847424 847424 426002 768 635 621 444
Geracao 2604: 847424 847424 847424 847424 847424 847424 847424 847424 426002 349
Geracao 2605: 847424 847424 847424 847424 847424 847424 847424 847424 426002 2425
Geracao 2606: 847424 847424 847424 847424 847424 847424 847424 7862 3465 3465
Geracao 2607: 847424 847424 847424 847424 847424 847424 847424 847424 847424 426002
Geracao 2608: 847424 847424 847424 847424 847424 847424 426002 408096 124403 486
Geracao 2609: 847424 847424 847424 847424 847424 847424 847424 847424 847424 3465
Geracao 2610: 847424 847424 847424 847424 847424 847424 426002 3465 3299 362
Geracao 2611: 847424 847424 847424 847424 847424 847424 847424 812394 4295 2317
Geracao 2612: 847424 847424 847424 847424 847424 3859 2359 1000 388 340
Geracao 2613: 847424 847424 847424 847424 847424 847424 847424 847424 847424 108679
Geracao 2614: 847424 847424 847424 847424 426002 426002 426002 425002 4466 3465
Geracao 2615: 847424 847424 847424 847424 847424 847424 847424 10711 3465 2479
Geracao 2616: 847424 847424 847424 847424 847424 426002 2669 2354 525 248
Geracao 2617: 847424 847424 847424 847424 847424 847424 847424 847424 847424 812394
Geracao 2618: 847424 847424 847424 847424 847424 847424 847424 426002 2463 804
Geracao 2619: 847424 847424 847424 847424 847424 847424 426002 4586 404 336
Geracao 2620: 847424 847424 847424 847424 847424 847424 847424 847424 426002 2698
Geracao 2621: 847424 847424 847424 847424 847424 847424 847424 3465 2653 2293
Geracao 2622: 847424 847424 847424 847424 847424 847424 847424 847424 847424 3284
Geracao 2623: 847424 847424 847424 812394 812394 812394 414106 945 905 810
Geracao 2624: 847424 847424 847424 847424 847424 847424 3498 784 548 434
Geracao 2625: 847424 847424 847424 847424 847424 847424 847424 426002 2444 344
Geracao 2626: 847424 847424 847424 847424 847424 847424 812394 226082 845 693
Geracao 2627: 847424 847424 847424 847424 847424 847424 426002 4004 768 502
Geracao 2628: 847424 847424 847424 847424 847424 847424 847424 847424 847424 847424
Geracao 2629: 847424 847424 847424 847424 847424 847424 847424 426002 3465 515
Geracao 2630: 847424 847424 847424 847424 847424 847424 847424 17111 2895 2517
Geracao 2631: 847424 847424 847424 847424 847424 847424 847424 847424 426002 2628
Geracao 2632: 847424 847424 847424 847424 847424 847424 847424 426002 291450 767
Geracao 2633: 847424 847424 847424 847424 847424 847424 847424 847424 426002 527
Geracao 2634: 847424 847424 847424 426002 426002 426002 331658 3465 2443 304
Geracao 2635: 847424 847424 847424 847424 847424 847424 847424 812394 2271 600
Geracao 2636: 847424 847424 847424 847424 847424 847424 847424 426002 180838 106930
Geracao 2637: 847424 847424 847424 847424 847424 847424 847424 812394 3465 508
Geracao 2638: 847424 847424 847424 847424 847424 847424 847424 4492 577 444
Geracao 2639: 847424 847424 847424 847424 847424 847424 723345 7040 2768 503
Geracao 2640: 847424 847424 847424 847424 847424 847424 847424 847424 5431 538
Geracao 2641: 847424 847424 847424 847424 847424 847424 847424 426002 491 487
Geracao 2642: 847424 847424 847424 847424 847424 847424 847424 847424 4441 3424
Geracao 2643: 847424 847424 847424 847424 847424 847424 426002 131113 11982 2368
Geracao 2644: 847424 847424 847424 847424 847424 847424 847424 847424 847424 2431
Geracao 2645: 847424 847424 847424 847424 847424 847424 847424 812394 812394 2426
Geracao 2646: 847424 847424 847424 847424 847424 847424 847424 129122 70878 269
Geracao 2647: 847424 847424 847424 9970 7425 3465 3465 3465 2444 2355
Geracao 2648: 847424 847424 847424 847424 847424 847424 847424 847424 847424 847424
Geracao 2649: 847424 847424 847424 847424 847424 3461 2444 373 252 249
Geracao 2650: 847424 847424 847424 847424 847424 847424 847424 847424 847424 847424
Geracao 2651: 847424 847424 847424 847424 847424 847424 131705 129138 5337 2444
Geracao 2652: 847424 847424 847424 847424 847424 847424 847424 847424 847424 424001
Geracao 2653: 847424 847424 847424 847424 847424 847424 847424 847424 812394 555
Geracao 2654: 847424 847424 847424 847424 847424 847424 847424 847424 847424 847424
Geracao 2655: 847424 847424 847424 847424 847424 847424 847424 847424 812394 293
Geracao 2656: 847424 847424 847424 847424 847424 847424 847424 847424 847424 847424
Geracao 2657: 847424 847424 847424 847424 847424 812394 424127 9278 2290 295
Geracao 2658: 847424 847424 847424 847424 847424 847424 847424 847424 11712 875
Geracao 2659: 847424 847424 847424 847424 847424 847424 812394 812394 133129 15248
Geracao 2660: 847424 847424 847424 847424 847424 847424 847424 847424 847424 349
Geracao 2661: 847424 847424 847424 847424 847424 847424 847424 179382 10711 425
Geracao 2662: 847424 847424 847424 847424 847424 847424 847424 847424 847424 2998
Geracao 2663: 847424 847424 847424 847424 847424 426002 2885 2515 477 457
Geracao 2664: 847424 847424 847424 847424 847424 847424 812394 126120 2515 805
Geracao 2665: 847424 847424 847424 847424 847424 847424 847424 847424 427002 137014
Geracao 2666: 847424 847424 847424 847424 847424 847424 847424 847424 7280 2455
Geracao 2667: 847424 847424 847424 847424 847424 847424 847424 426002 127133 2441
Geracao 2668: 847424 847424 847424 847424 847424 847424 847424 847424 847424 869
Geracao 2669: 847424 847424 847424 847424 847424 847424 836414 812394 812394 1149
Geracao 2670: 847424 847424 847424 847424 847424 847424 847424 427002 1060 690
Geracao 2671: 847424 847424 847424 847424 847424 847424 812394 79649 2875 513
Geracao 2672: 847424 847424 847424 847424 847424 847424 847424 847424 847424 241
Geracao 2673: 847424 847424 847424 847424 847424 847424 812394 118114 2349 337
Geracao 2674: 847424 847424 847424 847424 847424 847424 847424 847424 427002 621
Geracao 2675: 847424 847424 847424 847424 847424 847424 847424 426002 291450 385
Geracao 2676: 847424 847424 847424 847424 847424 3465 3465 2430 2398 410
Geracao 2677: 847424 847424 847424 847424 847424 847424 847424 426002 2498 410
Geracao 2678: 847424 847424 847424 847424 847424 847424 129142 7848 3465 2498
Geracao 2679: 847424 847424 847424 847424 847424 847424 847424 847424 847424 847424
Geracao 2680: 847424 847424 847424 847424 847424 847424 847424 3465 855 481
Geracao 2681: 847424 847424 847424 847424 847424 847424 2611 630 358 358
Geracao 2682: 847424 847424 847424 847424 847424 847424 847424 2559 2559 424
Geracao 2683: 847424 847424 847424 847424 847424 847424 847424 847424 847424 491
Geracao 2684: 847424 847424 847424 847424 847424 847424 847424 812394 113070 2542
Geracao 2685: 847424 847424 847424 847424 847424 812394 20060 2479 1012 565
Geracao 2686: 847424 847424 847424 847424 847424 426002 426002 7003 2519 367
Geracao 2687: 847424 847424 847424 847424 847424 847424 847424 847424 2854 543
Geracao 2688: 847424 847424 847424 847424 847424 429017 3465 3465 3005 892
Geracao 2689: 847424 847424 847424 847424 351991 10861 3510 2381 356 352
Geracao 2690: 847424 847424 847424 847424 847424 847424 847424 2683 2381 345
Geracao 2691: 847424 847424 847424 847424 847424 847424 847424 847424 405080 356
Geracao 2692: 847424 847424 847424 847424 847424 291450 4850 1008 410 369
Geracao 2693: 847424 847424 847424 847424 847424 847424 847424 117085 11084 11084
Geracao 2694: 847424 847424 847424 847424 847424 847424 847424 847424 11084 3465
Geracao 2695: 847424 847424 847424 847424 847424 847424 847424 812394 291450 62822
Geracao 2696: 847424 847424 847424 847424 847424 847424 847424 426002 110092 5141
Geracao 2697: 847424 847424 847424 847424 847424 847424 847424 812394 2641 636
Geracao 2698: 847424 847424 847424 847424 847424 847424 111981 4004 2459 571
Geracao 2699: 847424 847424 847424 847424 847424 847424 847424 812394 2858 2806
Geracao 2700: 847424 847424 847424 847424 847424 812394 426131 426002 879 649
Geracao 2701: 847424 847424 847424 847424 847424 847424 847424 847424 426002 4769
Geracao 2702: 847424 847424 847424 847424 847424 847424 847424 426002 426002 291450
Geracao 2703: 847424 847424 847424 847424 847424 847424 847424 847424 812394 6906
Geracao 2704: 847424 847424 847424 847424 847424 847424 426002 2539 534 530
Geracao 2705: 847424 847424 847424 847424 847424 847424 847424 847424 847424 437
Geracao 2706: 847424 847424 847424 847424 847424 847424 812394 426002 123126 2459
Geracao 2707: 847424 847424 847424 847424 847424 847424 457 345 322 305
Geracao 2708: 847424 847424 847424 847424 847424 847424 847424 847424 10711 2747
Geracao 2709: 847424 847424 847424 847424 847424 847424 847424 7004 3465 3465
Geracao 2710: 847424 847424 847424 847424 847424 847424 812394 426134 546 543
Geracao 2711: 847424 847424 847424 847424 847424 426002 2988 2364 385 356
Geracao 2712: 847424 847424 847424 847424 847424 847424 847424 847424 3267 386
Geracao 2713: 847424 847424 847424 847424 847424 847424 847424 847424 847424 1023
Geracao 2714: 847424 847424 847424 847424 847424 847424 812394 122697 3465 2352
Geracao 2715: 847424 847424 847424 847424 847424 847424 847424 812394 6704 3465
Geracao 2716: 847424 847424 847424 847424 847424 847424 847424 847424 917 671
Geracao 2717: 847424 847424 847424 847424 847424 847424 847424 847424 3130 551
Geracao 2718: 847424 847424 847424 847424 847424 847424 812394 8139 4862 391
Geracao 2719: 847424 847424 847424 847424 847424 812394 162399 1342 748 705
Geracao 2720: 847424 847424 847424 847424 847424 847424 847424 426002 426002 2680
Geracao 2721: 847424 847424 847424 847424 847424 847424 847424 427929 426002 3465
Geracao 2722: 847424 847424 847424 847424 847424 847424 847424 847424 812394 528
Geracao 2723: 847424 847424 847424 847424 847424 847424 847424 847424 847424 847424
Geracao 2724: 847424 847424 847424 847424 847424 847424 847424 847424 847424 2552
Geracao 2725: 847424 847424 847424 847424 847424 847424 847424 812394 330891 534
Geracao 2726: 847424 847424 847424 847424 847424 847424 847424 847424 847424 847424
Geracao 2727: 847424 847424 847424 847424 847424 847424 534136 397973 114677 2452
Geracao 2728: 847424 847424 847424 847424 847424 847424 847424 847424 812394 346
Geracao 2729: 847424 847424 847424 847424 847424 847424 3465 2513 1225 655
Geracao 2730: 847424 847424 847424 847424 847424 847424 426002 124705 6437 912
Geracao 2731: 847424 847424 847424 847424 847424 847424 847424 444021 3465 3465
Geracao 2732: 847424 847424 847424 847424 847424 847424 847424 426002 130125 3465
Geracao 2733: 847424 847424 847424 847424 847424 847424 847424 847424 847424 2373
Geracao 2734: 847424 847424 847424 847424 847424 847424 847424 847424 426002 291450
Geracao 2735: 847424 847424 847424 847424 847424 847424 847424 2880 1515 1451
Geracao 2736: 847424 847424 847424 847424 847424 847424 847424 847424 812394 373
Geracao 2737: 847424 847424 847424 847424 847424 847424 847424 847424 104664 572
Geracao 2738: 847424 847424 847424 847424 847424 847424 847424 847424 847424 812394
Geracao 2739: 847424 847424 847424 847424 847424 847424 847424 847424 778 324
Geracao 2740: 847424 847424 847424 847424 847424 847424 812394 124704 1301 872
Geracao 2741: 847424 847424 847424 847424 847424 426002 12904 2444 630 487
Geracao 2742: 847424 847424 847424 847424 847424 812394 3465 2336 621 487
Geracao 2743: 847424 847424 847424 847424 847424 812394 2275 527 512 487
Geracao 2744: 847424 847424 847424 847424 847424 847424 847424 847424 812394 872
Geracao 2745: 847424 847424 847424 847424 847424 847424 847424 426002 302120 2512
Geracao 2746: 847424 847424 847424 847424 847424 847424 847424 847424 2250 531
Geracao 2747: 847424 847424 847424 847424 847424 847424 847424 847424 812394 232331
Geracao 2748: 847424 847424 847424 847424 847424 847424 847424 847424 2723 531
Geracao 2749: 847424 847424 847424 847424 847424 847424 847424 847424 376956 2976
Geracao 2750: 847424 847424 847424 847424 847424 847424 847424 426002 828 501
Geracao 2751: 847424 847424 847424 847424 847424 847424 847424 847424 847424 3065
Geracao 2752: 847424 847424 847424 847424 847424 847424 847424 847424 718 661
Geracao 2753: 847424 847424 847424 847424 847424 847424 847424 847424 425423 456
Geracao 2754: 847424 847424 847424 847424 709399 426002 426002 2528 838 588
Geracao 2755: 847424 847424 847424 847424 847424 847424 847424 847424 847424 812394
Geracao 2756: 847424 847424 847424 847424 847424 847424 847424 847424 847424 847424
Geracao 2757: 862585 847424 847424 847424 847424 847424 847424 847424 3465 285
Geracao 2758: 862585 862585 862585 862585 862585 847424 847424 202968 2638 497
Geracao 2759: 862585 862585 862585 862585 862585 862585 10876 2554 1049 468
Geracao 2760: 862585 862585 862585 862585 862585 862585 862585 862585 750 478
Geracao 2761: 862585 862585 862585 862585 862585 862585 862585 812394 10876 620
Geracao 2762: 862585 862585 862585 862585 862585 862585 2464 2463 2271 1439
Geracao 2763: 862585 862585 862585 862585 862585 862585 862585 862585 812394 521
Geracao 2764: 862585 862585 862585 862585 862585 862585 812394 10876 2607 2595
Geracao 2765: 862585 862585 862585 862585 862585 862585 862585 862585 532 430
Geracao 2766: 862585 862585 862585 862585 862585 133130 133130 3003 1439 513
Geracao 2767: 862585 862585 862585 862585 862585 862585 862585 862585 2799 298
Geracao 2768: 862585 862585 862585 862585 133130 2440 2440 2367 2352 1005
Geracao 2769: 862585 862585 862585 862585 862585 862585 862585 812394 812394 8640
Geracao 2770: 862585 862585 862585 862585 862585 862585 862585 5872 551 379
Geracao 2771: 862585 862585 862585 862585 862585 862585 812394 10876 2847 413
Geracao 2772: 862585 862585 862585 862585 862585 862585 862585 862585 133130 2481
Geracao 2773: 862585 862585 862585 862585 862585 862585 862585 862585 3281 1542
Geracao 2774: 862585 862585 862585 862585 862585 862585 95065 2460 432 406
Geracao 2775: 862585 862585 862585 862585 862585 812394 812394 27298 545 348
Geracao 2776: 862585 862585 133130 133130 133130 133130 133130 133130 133130 2310
Geracao 2777: 862585 862585 862585 862585 862585 133130 133130 133130 133130 133130
Geracao 2778: 862585 862585 862585 862585 862585 862585 862585 133130 2885 904
Geracao 2779: 862585 862585 862585 862585 862585 862585 812394 812394 320583 133130
Geracao 2780: 862585 862585 862585 862585 862585 862585 862585 133130 652 559
Geracao 2781: 862585 862585 862585 862585 862585 862585 812394 133130 133130 887
Geracao 2782: 862585 862585 862585 862585 862585 133130 5479 4306 2998 582
Geracao 2783: 862585 862585 862585 862585 862585 812394 133130 918 887 409
Geracao 2784: 862585 862585 862585 862585 862585 862585 133130 122102 2464 522
Geracao 2785: 862585 862585 862585 862585 300129 2850 2642 2573 589 569
Geracao 2786: 862585 862585 862585 862585 862585 862585 862585 862585 862585 2455
Geracao 2787: 862585 862585 862585 862585 306136 133130 121121 21448 344 281
Geracao 2788: 862585 862585 862585 862585 862585 862585 862585 133130 133130 4399
Geracao 2789: 862585 862585 862585 862585 862585 862585 812394 133130 112102 739
Geracao 2790: 862585 862585 862585 862585 862585 862585 862585 862585 691 463
Geracao 2791: 862585 862585 862585 862585 862585 862585 862585 862585 463 441
Geracao 2792: 862585 862585 862585 862585 862585 862585 10876 10724 3439 2830
Geracao 2793: 862585 862585 862585 862585 862585 862585 133130 2605 981 372
Geracao 2794: 862585 862585 862585 862585 862585 862585 812394 10876 485 461
Geracao 2795: 862585 862585 862585 862585 862585 862585 862585 133130 10876 459
Geracao 2796: 862585 862585 862585 862585 862585 862585 10958 10876 2553 1084
Geracao 2797: 862585 862585 862585 862585 862585 862585 862585 862585 862585 2498
Geracao 2798: 862585 862585 862585 862585 862585 862585 862585 862585 2710 2546
Geracao 2799: 862585 862585 862585 862585 862585 862585 862585 812394 133130 431
Geracao 2800: 869453 862585 862585 862585 862585 862585 862585 105018 3636 841
Geracao 2801: 869453 869453 869453 869453 869453 869453 869453 862585 10876 4305
Geracao 2802: 869453 869453 869453 869453 869453 869453 411396 262131 1875 737
Geracao 2803: 869453 869453 869453 869453 869453 869453 411396 372278 2494 602
Geracao 2804: 869453 869453 869453 869453 869453 869453 411396 2634 562 405
Geracao 2805: 869453 869453 869453 869453 869453 869453 262131 262131 609 550
Geracao 2806: 869453 869453 869453 869453 869453 869453 869453 869453 869453 43556
Geracao 2807: 869453 869453 869453 869453 869453 869453 869453 428134 262131 2744
Geracao 2808: 869453 869453 869453 869453 869453 869453 869453 2285 1439 337
Geracao 2809: 869453 869453 869453 869453 869453 869453 869453 411396 2941 592
Geracao 2810: 869453 869453 869453 869453 869453 869453 869453 125007 2701 433
Geracao 2811: 869453 411396 262131 2965 2742 706 700 700 700 426
Geracao 2812: 869453 869453 869453 411396 411396 262131 2965 1439 875 418
Geracao 2813: 869453 869453 411396 262131 262131 262131 262131 262131 262131 475
Geracao 2814: 869453 869453 869453 869453 869453 869453 869453 869453 869453 869453
Geracao 2815: 869453 869453 869453 2755 2755 2755 2444 647 449 449
Geracao 2816: 869453 869453 869453 869453 869453 869453 869453 869453 869453 2755
Geracao 2817: 869453 869453 869453 869453 869453 869453 869453 869453 411396 612
Geracao 2818: 869453 869453 869453 869453 869453 869453 411396 4305 1875 490
Geracao 2819: 869453 869453 869453 869453 869453 869453 869453 10551 2427 857
Geracao 2820: 869453 869453 869453 869453 869453 411396 2567 2427 1439 610
Geracao 2821: 869453 869453 869453 869453 869453 869453 869453 869453 869453 411396
Geracao 2822: 869453 869453 869453 869453 869453 869453 869453 869453 1875 395
Geracao 2823: 869453 869453 869453 869453 869453 869453 869453 942 879 343
Geracao 2824: 869453 869453 869453 869453 869453 869453 869453 869453 869453 869453
Geracao 2825: 869453 869453 869453 869453 869453 869453 869453 414272 411396 2876
Geracao 2826: 869453 869453 869453 869453 869453 869453 869453 2739 2587 460
Geracao 2827: 869453 869453 869453 869453 869453 869453 296418 1875 879 516
Geracao 2828: 869453 869453 869453 869453 869453 869453 869453 869453 411396 411396
Geracao 2829: 869453 869453 869453 869453 411396 4305 2890 2882 1875 698
Geracao 2830: 869453 869453 869453 869453 869453 869453 869453 869453 869453 4876
Geracao 2831: 869453 869453 869453 869453 869453 869453 2675 2363 1439 369
Geracao 2832: 869453 869453 869453 869453 869453 869453 869453 869453 2444 1138
Geracao 2833: 869453 869453 869453 869453 869453 869453 869453 411396 2444 2370
Geracao 2834: 869453 869453 869453 869453 869453 869453 869453 262131 2450 344
Geracao 2835: 869453 869453 869453 869453 869453 869453 869453 1875 1875 448
Geracao 2836: 869453 869453 869453 869453 869453 869453 411396 448 353 301
Geracao 2837: 869453 869453 869453 869453 869453 869453 869453 869453 136154 254
Geracao 2838: 869453 869453 869453 869453 869453 869453 869453 869453 869453 411396
Geracao 2839: 869453 869453 869453 869453 869453 869453 869453 869453 2383 1875
Geracao 2840: 869453 869453 869453 869453 869453 869453 869453 869453 262131 262131
Geracao 2841: 869453 869453 869453 869453 869453 869453 869453 869453 1875 515
Geracao 2842: 869453 869453 869453 869453 869453 869453 869453 9945 1875 476
Geracao 2843: 869453 869453 869453 869453 869453 869453 869453 869453 3122 1109
Geracao 2844: 869453 869453 869453 869453 869453 869453 869453 2491 1439 513
Geracao 2845: 869453 869453 869453 869453 869453 869453 411396 2328 494 464
Geracao 2846: 869453 869453 869453 869453 869453 869453 869453 411396 262131 1875
Geracao 2847: 869453 869453 869453 869453 869453 869453 869453 869453 2465 276
Geracao 2848: 869453 869453 869453 869453 869453 869453 869453 411396 1875 1439
Geracao 2849: 869453 869453 869453 869453 869453 869453 411396 411396 2403 555
Geracao 2850: 869453 869453 869453 869453 869453 869453 869453 2444 1875 1439
Geracao 2851: 869453 869453 869453 869453 869453 869453 869453 869453 869453 1439
Geracao 2852: 869453 869453 869453 869453 869453 113754 1875 1439 568 253
Geracao 2853: 869453 869453 869453 869453 869453 869453 869453 105560 398 398
Geracao 2854: 869453 869453 869453 869453 869453 869453 869453 869453 869453 411396
Geracao 2855: 869453 869453 869453 869453 869453 869453 869453 869453 1439 398
Geracao 2856: 869453 869453 869453 869453 869453 869453 869453 869453 869453 1875
Geracao 2857: 869453 869453 869453 869453 869453 869453 869453 2444 2444 356
Geracao 2858: 869453 869453 869453 869453 869453 869453 869453 869453 869453 518
Geracao 2859: 869453 869453 869453 869453 869453 869453 869453 304155 3283 380
Geracao 2860: 869453 869453 869453 869453 869453 869453 869453 4281 1875 578
Geracao 2861: 869453 869453 869453 869453 869453 869453 2572 2572 729 379
Geracao 2862: 869453 869453 869453 869453 869453 869453 869453 869453 262131 2572
Geracao 2863: 869453 869453 869453 869453 869453 869453 869453 869453 2572 658
Geracao 2864: 869453 869453 869453 869453 869453 301003 6885 2572 2572 2572
Geracao 2865: 869453 869453 869453 869453 869453 869453 414100 411396 411396 1011
Geracao 2866: 869453 869453 869453 869453 869453 411396 11662 2572 2572 1439
Geracao 2867: 869453 869453 869453 869453 869453 869453 869453 869453 869453 1875
Geracao 2868: 869453 869453 869453 869453 869453 869453 869453 2572 2572 1875
Geracao 2869: 869453 869453 869453 869453 869453 869453 411396 262131 4281 2572
Geracao 2870: 869453 869453 869453 869453 869453 869453 869453 411396 2572 1875
Geracao 2871: 869453 869453 869453 869453 869453 869453 869453 1439 364 261
Geracao 2872: 869453 869453 869453 869453 869453 2985 2476 1875 1440 820
Geracao 2873: 869453 869453 869453 869453 869453 869453 411396 411396 1439 1121
Geracao 2874: 869453 869453 869453 869453 869453 869453 297003 262131 195115 390
Geracao 2875: 869453 869453 869453 869453 869453 869453 869453 869453 3237 476
Geracao 2876: 869453 869453 869453 869453 869453 869453 262131 5874 2444 831
Geracao 2877: 869453 869453 869453 869453 869453 869453 869453 1875 476 455
Geracao 2878: 869453 869453 869453 869453 869453 869453 869453 869453 1875 1439
Geracao 2879: 869453 869453 869453 869453 869453 869453 869453 262131 2444 294
Geracao 2880: 869453 869453 869453 869453 869453 869453 869453 869453 174801 334
Geracao 2881: 869453 869453 869453 869453 869453 869453 869453 411396 2444 362
Geracao 2882: 869453 869453 869453 869453 869453 869453 869453 869453 6537 2319
Geracao 2883: 869453 869453 869453 869453 869453 262131 7284 3136 2444 478
Geracao 2884: 869453 869453 869453 869453 869453 869453 869453 1875 1439 386
Geracao 2885: 869453 869453 869453 869453 869453 869453 869453 869453 869453 5857
Geracao 2886: 869453 869453 869453 869453 869453 869453 411396 707 367 326
Geracao 2887: 869453 869453 869453 869453 869453 6586 2400 2280 707 351
Geracao 2888: 869453 869453 869453 869453 869453 869453 869453 869453 411396 2444
Geracao 2889: 869453 869453 869453 869453 869453 869453 2466 1875 1875 394
Geracao 2890: 869453 869453 869453 869453 869453 4440 3136 2444 1486 446
Geracao 2891: 869453 869453 869453 869453 869453 869453 869453 869453 4440 1875
Geracao 2892: 869453 869453 869453 869453 869453 869453 869453 869453 411396 2285
Geracao 2893: 869453 869453 869453 869453 869453 869453 869453 4440 2348 707
Geracao 2894: 869453 869453 869453 869453 869453 869453 869453 869453 869453 2340
Geracao 2895: 869453 869453 869453 869453 869453 869453 869453 869453 3573 1072
Geracao 2896: 869453 869453 869453 869453 869453 869453 869453 4305 3012 932
Geracao 2897: 869453 869453 869453 869453 869453 869453 869453 1439 1100 262
Geracao 2898: 869453 869453 869453 869453 869453 869453 3423 2915 2860 707
Geracao 2899: 869453 869453 869453 869453 869453 869453 869453 1875 625 587
Geracao 2900: 869453 869453 869453 869453 869453 869453 869453 869453 299990 1439
Geracao 2901: 869453 869453 869453 869453 869453 869453 869453 124692 1439 699
Geracao 2902: 869453 869453 869453 869453 869453 869453 2807 2270 1875 707
Geracao 2903: 869453 869453 869453 869453 869453 869453 869453 3364 1104 971
Geracao 2904: 869453 869453 869453 869453 869453 411396 410097 11022 1224 1112
Geracao 2905: 869453 869453 869453 869453 869453 3073 3002 1875 1143 426
Geracao 2906: 869453 869453 869453 869453 869453 869453 869453 2928 2872 1112
Geracao 2907: 869453 869453 869453 869453 869453 869453 869453 869453 869453 753
Geracao 2908: 869453 869453 869453 869453 869453 411396 262131 3136 1875 615
Geracao 2909: 869453 869453 869453 869453 869453 869453 411396 15535 7921 562
Geracao 2910: 869453 869453 869453 869453 869453 869453 869453 110041 778 562
Geracao 2911: 869453 869453 869453 869453 869453 869453 869453 869453 121408 4660
Geracao 2912: 869453 869453 869453 869453 869453 869453 869453 4660 4281 591
Geracao 2913: 869453 869453 869453 869453 869453 869453 411396 411396 483 473
Geracao 2914: 869453 869453 869453 869453 869453 869453 869453 262131 662 473
Geracao 2915: 869453 869453 869453 869453 869453 869453 869453 262131 1036 495
Geracao 2916: 869453 869453 869453 869453 869453 869453 869453 869453 1152 942
Geracao 2917: 869453 869453 869453 869453 869453 470139 1277 506 497 479
Geracao 2918: 869453 869453 869453 869453 869453 869453 869453 3867 614 497
Geracao 2919: 869453 869453 869453 869453 869453 869453 869453 869453 922 842
Geracao 2920: 869453 869453 869453 869453 869453 869453 420995 1184 1008 943
Geracao 2921: 869453 869453 869453 869453 869453 869453 411396 1372 964 805
Geracao 2922: 869453 869453 869453 869453 869453 869453 869453 1326 971 694
Geracao 2923: 869453 869453 869453 869453 869453 869453 869453 869453 4851 977
Geracao 2924: 869453 869453 869453 869453 869453 869453 869453 869453 411396 2830
Geracao 2925: 869453 869453 869453 869453 869453 869453 4660 3617 2646 800
Geracao 2926: 869453 869453 869453 869453 869453 869453 869453 869453 1150 1150
Geracao 2927: 869453 869453 869453 869453 869453 411396 3309 1239 1150 1150
Geracao 2928: 869453 869453 869453 869453 869453 869453 869453 869453 1257 890
Geracao 2929: 869453 869453 869453 869453 869453 869453 3544 1269 1256 385
Geracao 2930: 869453 869453 869453 869453 869453 869453 1875 1256 1150 341
Geracao 2931: 869453 869453 869453 869453 869453 869453 411396 1276 1258 703
Geracao 2932: 869453 869453 869453 869453 869453 869453 120120 5038 385 385
Geracao 2933: 869453 869453 869453 869453 869453 2440 1588 1519 1150 1149
Geracao 2934: 869453 869453 869453 869453 869453 869453 869453 869453 869453 411396
Geracao 2935: 869453 869453 869453 869453 869453 869453 1150 1150 1150 1149
Geracao 2936: 869453 869453 869453 869453 869453 869453 869453 869453 1275 1143
Geracao 2937: 869453 869453 869453 869453 869453 869453 869453 1280 1280 1256
Geracao 2938: 869453 869453 869453 869453 869453 869453 869453 869453 869453 1875
Geracao 2939: 869453 869453 869453 869453 869453 4289 3007 2997 1875 1875
Geracao 2940: 869453 869453 869453 869453 869453 869453 869453 314763 262131 322
Geracao 2941: 869453 869453 869453 869453 262131 262131 9704 2383 652 400
Geracao 2942: 869453 869453 869453 869453 869453 869453 869453 869453 869453 1613
Geracao 2943: 869453 869453 869453 869453 869453 302024 2436 1875 1439 528
Geracao 2944: 869453 869453 869453 869453 869453 869453 3136 2437 688 486
Geracao 2945: 869453 869453 869453 869453 869453 869453 869453 869453 869453 421960
Geracao 2946: 869453 869453 869453 869453 869453 411396 9931 879 530 438
Geracao 2947: 869453 869453 869453 869453 869453 869453 869453 869453 869453 711
Geracao 2948: 869453 869453 869453 869453 869453 869453 869453 869453 852 838
Geracao 2949: 869453 869453 869453 869453 869453 869453 869453 1225 1191 1185
Geracao 2950: 869453 869453 869453 869453 869453 869453 3883 1060 785 481
Geracao 2951: 869453 869453 869453 869453 869453 869453 411396 262131 262131 2442
Geracao 2952: 869453 869453 869453 869453 869453 869453 869453 411396 262131 4281
Geracao 2953: 869453 869453 869453 869453 869453 869453 869453 869453 262131 1225
Geracao 2954: 869453 869453 869453 869453 411396 411396 262131 262131 123047 460
Geracao 2955: 869453 869453 869453 869453 869453 869453 869453 869453 4419 450
Geracao 2956: 869453 869453 869453 869453 869453 869453 869453 262131 11957 450
Geracao 2957: 869453 869453 869453 869453 869453 869453 869453 429436 2926 487
Geracao 2958: 869453 869453 869453 869453 411396 411396 126134 3160 2438 1694
Geracao 2959: 869453 869453 869453 869453 411396 3136 2875 2548 822 476
Geracao 2960: 869453 869453 869453 869453 869453 262131 2548 1875 848 662
Geracao 2961: 869453 869453 869453 869453 869453 869453 2454 1875 1875 495
Geracao 2962: 869453 869453 869453 869453 869453 262131 262131 262131 2561 1875
Geracao 2963: 869453 869453 869453 869453 869453 869453 869453 869453 402477 1875
Geracao 2964: 869453 869453 869453 869453 869453 869453 869453 869453 262131 522
Geracao 2965: 869453 869453 869453 869453 869453 262131 262131 2386 805 622
Geracao 2966: 869453 869453 869453 869453 869453 869453 869453 869453 869453 262131
Geracao 2967: 869453 869453 869453 869453 869453 869453 262131 262131 1189 522
Geracao 2968: 869453 869453 869453 869453 869453 869453 4305 2322 593 522
Geracao 2969: 869453 869453 869453 869453 869453 262131 262131 262131 380 364
Geracao 2970: 869453 869453 869453 869453 869453 869453 869453 869453 3136 2925
Geracao 2971: 869453 869453 869453 869453 869453 869453 869453 869453 3136 896
Geracao 2972: 869453 869453 869453 869453 869453 869453 869453 262131 127001 417
Geracao 2973: 869453 869453 869453 869453 869453 869453 126134 3136 2992 2652
Geracao 2974: 869453 869453 869453 869453 869453 869453 869453 4305 3875 453
Geracao 2975: 869453 869453 869453 869453 869453 869453 869453 869453 1875 361
Geracao 2976: 869453 869453 869453 869453 869453 869453 411396 262131 3734 450
Geracao 2977: 869453 869453 869453 869453 869453 262131 262131 4305 4305 766
Geracao 2978: 869453 869453 869453 869453 869453 411396 2855 2846 2589 2437
Geracao 2979: 869453 869453 869453 869453 869453 869453 869453 1875 541 448
Geracao 2980: 869453 869453 869453 869453 411396 2346 2310 707 489 308
Geracao 2981: 869453 869453 869453 869453 869453 869453 869453 869453 869453 1875
Geracao 2982: 869453 869453 869453 869453 869453 869453 262131 125115 2444 1875
Geracao 2983: 869453 869453 869453 869453 869453 869453 869453 869453 2331 2309
Geracao 2984: 869453 869453 869453 869453 869453 869453 2407 1875 860 688
Geracao 2985: 869453 869453 869453 869453 869453 869453 411396 4321 4321 714
Geracao 2986: 869453 869453 869453 869453 869453 869453 411396 262131 262131 4305
Geracao 2987: 869453 869453 869453 869453 869453 869453 869453 1439 657 315
Geracao 2988: 869453 869453 869453 869453 869453 869453 869453 411396 1439 295
Geracao 2989: 869453 869453 869453 869453 869453 411396 1875 1439 1439 1439
Geracao 2990: 869453 869453 869453 869453 869453 2593 2405 1439 424 295
Geracao 2991: 869453 869453 869453 869453 869453 869453 2549 1280 426 366
Geracao 2992: 869453 869453 869453 869453 869453 869453 869453 411396 262131 696
Geracao 2993: 869453 869453 869453 869453 869453 869453 869453 246116 4121 771
Geracao 2994: 869453 869453 869453 869453 869453 869453 869453 2607 2247 1439
Geracao 2995: 869453 869453 411396 262131 2551 2448 1875 677 548 527
Geracao 2996: 869453 869453 869453 869453 869453 869453 115094 5294 1875 499
Geracao 2997: 869453 869453 869453 869453 869453 869453 411396 134999 2444 2443
Geracao 2998: 869453 869453 869453 869453 869453 869453 1875 1439 300 300
Geracao 2999: 869453 869453 869453 869453 869453 869453 124522 2412 2356 1875
Geracao 3000: 869453 869453 869453 869453 869453 869453 869453 869453 869453 411396
Geracao 3001: 869453 869453 869453 869453 869453 869453 411396 411396 4045 2444
Geracao 3002: 869453 869453 869453 869453 869453 869453 869453 411396 2505 2444
Geracao 3003: 869453 869453 869453 869453 869453 869453 2465 1875 1439 1439
Geracao 3004: 869453 869453 869453 869453 869453 869453 869453 869453 869453 129120
Geracao 3005: 869453 869453 869453 869453 2437 1875 670 670 338 320
Geracao 3006: 869453 869453 869453 428141 411396 5877 2444 2444 1439 343
Geracao 3007: 869453 869453 869453 869453 869453 869453 869453 869453 411396 2874
Geracao 3008: 869453 869453 869453 869453 869453 869453 869453 869453 1875 303
Geracao 3009: 869453 869453 869453 869453 869453 869453 869453 869453 124705 1875
Geracao 3010: 869453 869453 869453 869453 869453 869453 869453 869453 869453 869453
Geracao 3011: 869453 869453 869453 869453 869453 869453 869453 869453 869453 1875
Geracao 3012: 869453 869453 869453 869453 869453 869453 869453 869453 869453 2613
Geracao 3013: 869453 869453 869453 869453 869453 869453 869453 312833 2731 1875
Geracao 3014: 869453 869453 869453 869453 869453 869453 869453 869453 411396 1439
Geracao 3015: 869453 869453 869453 869453 869453 411396 262131 2538 1875 343
Geracao 3016: 869453 869453 869453 869453 869453 869453 869453 869453 2688 2455
Geracao 3017: 869453 869453 869453 869453 411396 2739 2500 1875 1875 613
Geracao 3018: 869453 869453 869453 869453 869453 869453 869453 2876 2437 637
Geracao 3019: 869453 869453 869453 869453 869453 1439 357 269 269 227
Geracao 3020: 869453 869453 869453 869453 869453 424128 274302 9669 2315 1875
Geracao 3021: 869453 869453 869453 869453 869453 869453 869453 411396 3071 269
Geracao 3022: 869453 869453 869453 869453 869453 411396 3579 2480 1875 582
Geracao 3023: 869453 869453 869453 869453 869453 869453 869453 869453 1875 1439
Geracao 3024: 869453 869453 869453 869453 869453 869453 869453 869453 680 331
Geracao 3025: 869453 869453 869453 869453 869453 869453 869453 869453 869453 262131
Geracao 3026: 869453 869453 869453 869453 869453 411396 262131 4305 3583 2575
Geracao 3027: 869453 869453 869453 869453 869453 869453 869453 869453 869453 2374
Geracao 3028: 869453 869453 869453 869453 869453 869453 869453 869453 582 425
Geracao 3029: 869453 869453 869453 869453 869453 869453 869453 869453 9880 3002
Geracao 3030: 869453 869453 869453 869453 869453 869453 723 536 445 380
Geracao 3031: 869453 869453 869453 869453 869453 869453 869453 869453 869453 128421
Geracao 3032: 869453 869453 869453 869453 869453 869453 869453 363343 608 573
Geracao 3033: 869453 869453 869453 869453 869453 869453 869453 2492 1151 474
Geracao 3034: 869453 869453 869453 869453 869453 869453 869453 869453 1236 635
Geracao 3035: 869453 869453 869453 869453 411396 411396 2628 1875 816 730
Geracao 3036: 869453 869453 869453 869453 869453 411396 608 573 573 573
Geracao 3037: 869453 869453 869453 869453 869453 411396 131706 3384 601 573
Geracao 3038: 869453 869453 869453 869453 411396 411396 411396 299985 262131 537
Geracao 3039: 869453 869453 869453 869453 869453 869453 869453 869453 142151 761
Geracao 3040: 869453 869453 869453 869453 869453 869453 869453 869453 869453 573
Geracao 3041: 869453 869453 869453 869453 869453 869453 869453 27311 2636 597
Geracao 3042: 869453 869453 869453 869453 869453 869453 869453 869453 1379 380
Geracao 3043: 869453 869453 869453 869453 869453 869453 869453 869453 869453 1875
Geracao 3044: 869453 869453 869453 869453 69836 8124 4622 2972 380 380
Geracao 3045: 869453 869453 869453 869453 869453 869453 869453 869453 2330 1875
Geracao 3046: 869453 869453 869453 869453 869453 869453 869453 869453 4304 510
Geracao 3047: 869453 869453 869453 869453 5280 3282 2870 1875 631 428
Geracao 3048: 869453 869453 869453 869453 869453 869453 869453 1875 469 469
Geracao 3049: 869453 869453 869453 869453 869453 869453 869453 869453 881 645
Geracao 3050: 869453 869453 869453 869453 869453 869453 869453 869453 869453 469
Geracao 3051: 869453 869453 869453 869453 869453 869453 869453 869453 869453 2531
Geracao 3052: 869453 869453 869453 869453 869453 869453 869453 869453 869453 869453
Geracao 3053: 869453 869453 869453 869453 869453 869453 869453 3136 879 529
Geracao 3054: 869453 869453 869453 869453 869453 869453 869453 43495 2478 932
Geracao 3055: 869453 869453 869453 869453 869453 869453 24837 1118 789 728
Geracao 3056: 869453 869453 869453 869453 869453 262131 2989 1875 805 440
Geracao 3057: 869453 869453 869453 869453 869453 130989 43495 4876 919 883
Geracao 3058: 869453 869453 869453 869453 869453 411396 3985 698 582 565
Geracao 3059: 869453 869453 869453 869453 869453 869453 121122 1875 1618 874
Geracao 3060: 869453 869453 869453 869453 869453 869453 869453 869453 262131 763
Geracao 3061: 869453 869453 869453 869453 869453 869453 869453 262131 7126 402
Geracao 3062: 869453 869453 869453 869453 869453 869453 869453 411396 1875 879
Geracao 3063: 869453 869453 869453 869453 869453 869453 869453 869453 869453 418
Geracao 3064: 869453 869453 869453 869453 869453 43495 1875 1875 931 911
Geracao 3065: 869453 869453 869453 869453 869453 869453 869453 422124 1875 777
Geracao 3066: 869453 869453 869453 869453 869453 869453 126694 3136 2502 1001
Geracao 3067: 869453 869453 869453 869453 869453 869453 869453 869453 1875 1875
Geracao 3068: 869453 869453 869453 869453 869453 869453 869453 869453 2683 471
Geracao 3069: 869453 869453 869453 869453 869453 869453 869453 869453 4851 589
Geracao 3070: 869453 869453 869453 869453 869453 869453 4860 717 711 502
Geracao 3071: 869453 869453 869453 869453 869453 869453 869453 869453 869453 412405
Geracao 3072: 869453 869453 869453 869453 869453 869453 869453 869453 2375 879
Geracao 3073: 869453 869453 869453 869453 869453 869453 869453 869453 869453 367
Geracao 3074: 869453 869453 869453 869453 869453 869453 869453 869453 869453 818392
Geracao 3075: 869453 869453 869453 869453 869453 869453 869453 125133 2442 2375
Geracao 3076: 869453 869453 869453 869453 869453 869453 131706 4305 2868 716
Geracao 3077: 869453 869453 869453 869453 869453 869453 869453 869453 1875 1011
Geracao 3078: 869453 869453 869453 869453 869453 869453 869453 869453 262131 2869
Geracao 3079: 869453 869453 869453 869453 869453 869453 323873 3644 2470 554
Geracao 3080: 869453 869453 869453 869453 869453 869453 869453 869453 3867 2691
Geracao 3081: 869453 869453 869453 869453 869453 869453 869453 2672 1875 716
Geracao 3082: 869453 869453 869453 869453 869453 3136 1143 716 562 476
Geracao 3083: 869453 869453 869453 869453 869453 47592 2853 2533 755 491
Geracao 3084: 869453 869453 869453 869453 869453 869453 869453 869453 1875 491
Geracao 3085: 869453 869453 869453 869453 3136 2483 1875 491 491 479
Geracao 3086: 869453 869453 869453 869453 869453 869453 869453 869453 869453 456
Geracao 3087: 869453 869453 869453 869453 869453 869453 869453 869453 869453 262131
Geracao 3088: 869453 869453 869453 869453 869453 869453 4485 1875 491 477
Geracao 3089: 869453 869453 869453 869453 869453 869453 114912 77833 10711 1875
Geracao 3090: 869453 869453 869453 869453 869453 869453 869453 2997 661 580
Geracao 3091: 869453 869453 869453 869453 869453 869453 869453 869453 4860 377
Geracao 3092: 869453 869453 869453 869453 869453 869453 869453 301000 4561 2631
Geracao 3093: 869453 869453 869453 869453 869453 869453 869453 869453 869453 2544
Geracao 3094: 869453 869453 869453 869453 869453 869453 869453 869453 2653 511
Geracao 3095: 869453 869453 869453 869453 869453 7803 2874 625 586 453
Geracao 3096: 869453 869453 869453 869453 869453 869453 869453 869453 869453 1875
Geracao 3097: 869453 869453 869453 869453 869453 869453 135132 131998 1875 1875
Geracao 3098: 869453 869453 869453 869453 869453 435156 382306 2885 2885 586
Geracao 3099: 869453 869453 869453 869453 869453 869453 869453 869453 869453 2502
Geracao 3100: 869453 869453 869453 869453 869453 869453 869453 411396 4738 2885
Geracao 3101: 869453 869453 869453 869453 869453 869453 869453 869453 869453 411396
Geracao 3102: 869453 869453 869453 869453 869453 411396 586 568 568 564
Geracao 3103: 869453 869453 869453 869453 869453 869453 869453 869453 869453 2926
Geracao 3104: 869453 869453 869453 869453 869453 869453 869453 4905 3136 879
Geracao 3105: 869453 869453 869453 869453 869453 869453 869453 869453 2737 2293
Geracao 3106: 869453 869453 869453 869453 869453 869453 869453 869453 869453 679
Geracao 3107: 869453 869453 869453 869453 869453 869453 869453 262131 1489 490
Geracao 3108: 869453 869453 869453 869453 2722 2605 1875 510 409 375
Geracao 3109: 869453 869453 869453 869453 869453 869453 869453 869453 869453 724
Geracao 3110: 869453 869453 869453 869453 869453 869453 869453 262131 611 605
Geracao 3111: 869453 869453 869453 869453 869453 869453 869453 869453 411396 5273
Geracao 3112: 869453 869453 869453 869453 869453 869453 411396 1875 988 432
Geracao 3113: 869453 869453 869453 869453 869453 869453 869453 869453 869453 116101
Geracao 3114: 869453 869453 869453 869453 869453 869453 869453 2617 2501 879
Geracao 3115: 869453 869453 869453 869453 869453 4444 3136 2664 627 464
Geracao 3116: 869453 869453 869453 869453 869453 869453 9306 7443 2997 284
Geracao 3117: 869453 869453 869453 869453 869453 869453 869453 869453 869453 10465
Geracao 3118: 869453 869453 869453 869453 869453 262131 262131 2505 1875 449
Geracao 3119: 869453 869453 869453 869453 869453 869453 869453 869453 411396 1442
Geracao 3120: 869453 869453 869453 869453 869453 869453 869453 869453 869453 3003
Geracao 3121: 869453 869453 869453 869453 869453 869453 869453 411396 879 490
Geracao 3122: 869453 869453 869453 869453 869453 869453 262131 4281 2348 1875
Geracao 3123: 869453 869453 869453 869453 869453 869453 869453 869453 869453 1875
Geracao 3124: 869453 869453 869453 869453 869453 869453 869453 869453 2491 442
Geracao 3125: 869453 869453 869453 869453 869453 869453 411396 411396 262131 2443
Geracao 3126: 869453 869453 869453 869453 869453 869453 869453 869453 2430 335
Geracao 3127: 869453 869453 869453 869453 869453 869453 869453 411396 621 374
Geracao 3128: 869453 869453 869453 869453 869453 869453 869453 869453 544 323
Geracao 3129: 869453 869453 869453 869453 869453 421908 125995 3976 1099 393
Geracao 3130: 869453 869453 869453 869453 869453 869453 869453 411396 4439 1273
Geracao 3131: 869453 869453 869453 869453 411396 262131 2734 2656 1099 1099
Geracao 3132: 869453 869453 869453 869453 869453 869453 869453 869453 262131 2585
Geracao 3133: 869453 869453 869453 869453 869453 869453 869453 122139 2282 773
Geracao 3134: 869453 869453 869453 869453 869453 869453 869453 869453 7006 2422
Geracao 3135: 869453 869453 869453 869453 869453 869453 869453 869453 801 773
Geracao 3136: 869453 869453 869453 869453 411396 411396 262131 262131 262131 904
Geracao 3137: 869453 869453 869453 869453 869453 869453 1875 987 879 760
Geracao 3138: 869453 869453 869453 869453 869453 869453 869453 869453 3617 2650
Geracao 3139: 869453 869453 869453 869453 869453 869453 411396 2330 1875 1459
Geracao 3140: 869453 869453 869453 869453 3261 2443 2405 916 787 741
Geracao 3141: 869453 869453 869453 869453 869453 869453 869453 869453 1439 454
Geracao 3142: 869453 869453 869453 869453 869453 869453 869453 3136 555 521
Geracao 3143: 869453 869453 869453 869453 869453 869453 869453 411396 411396 1875
Geracao 3144: 869453 869453 869453 869453 869453 869453 2740 674 639 546
Geracao 3145: 869453 869453 869453 397972 3534 3024 874 694 685 528
Geracao 3146: 869453 869453 869453 869453 869453 869453 869453 869453 4287 615
Geracao 3147: 869453 869453 869453 869453 869453 869453 6932 3019 1359 635
Geracao 3148: 869453 869453 869453 869453 869453 869453 869453 869453 411396 411396
Geracao 3149: 869453 869453 869453 869453 869453 869453 869453 869453 411396 2522
Geracao 3150: 869453 869453 869453 869453 869453 869453 411396 411396 6102 894
Geracao 3151: 869453 869453 869453 869453 869453 869453 895 641 600 428
Geracao 3152: 869453 869453 869453 869453 869453 869453 869453 869453 411396 559
Geracao 3153: 869453 869453 869453 869453 869453 869453 1979 1923 1875 1776
Geracao 3154: 869453 869453 869453 869453 869453 2339 1875 1439 763 343
Geracao 3155: 869453 869453 869453 869453 869453 869453 869453 869453 863 775
Geracao 3156: 869453 869453 869453 869453 869453 581154 377302 27407 1095 1026
Geracao 3157: 869453 869453 869453 869453 869453 869453 869453 21270 2921 1677
Geracao 3158: 869453 869453 869453 869453 869453 869453 869453 869453 411396 3006
Geracao 3159: 869453 869453 869453 869453 869453 869453 422550 421127 262131 1303
Geracao 3160: 869453 869453 869453 869453 869453 869453 869453 411396 3002 2533
Geracao 3161: 869453 869453 869453 869453 869453 869453 869453 262131 262131 433
Geracao 3162: 869453 869453 869453 869453 869453 869453 869453 869453 869453 1875
Geracao 3163: 869453 869453 869453 869453 869453 869453 372283 125002 6542 3001
Geracao 3164: 869453 869453 869453 869453 869453 869453 869453 869453 869453 262131
Geracao 3165: 869453 869453 869453 869453 869453 869453 2679 2544 2544 879
Geracao 3166: 869453 869453 869453 869453 869453 869453 869453 869453 869453 3071
Geracao 3167: 869453 869453 869453 869453 869453 869453 869453 869453 869453 262131
Geracao 3168: 869453 869453 869453 869453 869453 869453 869453 869453 869453 1439
Geracao 3169: 869453 869453 869453 869453 869453 869453 869453 411396 68034 2483
Geracao 3170: 869453 869453 869453 869453 869453 869453 1875 1591 879 326
Geracao 3171: 869453 869453 869453 869453 84137 2544 2544 2544 2544 596
Geracao 3172: 869453 869453 869453 869453 869453 869453 869453 869453 869453 869453
Geracao 3173: 869453 869453 869453 869453 869453 869453 869453 411396 2969 2544
Geracao 3174: 869453 869453 869453 869453 869453 869453 262131 2544 2544 2544
Geracao 3175: 869453 869453 869453 869453 869453 869453 869453 869453 869453 869453
Geracao 3176: 869453 869453 869453 869453 869453 869453 869453 869453 411396 8353
Geracao 3177: 869453 869453 869453 869453 411396 5157 2444 1875 1439 1044
Geracao 3178: 869453 869453 869453 869453 869453 869453 869453 869453 5447 1439
Geracao 3179: 869453 869453 869453 869453 869453 869453 869453 423426 3873 1353
Geracao 3180: 869453 869453 869453 869453 869453 869453 869453 411396 2378 2296
Geracao 3181: 869453 869453 869453 869453 869453 869453 869453 262131 2361 684
Geracao 3182: 869453 869453 869453 869453 869453 869453 869453 2914 2444 1439
Geracao 3183: 869453 869453 869453 869453 869453 869453 869453 411396 2444 1875
Geracao 3184: 869453 869453 869453 869453 869453 869453 2468 1875 1439 879
Geracao 3185: 869453 869453 869453 869453 869453 869453 869453 869453 4876 634
Geracao 3186: 869453 869453 869453 869453 869453 869453 2587 563 557 503
Geracao 3187: 869453 869453 869453 869453 869453 869453 411396 877 472 429
Geracao 3188: 869453 869453 869453 869453 869453 869453 411396 130994 2755 451
Geracao 3189: 869453 869453 869453 869453 869453 869453 869453 2620 676 641
Geracao 3190: 869453 869453 869453 869453 869453 869453 869453 555 543 396
Geracao 3191: 869453 869453 869453 869453 869453 869453 869453 5469 3867 839
Geracao 3192: 869453 869453 869453 869453 869453 869453 869453 3867 2514 419
Geracao 3193: 869453 869453 869453 869453 869453 869453 411396 351927 2523 2444
Geracao 3194: 869453 869453 869453 869453 869453 869453 869453 869453 869453 1875
Geracao 3195: 869453 869453 869453 869453 869453 869453 869453 869453 869453 2555
Geracao 3196: 869453 869453 869453 869453 869453 869453 869453 869453 869453 411396
Geracao 3197: 869453 869453 869453 869453 688271 262131 11877 2599 405 393
Geracao 3198: 869453 869453 869453 869453 869453 869453 869453 262131 3298 1875
Geracao 3199: 869453 869453 869453 869453 869453 869453 869453 411396 1875 523
Geracao 3200: 869453 869453 869453 869453 869453 869453 869453 869453 5874 591
Geracao 3201: 869453 869453 869453 869453 869453 869453 411396 262131 2483 1875
Geracao 3202: 869453 869453 869453 869453 869453 2635 1439 547 406 294
Geracao 3203: 869453 869453 869453 411396 262131 262131 262131 262131 1439 444
Geracao 3204: 869453 869453 869453 869453 869453 869453 869453 411396 2272 288
Geracao 3205: 869453 869453 869453 869453 869453 869453 869453 869453 262131 1875
Geracao 3206: 869453 869453 869453 869453 869453 411396 3862 3014 2350 253
Geracao 3207: 869453 869453 869453 869453 869453 869453 869453 262131 1875 1875
Geracao 3208: 869453 869453 869453 869453 869453 869453 869453 869453 2496 629
Geracao 3209: 869453 869453 869453 869453 869453 869453 250125 700 511 400
Geracao 3210: 869453 869453 869453 869453 869453 869453 869453 869453 869453 473
Geracao 3211: 869453 869453 869453 869453 869453 869453 869453 869453 411396 454
Geracao 3212: 869453 869453 869453 869453 869453 869453 869453 869453 869453 3281
Geracao 3213: 869453 869453 869453 869453 869453 869453 436022 104994 1875 824
Geracao 3214: 869453 869453 869453 869453 869453 869453 869453 869453 869453 2998
Geracao 3215: 869453 869453 869453 869453 411396 411396 1875 892 598 467
Geracao 3216: 869453 869453 869453 869453 869453 869453 869453 869453 869453 3976
Geracao 3217: 869453 869453 869453 869453 869453 869453 869453 411396 4305 3281
Geracao 3218: 869453 869453 869453 869453 869453 869453 869453 869453 2537 527
Geracao 3219: 869453 869453 869453 869453 869453 869453 869453 262131 564 327
Geracao 3220: 869453 869453 869453 869453 869453 869453 869453 869453 869453 411396
Geracao 3221: 869453 869453 869453 869453 869453 869453 869453 2622 2569 1875
Geracao 3222: 869453 869453 869453 869453 869453 869453 411396 411396 35547 2673
Geracao 3223: 869453 869453 869453 869453 869453 869453 869453 2628 582 390
Geracao 3224: 869453 869453 869453 869453 869453 869453 1875 1577 515 483
Geracao 3225: 869453 869453 869453 869453 869453 869453 130998 122127 2756 2281
Geracao 3226: 869453 869453 869453 869453 869453 869453 869453 411396 2588 661
Geracao 3227: 869453 869453 869453 869453 869453 411396 3874 3760 2760 690
Geracao 3228: 869453 869453 869453 869453 869453 869453 869453 411396 1875 788
Geracao 3229: 869453 869453 869453 869453 869453 869453 3151 2588 2588 1439
Geracao 3230: 869453 869453 869453 869453 869453 869453 869453 869453 869453 869453
Geracao 3231: 869453 869453 869453 869453 869453 411396 4868 4480 3305 2588
Geracao 3232: 869453 869453 869453 869453 869453 869453 869453 869453 2588 314
Geracao 3233: 869453 869453 869453 869453 4045 3427 2874 2588 1875 341
Geracao 3234: 869453 869453 869453 869453 869453 869453 869453 2580 1875 703
Geracao 3235: 869453 869453 869453 869453 869453 869453 869453 869453 869453 869453
Geracao 3236: 869453 869453 869453 869453 869453 869453 129148 4871 2583 1875
Geracao 3237: 869453 869453 869453 869453 869453 869453 869453 869453 117112 772
Geracao 3238: 869453 869453 869453 869453 869453 869453 869453 869453 869453 411
Geracao 3239: 869453 869453 869453 869453 869453 869453 869453 869453 869453 869453
Geracao 3240: 869453 869453 869453 869453 869453 869453 869453 869453 411396 3136
Geracao 3241: 869453 869453 869453 869453 869453 869453 869453 411396 4988 2398
Geracao 3242: 869453 869453 869453 869453 869453 869453 411396 306441 574 561
Geracao 3243: 869453 869453 869453 869453 869453 869453 869453 869453 2470 879
Geracao 3244: 869453 869453 869453 869453 869453 869453 869453 869453 2773 1439
Geracao 3245: 869453 869453 869453 869453 869453 411982 264153 5906 577 501
Geracao 3246: 869453 869453 869453 869453 869453 869453 869453 869453 6900 395
Geracao 3247: 869453 869453 869453 869453 869453 869453 869453 869453 411396 2900
Geracao 3248: 869453 869453 869453 869453 869453 869453 869453 413096 2688 837
Geracao 3249: 869453 869453 869453 869453 869453 869453 869453 869453 411396 804
Geracao 3250: 869453 869453 869453 869453 869453 869453 869453 869453 869453 869453
Geracao 3251: 869453 869453 869453 869453 869453 869453 869453 2588 1875 337
Geracao 3252: 869453 869453 869453 869453 869453 869453 869453 425001 2857 282
Geracao 3253: 869453 869453 869453 869453 869453 869453 869453 869453 869453 618
Geracao 3254: 869453 869453 869453 869453 869453 869453 121417 2315 1439 619
Geracao 3255: 869453 869453 869453 869453 869453 869453 869453 869453 121417 1875
Geracao 3256: 869453 869453 869453 869453 869453 869453 869453 1439 533 477
Geracao 3257: 869453 869453 869453 869453 869453 869453 869453 869453 2456 1875
Geracao 3258: 869453 869453 869453 869453 869453 869453 869453 411396 612 520
Geracao 3259: 869453 869453 869453 869453 869453 869453 869453 10555 7495 2543
Geracao 3260: 869453 869453 869453 869453 869453 869453 2445 1439 477 418
Geracao 3261: 869453 869453 869453 869453 869453 869453 869453 869453 262131 262131
Geracao 3262: 869453 869453 869453 869453 869453 869453 262131 262131 6127 2377
Geracao 3263: 869453 869453 869453 869453 869453 869453 411396 262131 2448 606
Geracao 3264: 869453 869453 869453 869453 869453 869453 2454 1875 600 336
Geracao 3265: 869453 869453 869453 869453 312049 2657 2534 1875 581 303
Geracao 3266: 869453 869453 869453 869453 869453 869453 2788 1875 879 440
Geracao 3267: 869453 869453 869453 869453 869453 869453 869453 869453 869453 10564
Geracao 3268: 869453 869453 869453 869453 869453 869453 869453 411396 2435 1875
Geracao 3269: 869453 869453 869453 869453 869453 869453 869453 869453 491 441
Geracao 3270: 869453 869453 869453 869453 869453 869453 869453 869453 869453 1875
Geracao 3271: 869453 869453 869453 869453 869453 869453 869453 869453 411396 558
Geracao 3272: 869453 869453 869453 869453 869453 869453 411396 8451 2426 1875
Geracao 3273: 869453 869453 869453 869453 869453 869453 869453 869453 1875 447
Geracao 3274: 869453 869453 869453 869453 869453 869453 869453 411396 465 428
Geracao 3275: 869453 869453 869453 869453 869453 869453 869453 98853 299 257
Geracao 3276: 869453 869453 869453 869453 869453 869453 869453 869453 869453 411396
Geracao 3277: 869453 869453 869453 869453 869453 869453 869453 869453 2392 344
Geracao 3278: 869453 869453 869453 869453 869453 869453 411396 411396 458 386
Geracao 3279: 869453 869453 869453 869453 869453 869453 869453 869453 262131 828
Geracao 3280: 869453 869453 869453 869453 869453 869453 869453 262131 126707 570
Geracao 3281: 869453 869453 869453 869453 869453 869453 411396 2699 2641 488
Geracao 3282: 869453 869453 869453 869453 869453 377393 133014 1439 713 366
Geracao 3283: 869453 869453 869453 869453 869453 869453 411396 4305 879 522
Geracao 3284: 869453 869453 869453 869453 869453 869453 411396 1875 403 267
Geracao 3285: 869453 869453 869453 869453 869453 869453 869453 869453 869453 869453
Geracao 3286: 869453 869453 869453 869453 869453 869453 869453 869453 2440 1875
Geracao 3287: 869453 869453 869453 869453 869453 869453 262131 4875 2379 325
Geracao 3288: 869453 869453 869453 869453 869453 869453 123344 7126 602 528
Geracao 3289: 869453 869453 869453 869453 869453 869453 869453 869453 262131 2509
Geracao 3290: 869453 869453 869453 869453 869453 869453 869453 847425 262131 1875
Geracao 3291: 869453 869453 869453 869453 869453 423126 411396 2430 1875 512
Geracao 3292: 869453 869453 869453 869453 869453 869453 869453 411396 262131 2547
Geracao 3293: 869453 869453 869453 869453 869453 869453 410101 3437 2445 607
Geracao 3294: 869453 869453 869453 869453 869453 869453 869453 869453 131706 288
Geracao 3295: 869453 869453 869453 869453 869453 5344 2418 643 617 363
Geracao 3296: 869453 869453 869453 869453 869453 869453 411396 2443 1875 1628
Geracao 3297: 869453 869453 869453 869453 869453 869453 869453 869453 3927 436
Geracao 3298: 869453 869453 869453 869453 869453 869453 2402 774 528 281
Geracao 3299: 869453 869453 869453 869453 869453 869453 4305 2760 1439 1439
Geracao 3300: 869453 869453 869453 869453 869453 869453 869453 869453 199435 2406
Geracao 3301: 869453 869453 869453 869453 869453 869453 869453 2439 1875 1875
Geracao 3302: 869453 869453 869453 869453 869453 869453 869453 869453 869453 2478
Geracao 3303: 869453 869453 869453 869453 869453 869453 869453 869453 411396 6087
Geracao 3304: 869453 869453 869453 869453 869453 869453 869453 3001 2666 1875
Geracao 3305: 869453 869453 869453 869453 869453 10696 2362 2288 879 307
Geracao 3306: 869453 869453 869453 869453 869453 869453 4305 4305 1711 243
Geracao 3307: 869453 869453 869453 869453 869453 869453 869453 869453 812 639
Geracao 3308: 869453 869453 869453 869453 869453 869453 869453 2567 2438 314
Geracao 3309: 869453 869453 869453 869453 869453 869453 869453 869453 2356 2297
Geracao 3310: 869453 869453 869453 869453 411396 262131 2416 2358 2308 372
Geracao 3311: 869453 869453 869453 869453 869453 869453 411396 1875 1467 935
Geracao 3312: 869453 869453 869453 869453 869453 869453 869453 869453 869453 2655
Geracao 3313: 869453 869453 869453 869453 869453 869453 869453 869453 869453 8337
Geracao 3314: 869453 869453 869453 869453 869453 869453 869453 869453 869453 879
Geracao 3315: 869453 869453 869453 869453 869453 869453 869453 262131 2335 983
Geracao 3316: 869453 869453 869453 869453 869453 869453 869453 869453 869453 2398
Geracao 3317: 869453 869453 869453 869453 869453 869453 869453 869453 869453 590
Geracao 3318: 869453 869453 869453 869453 869453 262131 29130 996 437 432
Geracao 3319: 869453 869453 869453 869453 869453 869453 869453 411396 2428 498
Geracao 3320: 869453 869453 869453 869453 869453 869453 869453 869453 262131 9568
Geracao 3321: 869453 869453 869453 869453 869453 869453 869453 9568 4305 467
Geracao 3322: 869453 869453 869453 869453 869453 869453 869453 869453 12215 926
Geracao 3323: 869453 869453 869453 869453 869453 869453 869453 869453 869453 407
Geracao 3324: 869453 869453 869453 869453 869453 869453 869453 2876 1875 1875
Geracao 3325: 869453 869453 869453 411396 294961 131712 2940 2914 2094 1875
Geracao 3326: 869453 869453 869453 869453 869453 869453 129129 7338 2759 622
Geracao 3327: 869453 869453 869453 869453 869453 869453 869453 411396 823 441
Geracao 3328: 869453 869453 869453 869453 869453 869453 3872 3136 2094 2094
Geracao 3329: 869453 869453 869453 869453 869453 869453 869453 869453 869453 678249
Geracao 3330: 869453 869453 869453 869453 869453 869453 869453 1609 464 374
Geracao 3331: 869453 869453 869453 869453 869453 869453 132009 3136 1609 584
Geracao 3332: 869453 869453 869453 869453 869453 869453 262131 5123 879 746
Geracao 3333: 869453 869453 869453 869453 869453 869453 869453 4071 2695 882
Geracao 3334: 869453 869453 869453 869453 869453 262131 2733 2733 460 348
Geracao 3335: 869453 869453 869453 869453 869453 869453 4442 1875 463 453
Geracao 3336: 869453 869453 869453 869453 869453 869453 869453 2094 1875 642
Geracao 3337: 869453 869453 869453 869453 869453 262131 5036 3229 2618 1579
Geracao 3338: 869453 869453 869453 869453 869453 869453 869453 869453 869453 3491
Geracao 3339: 869453 869453 869453 869453 869453 869453 869453 262131 450 307
Geracao 3340: 869453 869453 869453 869453 869453 869453 869453 262131 4281 578
Geracao 3341: 869453 869453 869453 869453 869453 869453 869453 869453 422419 3229
Geracao 3342: 869453 869453 869453 869453 869453 869453 869453 262131 3229 2005
Geracao 3343: 869453 869453 869453 869453 869453 869453 869453 869453 262131 1875
Geracao 3344: 869453 869453 869453 869453 869453 869453 124544 3136 2757 782
Geracao 3345: 869453 869453 869453 869453 869453 869453 869453 869453 869453 1439
Geracao 3346: 869453 869453 869453 869453 869453 869453 262131 2438 1875 535
Geracao 3347: 869453 869453 869453 869453 869453 262131 84644 2379 2379 535
Geracao 3348: 869453 869453 869453 869453 869453 869453 869453 879 712 475
Geracao 3349: 869453 869453 869453 869453 869453 869453 869453 869453 869453 869453
Geracao 3350: 869453 869453 869453 869453 869453 869453 411396 262131 121112 2458
Geracao 3351: 869453 869453 869453 869453 869453 869453 869453 869453 262131 2312
Geracao 3352: 869453 869453 869453 869453 869453 411396 411396 262131 262131 1875
Geracao 3353: 869453 869453 869453 869453 869453 869453 869453 869453 869453 869453
Geracao 3354: 869453 869453 869453 869453 411396 4875 4281 3875 1362 326
Geracao 3355: 869453 869453 869453 869453 869453 869453 869453 869453 869453 326
Geracao 3356: 869453 869453 869453 869453 869453 869453 869453 869453 411396 984
Geracao 3357: 869453 869453 869453 869453 869453 869453 869453 262131 1737 589
Geracao 3358: 869453 869453 869453 869453 869453 869453 262131 72688 1041 487
Geracao 3359: 869453 869453 869453 869453 869453 869453 869453 869453 869453 482
Geracao 3360: 869453 869453 869453 869453 869453 869453 869453 869453 869453 436156
Geracao 3361: 869453 869453 869453 869453 869453 869453 869453 869453 869453 411396
Geracao 3362: 869453 869453 869453 869453 869453 869453 869453 869453 384 282
Geracao 3363: 869453 869453 869453 869453 869453 869453 115087 3636 699 282
Geracao 3364: 869453 869453 869453 869453 869453 135162 4929 3551 1587 361
Geracao 3365: 869453 869453 869453 869453 869453 869453 869453 411396 4944 604
Geracao 3366: 869453 869453 869453 869453 869453 869453 9704 3857 1042 432
Geracao 3367: 869453 869453 869453 869453 869453 262131 262131 2952 2298 414
Geracao 3368: 869453 869453 869453 869453 411396 411396 34132 2713 1875 531
Geracao 3369: 869453 869453 869453 869453 869453 135026 3136 3001 2521 2334
Geracao 3370: 869453 869453 869453 869453 869453 869453 2686 2444 1875 546
Geracao 3371: 869453 869453 869453 869453 869453 869453 2544 1460 1330 488
Geracao 3372: 869453 869453 869453 869453 869453 411396 4943 1875 1010 512
Geracao 3373: 869453 869453 869453 869453 869453 869453 869453 869453 869453 869453
Geracao 3374: 869453 869453 869453 869453 869453 869453 869453 113295 3857 2406
Geracao 3375: 869453 869453 869453 869453 869453 411396 3040 2585 2351 393
Geracao 3376: 869453 411396 9098 3055 2678 2493 1875 1629 892 711
Geracao 3377: 869453 869453 869453 869453 869453 869453 411396 411396 411396 411396
Geracao 3378: 869453 869453 869453 869453 869453 869453 869453 869453 869453 262131
Geracao 3379: 869453 869453 869453 869453 869453 869453 869453 420414 411396 934
Geracao 3380: 869453 869453 869453 869453 869453 869453 869453 9704 1610 716
Geracao 3381: 869453 869453 869453 869453 869453 869453 411396 262131 2512 1204
Geracao 3382: 869453 869453 869453 869453 869453 869453 411396 411396 6849 3857
Geracao 3383: 869453 869453 869453 869453 869453 869453 869453 869453 411396 5866
Geracao 3384: 869453 869453 869453 869453 869453 869453 869453 4086 1439 454
Geracao 3385: 869453 869453 869453 869453 869453 869453 869453 869453 411396 262131
Geracao 3386: 869453 869453 869453 869453 869453 869453 869453 1439 551 334
Geracao 3387: 869453 869453 869453 869453 869453 869453 869453 262131 262131 1526
Geracao 3388: 869453 869453 869453 869453 869453 869453 869453 869453 1413 879
Geracao 3389: 869453 869453 869453 869453 869453 869453 869453 869453 262131 2463
Geracao 3390: 869453 869453 869453 869453 869453 869453 262131 1960 1276 1188
Geracao 3391: 869453 869453 869453 869453 411396 3136 1612 1612 1557 1270
Geracao 3392: 869453 869453 869453 869453 869453 422308 262131 4876 1522 1277
Geracao 3393: 869453 869453 869453 869453 869453 869453 262131 1694 1277 500
Geracao 3394: 869453 869453 869453 869453 869453 262131 141007 2673 2304 787
Geracao 3395: 869453 869453 869453 869453 869453 869453 411396 4173 1875 645
Geracao 3396: 869453 869453 869453 869453 262131 1803 1498 1408 1033 576
Geracao 3397: 869453 869453 869453 869453 869453 869453 1829 1595 908 713
Geracao 3398: 869453 869453 869453 869453 869453 869453 869453 1875 1550 888
Geracao 3399: 869453 869453 869453 869453 422123 3512 1527 1522 1474 687
Geracao 3400: 869453 869453 869453 869453 3674 2689 1689 1622 1586 943
Geracao 3401: 869453 869453 869453 869453 869453 869453 5493 1591 986 674
Geracao 3402: 869453 869453 869453 869453 869453 869453 869453 9704 3136 1965
Geracao 3403: 869453 869453 869453 869453 869453 411988 2950 1875 1390 1390
Geracao 3404: 869453 869453 869453 869453 869453 869453 132001 3136 1806 1802
Geracao 3405: 869453 869453 869453 869453 869453 869453 869453 1807 1258 403
Geracao 3406: 869453 869453 869453 869453 420120 3725 1875 1875 678 636
Geracao 3407: 869453 869453 869453 869453 869453 3536 1980 1875 1736 1557
Geracao 3408: 869453 869453 869453 869453 869453 9566 2294 1888 1638 303
Geracao 3409: 869453 869453 869453 869453 869453 869453 869453 869453 1083 611
Geracao 3410: 869453 869453 869453 869453 869453 2714 2452 1147 1015 348
Geracao 3411: 869453 869453 869453 869453 869453 869453 869453 869453 262131 590
Geracao 3412: 869453 869453 869453 869453 869453 869453 869453 423126 3273 1357
Geracao 3413: 869453 869453 869453 869453 869453 97900 3136 1223 522 519
Geracao 3414: 869453 869453 869453 869453 869453 869453 869453 425001 2350 369
Geracao 3415: 869453 869453 869453 869453 869453 869453 295414 1875 1573 1270
Geracao 3416: 869453 869453 869453 869453 869453 869453 423129 2469 2424 1875
Geracao 3417: 869453 869453 869453 869453 869453 293115 9115 5996 2788 519
Geracao 3418: 869453 869453 869453 869453 869453 869453 869453 869453 869453 262131
Geracao 3419: 869453 869453 869453 869453 869453 869453 869453 411396 517 336
Geracao 3420: 869453 869453 869453 869453 869453 869453 869453 869453 869453 869453
Geracao 3421: 869453 869453 869453 869453 3985 3136 2043 646 533 303
Geracao 3422: 869453 869453 869453 869453 2706 2706 2706 2447 1439 628
Geracao 3423: 869453 869453 869453 869453 869453 869453 869453 262131 2866 628
Geracao 3424: 869453 869453 869453 869453 869453 869453 869453 869453 130119 2397
Geracao 3425: 869453 869453 869453 869453 869453 262131 2975 1875 1875 433
Geracao 3426: 869453 869453 869453 869453 869453 869453 247128 122120 13961 628
Geracao 3427: 869453 869453 869453 869453 411396 3444 1439 1007 664 451
Geracao 3428: 869453 869453 869453 869453 869453 869453 869453 262131 2439 551
Geracao 3429: 869453 869453 869453 869453 869453 869453 869453 2429 1439 591
Geracao 3430: 869453 869453 869453 869453 869453 869453 869453 869453 398976 712
Geracao 3431: 869453 869453 869453 869453 869453 419426 419413 244112 1071 683
Geracao 3432: 869453 869453 869453 869453 869453 869453 869453 133125 130413 126134
Geracao 3433: 869453 869453 869453 869453 869453 869453 262131 111101 915 576
Geracao 3434: 869453 869453 869453 869453 869453 869453 411396 787 728 728
Geracao 3435: 869453 869453 869453 869453 869453 869453 869453 414105 4876 2388
Geracao 3436: 869453 869453 869453 869453 869453 869453 869453 869453 869453 566
Geracao 3437: 869453 869453 869453 869453 869453 869453 869453 869453 130130 1875
Geracao 3438: 869453 869453 869453 869453 869453 869453 869453 3864 2429 2429
Geracao 3439: 869453 869453 869453 869453 869453 869453 869453 869453 3664 1439
Geracao 3440: 869453 869453 869453 869453 869453 869453 869453 869453 869453 411396
Geracao 3441: 869453 869453 869453 869453 869453 869453 869453 869453 1577 879
Geracao 3442: 869453 869453 869453 869453 869453 869453 869453 869453 869453 2849
Geracao 3443: 869453 869453 869453 869453 869453 869453 869453 869453 869453 2722
Geracao 3444: 869453 869453 869453 869453 869453 429441 423127 33128 1371 491
Geracao 3445: 869453 869453 869453 869453 869453 869453 411396 1875 1875 1875
Geracao 3446: 869453 869453 869453 869453 869453 4855 1679 1092 930 838
Geracao 3447: 869453 869453 869453 869453 2737 1723 1113 929 874 723
Geracao 3448: 869453 869453 134131 3136 3003 1120 980 929 833 687
Geracao 3449: 869453 869453 869453 869453 869453 869453 262131 2640 928 698
Geracao 3450: 869453 869453 869453 869453 2640 2640 2103 630 630 381
Geracao 3451: 869453 869453 869453 869453 869453 869453 2575 1750 650 647
Geracao 3452: 869453 869453 869453 869453 869453 869453 869453 869453 411396 485
Geracao 3453: 869453 869453 869453 869453 869453 869453 869453 869453 411396 1875
Geracao 3454: 869453 869453 869453 869453 869453 869453 869453 869453 1439 499
Geracao 3455: 869453 869453 869453 869453 869453 262131 262131 2680 2457 674
Geracao 3456: 869453 869453 869453 869453 869453 869453 869453 869453 869453 869453
Geracao 3457: 869453 869453 869453 869453 869453 869453 869453 869453 1500 772
Geracao 3458: 869453 869453 869453 869453 869453 869453 869453 869453 869453 413398
Geracao 3459: 869453 869453 869453 869453 869453 869453 2276 1875 1439 1365
Geracao 3460: 869453 869453 869453 869453 869453 411396 411396 2444 879 289
Geracao 3461: 869453 869453 869453 869453 869453 869453 411396 1439 399 289
Geracao 3462: 869453 869453 869453 869453 869453 869453 869453 869453 2253 434
Geracao 3463: 869453 869453 869453 869453 869453 869453 411396 3136 1875 370
Geracao 3464: 869453 869453 869453 869453 869453 869453 869453 12055 2444 1875
Geracao 3465: 869453 869453 869453 869453 869453 869453 869453 869453 2555 2358
Geracao 3466: 869453 869453 869453 869453 869453 869453 869453 3136 956 496
Geracao 3467: 869453 869453 869453 869453 869453 869453 869453 869453 4878 4281
Geracao 3468: 869453 869453 869453 869453 869453 869453 262131 1875 496 485
Geracao 3469: 869453 869453 869453 869453 869453 869453 869453 869453 869453 2437
Geracao 3470: 869453 869453 869453 869453 869453 869453 2524 1439 1077 382
Geracao 3471: 869453 869453 869453 869453 869453 869453 9658 4305 2319 333
Geracao 3472: 869453 869453 869453 869453 869453 869453 869453 3138 664 522
Geracao 3473: 869453 869453 869453 869453 869453 5872 2874 513 405 376
Geracao 3474: 869453 869453 869453 869453 869453 869453 869453 869453 869453 579
Geracao 3475: 869453 869453 869453 869453 869453 869453 869453 2876 2874 427
Geracao 3476: 869453 869453 869453 869453 869453 869453 869453 869453 1229 1064
Geracao 3477: 869453 869453 869453 869453 670325 411396 411396 4697 1290 1087
Geracao 3478: 869453 869453 869453 869453 869453 869453 869453 869453 1189 1032
Geracao 3479: 869453 869453 869453 869453 869453 869453 869453 869453 2549 906
Geracao 3480: 869453 869453 869453 869453 869453 869453 411396 3722 2513 468
Geracao 3481: 869453 869453 869453 869453 869453 869453 869453 5306 2842 2814
Geracao 3482: 869453 869453 869453 869453 869453 869453 869453 869453 537068 1113
Geracao 3483: 869453 869453 869453 869453 869453 869453 869453 869453 411396 311
Geracao 3484: 869453 869453 869453 869453 869453 2760 2377 1875 1875 325
Geracao 3485: 869453 869453 869453 869453 869453 869453 869453 869453 869453 636
Geracao 3486: 869453 869453 869453 869453 869453 869453 124115 3024 2771 2462
Geracao 3487: 869453 869453 869453 869453 869453 869453 869453 3136 2992 502
Geracao 3488: 869453 869453 869453 869453 869453 869453 869453 11877 2493 2437
Geracao 3489: 869453 869453 869453 869453 869453 869453 869453 869453 4848 357
Geracao 3490: 869453 869453 869453 869453 869453 869453 869453 869453 440 308
Geracao 3491: 869453 869453 869453 869453 869453 3116 2447 2342 659 569
Geracao 3492: 869453 869453 869453 869453 869453 411396 411396 2439 376 312
Geracao 3493: 869453 869453 869453 869453 869453 869453 411396 411396 411396 2444
Geracao 3494: 869453 869453 869453 869453 869453 869453 869453 869453 869453 533
Geracao 3495: 869453 869453 869453 869453 869453 869453 869453 869453 879 470
Geracao 3496: 869453 869453 869453 869453 869453 869453 869453 869453 1880 433
Geracao 3497: 869453 869453 869453 869453 869453 869453 869453 869453 13949 731
Geracao 3498: 869453 869453 869453 869453 869453 869453 3001 716 504 472
Geracao 3499: 869453 869453 869453 869453 869453 869453 869453 411396 2708 531
Geracao 3500: 869453 869453 869453 869453 869453 869453 869453 869453 4710 1875
Geracao 3501: 869453 869453 869453 869453 869453 869453 869453 869453 686 562
Geracao 3502: 869453 869453 869453 869453 869453 869453 869453 869453 869453 575
Geracao 3503: 869453 869453 869453 869453 869453 869453 869453 869453 869453 434
Geracao 3504: 869453 869453 869453 869453 869453 869453 869453 1439 590 345
Geracao 3505: 869453 869453 869453 869453 869453 869453 5308 2394 796 590
Geracao 3506: 869453 869453 869453 869453 869453 869453 869453 3875 782 457
Geracao 3507: 869453 869453 869453 869453 869453 869453 411396 10786 492 354
Geracao 3508: 869453 869453 869453 869453 869453 2529 879 751 567 559
Geracao 3509: 869453 869453 869453 869453 869453 869453 869453 2809 1875 893
Geracao 3510: 869453 869453 869453 869453 869453 869453 1875 1439 876 442
Geracao 3511: 869453 869453 869453 869453 869453 869453 869453 2714 848 483
Geracao 3512: 869453 869453 869453 869453 869453 869453 869453 869453 869453 411396
Geracao 3513: 869453 869453 869453 869453 869453 869453 869453 2831 2550 2444
Geracao 3514: 869453 869453 869453 869453 869453 869453 2996 2337 1439 879
Geracao 3515: 869453 869453 869453 869453 869453 411396 411396 359400 1439 259
Geracao 3516: 869453 869453 869453 869453 869453 869453 411396 2270 314 244
Geracao 3517: 869453 869453 869453 869453 869453 869453 869453 869453 2444 2363
Geracao 3518: 869453 869453 869453 869453 869453 869453 869453 869453 869453 1056
Geracao 3519: 869453 869453 869453 869453 869453 869453 3717 2439 1439 1439
Geracao 3520: 869453 869453 869453 869453 869453 869453 869453 869453 869453 422
Geracao 3521: 869453 869453 869453 869453 869453 869453 411396 411396 731 646
Geracao 3522: 869453 869453 869453 869453 869453 869453 411396 2750 1439 731
Geracao 3523: 869453 869453 869453 869453 869453 412099 411396 78924 2733 731
Geracao 3524: 869453 869453 869453 869453 869453 869453 869453 869453 2741 1048
Geracao 3525: 869453 869453 869453 869453 608349 2710 735 735 731 731
Geracao 3526: 869453 869453 869453 869453 869453 869453 869453 2455 2391 1439
Geracao 3527: 869453 869453 869453 869453 869453 869453 869453 869453 2497 2375
Geracao 3528: 869453 869453 869453 869453 869453 869453 869453 2681 2577 2455
Geracao 3529: 869453 869453 869453 869453 869453 869453 869453 869453 1875 444
Geracao 3530: 869453 869453 869453 869453 869453 869453 411396 77833 2347 874
Geracao 3531: 869453 869453 869453 869453 869453 869453 251125 455 443 391
Geracao 3532: 869453 869453 869453 869453 869453 869453 869453 422 418 391
Geracao 3533: 869453 869453 869453 869453 869453 869453 11877 3136 1006 338
Geracao 3534: 869453 869453 869453 869453 869453 869453 869453 869453 2437 391
Geracao 3535: 869453 869453 869453 869453 869453 869453 48538 2453 1439 421
Geracao 3536: 869453 869453 869453 869453 869453 869453 869453 1875 747 412
Geracao 3537: 869453 869453 869453 869453 869453 8157 4129 2519 2519 2519
Geracao 3538: 869453 869453 869453 869453 869453 869453 869453 869453 316053 1439
Geracao 3539: 869453 869453 869453 869453 869453 869453 869453 416118 2284 1439
Geracao 3540: 869453 869453 869453 869453 869453 869453 869453 869453 20013 2161
Geracao 3541: 869453 869453 869453 869453 869453 869453 869453 869453 2854 2282
Geracao 3542: 869453 869453 869453 869453 869453 869453 869453 869453 4913 4913
Geracao 3543: 869453 869453 869453 869453 869453 869453 869453 869453 9533 4913
Geracao 3544: 869453 869453 869453 869453 869453 869453 869453 869453 869453 132708
Geracao 3545: 869453 869453 869453 869453 869453 869453 411396 2860 2333 341
Geracao 3546: 869453 869453 869453 869453 869453 869453 2330 1875 341 335
Geracao 3547: 869453 869453 869453 869453 869453 411396 411396 14604 341 270
Geracao 3548: 869453 869453 869453 869453 869453 869453 869453 1716 1262 1062
Geracao 3549: 869453 869453 869453 869453 869453 411396 4574 1439 967 308
Geracao 3550: 869453 869453 869453 869453 869453 869453 869453 869453 869453 437
Geracao 3551: 869453 869453 869453 869453 869453 869453 4305 4000 2608 1119
Geracao 3552: 869453 869453 869453 869453 869453 4305 1875 984 984 949
Geracao 3553: 869453 869453 869453 869453 869453 869453 869453 82054 3031 2596
Geracao 3554: 869453 869453 869453 869453 869453 869453 869453 262131 2858 573
Geracao 3555: 869453 869453 869453 869453 869453 869453 869453 7344 2576 669
Geracao 3556: 869453 869453 869453 869453 869453 423126 23509 9299 1875 669
Geracao 3557: 869453 869453 869453 869453 869453 869453 869453 7984 4660 2855
Geracao 3558: 869453 869453 869453 869453 869453 869453 869453 869453 869453 869453
Geracao 3559: 869453 869453 869453 869453 869453 869453 869453 869453 869453 370
Geracao 3560: 869453 869453 869453 869453 869453 869453 411396 879 519 486
Geracao 3561: 869453 869453 869453 119111 10295 3404 3136 978 677 364
Geracao 3562: 869453 869453 869453 869453 869453 869453 262131 4305 3003 479
Geracao 3563: 869453 869453 869453 869453 869453 869453 262131 5294 2823 518
Geracao 3564: 869453 869453 869453 869453 869453 869453 869453 262131 262131 3118
Geracao 3565: 869453 869453 869453 869453 869453 869453 869453 869453 869453 869453
Geracao 3566: 869453 869453 869453 869453 869453 869453 869453 869453 3136 456
Geracao 3567: 869453 869453 869453 869453 869453 869453 419411 262131 550 509
Geracao 3568: 869453 869453 869453 869453 869453 869453 869453 411396 2604 513
Geracao 3569: 869453 869453 869453 869453 869453 869453 7688 3136 2560 500
Geracao 3570: 869453 869453 869453 869453 869453 869453 869453 2948 2518 500
Geracao 3571: 869453 869453 869453 869453 869453 869453 869453 869453 869453 869453
Geracao 3572: 869453 869453 869453 869453 869453 869453 869453 869453 869453 1875
Geracao 3573: 869453 869453 869453 869453 869453 869453 869453 869453 869453 2986
Geracao 3574: 869453 869453 869453 869453 869453 869453 869453 2647 2560 1875
Geracao 3575: 869453 869453 869453 869453 869453 301147 2540 1875 701 426
Geracao 3576: 869453 869453 869453 869453 869453 869453 418951 411396 4960 684
Geracao 3577: 869453 869453 869453 869453 869453 869453 869453 869453 869453 725
Geracao 3578: 869453 869453 869453 869453 869453 869453 869453 869453 411396 684
Geracao 3579: 869453 869453 869453 869453 869453 869453 421995 2922 2874 755
Geracao 3580: 869453 869453 869453 869453 869453 869453 869453 679 602 524
Geracao 3581: 869453 869453 869453 869453 869453 869453 869453 869453 11410 647
Geracao 3582: 869453 869453 869453 869453 869453 869453 869453 869453 3421 1012
Geracao 3583: 869453 869453 869453 869453 869453 4305 3569 1875 1439 603
Geracao 3584: 869453 869453 869453 869453 869453 869453 869453 2512 2398 787
Geracao 3585: 869453 869453 869453 869453 869453 869453 869453 869453 869453 3498
Geracao 3586: 869453 869453 869453 869453 869453 869453 3878 1875 973 580
Geracao 3587: 869453 869453 869453 869453 869453 411396 411396 2265 879 879
Geracao 3588: 869453 869453 869453 869453 869453 869453 19179 2857 2398 445
Geracao 3589: 869453 869453 869453 869453 869453 869453 411396 2871 534 370
Geracao 3590: 869453 869453 869453 869453 869453 869453 869453 869453 869453 869453
Geracao 3591: 869453 869453 869453 869453 869453 869453 869453 411396 2631 525
Geracao 3592: 869453 869453 869453 869453 869453 869453 869453 411396 3569 887
Geracao 3593: 869453 869453 869453 869453 869453 869453 869453 869453 2631 662
Geracao 3594: 869453 869453 869453 869453 869453 869453 869453 584157 306 283
Geracao 3595: 869453 869453 869453 869453 869453 869453 411396 3569 2588 247
Geracao 3596: 869453 869453 869453 869453 869453 869453 869453 869453 869453 1439
Geracao 3597: 869453 869453 869453 869453 869453 869453 869453 869453 411396 262131
Geracao 3598: 869453 869453 869453 869453 869453 869453 869453 869453 869453 2566
Geracao 3599: 869453 869453 869453 869453 869453 869453 411396 3136 1695 438
Geracao 3600: 869453 869453 869453 869453 869453 869453 869453 869453 869453 1875
Geracao 3601: 869453 869453 869453 869453 869453 869453 869453 869453 869453 411396
Geracao 3602: 869453 869453 869453 869453 869453 869453 869453 869453 869453 9996
Geracao 3603: 869453 869453 869453 869453 869453 869453 869453 869453 869453 1439
Geracao 3604: 869453 869453 869453 869453 869453 869453 869453 411396 114639 602
Geracao 3605: 869453 869453 869453 869453 869453 869453 411396 2533 2533 771
Geracao 3606: 869453 869453 869453 869453 869453 869453 869453 869453 869453 244125
Geracao 3607: 869453 869453 869453 869453 869453 869453 411396 2997 953 747
Geracao 3608: 869453 869453 869453 869453 869453 869453 869453 869453 869453 411396
Geracao 3609: 869453 869453 869453 869453 869453 869453 411396 32130 1439 733
Geracao 3610: 869453 869453 869453 869453 869453 869453 869453 869453 2608 603
Geracao 3611: 869453 869453 869453 869453 869453 869453 411396 2696 1875 512
Geracao 3612: 869453 869453 869453 869453 869453 869453 869453 869453 869453 879
Geracao 3613: 869453 869453 869453 869453 869453 869453 869453 869453 869453 1439
Geracao 3614: 869453 869453 869453 869453 869453 869453 262131 540 438 376
Geracao 3615: 869453 869453 869453 869453 869453 869453 869453 869453 411396 2759
Geracao 3616: 869453 869453 869453 869453 869453 869453 869453 869453 869453 411396
Geracao 3617: 869453 869453 869453 869453 869453 869453 869453 411396 2352 341
Geracao 3618: 869453 869453 869453 869453 869453 869453 869453 869453 869453 869453
Geracao 3619: 869453 869453 869453 869453 869453 869453 2696 1875 595 576
Geracao 3620: 869453 869453 869453 869453 869453 869453 869453 869453 869453 1875
Geracao 3621: 869453 869453 869453 869453 869453 869453 869453 869453 869453 869453
Geracao 3622: 869453 869453 869453 869453 869453 427429 262131 1875 1875 1439
Geracao 3623: 869453 869453 869453 869453 869453 869453 869453 869453 2319 296
Geracao 3624: 869453 869453 869453 869453 869453 869453 869453 869453 411396 514
Geracao 3625: 869453 869453 869453 869453 869453 869453 411396 331223 2444 2397
Geracao 3626: 869453 869453 869453 869453 869453 869453 262131 262131 2405 329
Geracao 3627: 869453 869453 869453 869453 869453 869453 411396 1439 356 262
Geracao 3628: 869453 869453 869453 869453 869453 869453 869453 140724 7000 4875
Geracao 3629: 869453 869453 869453 869453 869453 869453 869453 869453 2463 1875
Geracao 3630: 869453 869453 869453 869453 869453 869453 869453 869453 869453 488
Geracao 3631: 869453 869453 869453 869453 869453 869453 869453 2410 1875 356
Geracao 3632: 869453 869453 869453 869453 869453 869453 869453 37489 2348 516
Geracao 3633: 869453 869453 869453 869453 869453 869453 2551 2401 879 414
Geracao 3634: 869453 869453 869453 869453 262131 8000 2402 879 402 397
Geracao 3635: 869453 869453 869453 869453 869453 869453 869453 869453 1875 1000
Geracao 3636: 869453 869453 869453 869453 869453 869453 869453 869453 869453 1875
Geracao 3637: 869453 869453 869453 869453 869453 869453 869453 869453 99670 1875
Geracao 3638: 869453 869453 869453 869453 869453 411396 4524 1875 427 373
Geracao 3639: 869453 869453 869453 869453 869453 869453 869453 1875 1439 384
Geracao 3640: 869453 869453 869453 869453 869453 869453 869453 869453 361 361
Geracao 3641: 869453 869453 869453 869453 869453 869453 869453 2386 879 502
Geracao 3642: 869453 869453 869453 869453 869453 869453 869453 869453 379 365
Geracao 3643: 869453 869453 869453 869453 869453 869453 869453 869453 411396 4875
Geracao 3644: 869453 869453 869453 869453 869453 869453 869453 869453 411396 100626
Geracao 3645: 869453 869453 869453 869453 869453 869453 262131 2437 1439 336
Geracao 3646: 869453 869453 869453 869453 2465 1875 1439 1439 879 465
Geracao 3647: 869453 869453 869453 869453 869453 869453 869453 411396 262131 422
Geracao 3648: 869453 869453 869453 869453 869453 869453 411396 2410 2342 430
Geracao 3649: 869453 869453 869453 869453 869453 869453 869453 869453 2460 471
Geracao 3650: 869453 869453 869453 869453 869453 262131 9153 1875 1439 1439
Geracao 3651: 869453 869453 869453 869453 869453 869453 869453 869453 3279 1875
Geracao 3652: 869453 869453 869453 869453 869453 869453 869453 869453 1004 548
Geracao 3653: 869453 869453 869453 869453 869453 869453 869453 869453 4305 492
Geracao 3654: 869453 869453 869453 869453 869453 869453 2689 1875 813 490
Geracao 3655: 869453 869453 869453 869453 869453 869453 869453 2650 568 489
Geracao 3656: 869453 869453 869453 869453 869453 715415 3871 2672 2650 1875
Geracao 3657: 869453 869453 869453 869453 869453 8792 2650 2650 537 498
Geracao 3658: 869453 869453 869453 869453 869453 869453 869453 869453 869453 491
Geracao 3659: 869453 869453 869453 869453 869453 869453 869453 8698 1875 550
Geracao 3660: 869453 869453 869453 869453 869453 869453 869453 2426 491 480
Geracao 3661: 869453 869453 869453 869453 869453 869453 869453 869453 869453 1439
Geracao 3662: 869453 869453 869453 869453 869453 869453 869453 2826 2663 402
Geracao 3663: 869453 869453 869453 869453 869453 869453 869453 869453 869453 2427
Geracao 3664: 869453 869453 869453 869453 869453 869453 869453 1875 520 520
Geracao 3665: 869453 869453 869453 869453 869453 869453 869453 132708 2636 2581
Geracao 3666: 869453 869453 869453 869453 869453 869453 869453 411396 2437 1875
Geracao 3667: 869453 869453 869453 869453 869453 869453 869453 869453 869453 383
Geracao 3668: 869453 869453 869453 869453 869453 869453 8105 2437 1875 351
Geracao 3669: 869453 869453 869453 869453 869453 869453 869453 869453 869453 302440
Geracao 3670: 869453 869453 869453 869453 869453 869453 869453 869453 711 411
Geracao 3671: 869453 869453 869453 869453 869453 869453 869453 869453 869453 2527
Geracao 3672: 869453 869453 869453 869453 869453 869453 869453 869453 869453 707
Geracao 3673: 869453 869453 869453 869453 869453 869453 869453 125706 2861 2493
Geracao 3674: 869453 869453 869453 869453 869453 869453 869453 869453 869453 865
Geracao 3675: 869453 869453 869453 869453 869453 418119 1439 1429 1219 397
Geracao 3676: 869453 869453 869453 869453 869453 411396 12405 12405 2477 1439
Geracao 3677: 869453 869453 869453 869453 869453 869453 869453 411396 2711 356
Geracao 3678: 869453 869453 869453 869453 869453 869453 869453 118096 1875 636
Geracao 3679: 869453 869453 869453 869453 869453 869453 869453 869453 2510 2353
Geracao 3680: 869453 869453 869453 869453 869453 869453 869453 869453 3150 433
Geracao 3681: 869453 869453 869453 869453 869453 869453 869453 1875 1875 1439
Geracao 3682: 869453 869453 869453 869453 869453 869453 869453 879 441 382
Geracao 3683: 869453 869453 869453 869453 869453 411396 411104 6128 2436 1875
Geracao 3684: 869453 869453 869453 869453 869453 869453 869453 126134 2383 2375
Geracao 3685: 869453 869453 869453 869453 869453 869453 869453 869453 869453 4344
Geracao 3686: 869453 869453 869453 869453 869453 869453 869453 3460 1875 330
Geracao 3687: 869453 869453 869453 869453 869453 869453 869453 869453 869453 869453
Geracao 3688: 869453 869453 869453 869453 869453 869453 869453 869453 2437 338
Geracao 3689: 869453 869453 869453 869453 869453 869453 869453 2532 879 618
Geracao 3690: 869453 869453 869453 869453 869453 869453 869453 869453 128711 649
Geracao 3691: 869453 869453 869453 869453 869453 869453 869453 869453 869453 3133
Geracao 3692: 869453 869453 869453 869453 869453 869453 869453 262131 2719 564
Geracao 3693: 869453 869453 869453 869453 869453 869453 130991 47921 5435 2432
Geracao 3694: 869453 869453 869453 869453 869453 869453 869453 869453 869453 262131
Geracao 3695: 869453 869453 869453 869453 869453 869453 869453 869453 9763 2471
Geracao 3696: 869453 869453 869453 869453 869453 869453 2439 1875 1439 410
Geracao 3697: 869453 869453 869453 869453 869453 869453 869453 869453 5306 1439
Geracao 3698: 869453 869453 869453 869453 869453 869453 411396 2874 2518 2419
Geracao 3699: 869453 869453 869453 869453 869453 869453 869453 869453 869453 1875
Geracao 3700: 869453 869453 869453 869453 869453 262131 262131 262131 262131 3294
Geracao 3701: 869453 869453 869453 869453 869453 869453 869453 262131 262131 288
Geracao 3702: 869453 869453 869453 869453 869453 869453 411396 262131 262131 262131
Geracao 3703: 869453 869453 869453 869453 869453 869453 712411 262131 460 300
Geracao 3704: 262131 262131 262131 262131 262131 262131 262131 2461 1875 288
Geracao 3705: 869453 869453 869453 262131 262131 262131 262131 1875 1875 299
Geracao 3706: 869453 869453 869453 869453 869453 869453 869453 869453 262131 494
Geracao 3707: 869453 869453 869453 869453 869453 869453 869453 869453 2459 369
Geracao 3708: 869453 869453 869453 869453 869453 869453 411396 262131 262131 262131
Geracao 3709: 869453 869453 869453 869453 869453 869453 869453 869453 23847 470
Geracao 3710: 262131 262131 262131 262131 262131 262131 262131 262131 3869 1875
Geracao 3711: 869453 422427 262131 262131 262131 262131 262131 262131 262131 2408
Geracao 3712: 869453 869453 869453 869453 869453 869453 869453 869453 869453 625
Geracao 3713: 869453 869453 869453 869453 869453 869453 869453 411396 1875 533
Geracao 3714: 869453 869453 869453 869453 869453 869453 411396 7998 389 314
Geracao 3715: 869453 869453 869453 869453 869453 869453 3136 1875 463 376
Geracao 3716: 869453 869453 869453 4876 4875 2623 2377 2325 2325 1439
Geracao 3717: 869453 869453 869453 869453 869453 10654 2377 2325 1439 763
Geracao 3718: 869453 869453 869453 869453 869453 869453 869453 1439 556 467
Geracao 3719: 869453 869453 869453 869453 869453 869453 869453 869453 1541 703
Geracao 3720: 869453 869453 869453 869453 869453 869453 869453 869453 869453 133126
Geracao 3721: 869453 869453 869453 869453 869453 869453 869453 37486 1439 364
Geracao 3722: 869453 869453 869453 869453 869453 869453 124999 2906 2854 1439
Geracao 3723: 869453 869453 869453 869453 869453 869453 4341 1439 1058 879
Geracao 3724: 869453 869453 869453 869453 869453 869453 869453 262131 1875 1439
Geracao 3725: 869453 869453 869453 869453 869453 869453 869453 420509 262131 2694
Geracao 3726: 869453 869453 869453 869453 869453 869453 2344 2344 1875 1875
Geracao 3727: 869453 869453 869453 869453 869453 869453 262131 2857 879 623
Geracao 3728: 869453 869453 869453 869453 869453 869453 869453 2708 484 355
Geracao 3729: 869453 869453 869453 869453 869453 869453 869453 869453 3543 1875
Geracao 3730: 869453 869453 869453 869453 869453 869453 869453 869453 2418 1875
Geracao 3731: 869453 869453 869453 869453 869453 869453 869453 15718 3989 367
Geracao 3732: 869453 869453 869453 869453 869453 869453 869453 4875 468 409
Geracao 3733: 869453 869453 869453 869453 869453 869453 869453 411396 4835 2343
Geracao 3734: 869453 869453 869453 869453 869453 869453 411396 2362 2343 1875
Geracao 3735: 869453 869453 869453 869453 869453 869453 869453 869453 869453 2343
Geracao 3736: 869453 869453 869453 869453 869453 869453 869453 869453 2321 597
Geracao 3737: 869453 869453 869453 869453 869453 869453 869453 869453 411396 568
Geracao 3738: 869453 869453 869453 869453 869453 869453 869453 3989 2635 1439
Geracao 3739: 869453 869453 869453 869453 869453 869453 869453 869453 869453 869453
Geracao 3740: 869453 869453 869453 869453 869453 869453 869453 411396 180441 87983
Geracao 3741: 869453 869453 869453 869453 869453 869453 869453 869453 869453 869453
Geracao 3742: 869453 869453 869453 869453 869453 869453 869453 411396 3306 344
Geracao 3743: 869453 869453 869453 869453 869453 869453 869453 869453 262131 2596
Geracao 3744: 869453 869453 869453 869453 869453 869453 869453 869453 869453 552
Geracao 3745: 869453 869453 869453 869453 869453 869453 411396 411396 2419 353
Geracao 3746: 869453 869453 869453 869453 869453 869453 869453 869453 1442 1439
Geracao 3747: 869453 869453 869453 869453 869453 869453 661 621 595 459
Geracao 3748: 869453 869453 869453 869453 869453 869453 411396 411396 258123 619
Geracao 3749: 869453 869453 869453 869453 869453 869453 1875 879 879 668
Geracao 3750: 869453 869453 869453 869453 869453 869453 869453 869453 1875 591
Geracao 3751: 869453 869453 869453 869453 869453 869453 869453 869453 869453 2582
Geracao 3752: 869453 869453 869453 869453 869453 301003 6456 647 531 512
Geracao 3753: 869453 869453 869453 869453 869453 869453 132156 3052 2398 919
Geracao 3754: 869453 869453 869453 869453 869453 869453 869453 440 437 414
Geracao 3755: 869453 869453 869453 869453 411396 1875 1875 1237 619 454
Geracao 3756: 869453 869453 869453 869453 869453 869453 869453 869453 869453 4879
Geracao 3757: 869453 869453 869453 869453 869453 869453 869453 262131 111087 1875
Geracao 3758: 869453 869453 869453 869453 869453 869453 869453 3989 3144 476
Geracao 3759: 869453 869453 869453 869453 869453 869453 869453 869453 869453 3989
Geracao 3760: 869453 869453 869453 869453 869453 869453 869453 869453 2514 2439
Geracao 3761: 869453 869453 869453 869453 869453 869453 262131 124541 1875 401
Geracao 3762: 869453 869453 869453 869453 869453 869453 411396 411396 8006 394
Geracao 3763: 869453 869453 869453 869453 869453 869453 869453 869453 262131 437
Geracao 3764: 869453 869453 869453 869453 869453 869453 869453 869453 2332 435
Geracao 3765: 869453 869453 869453 869453 415990 1875 1439 670 457 258
Geracao 3766: 869453 869453 869453 869453 869453 869453 869453 869453 869453 1875
Geracao 3767: 869453 869453 869453 869453 869453 869453 869453 869453 1442 267
Geracao 3768: 869453 869453 869453 869453 869453 869453 869453 869453 869453 411396
Geracao 3769: 869453 869453 869453 869453 869453 869453 869453 869453 869453 2437
Geracao 3770: 869453 869453 869453 869453 869453 869453 869453 869453 1875 1439
Geracao 3771: 869453 869453 869453 869453 869453 869453 869453 2317 1875 248
Geracao 3772: 869453 869453 869453 869453 869453 869453 869453 869453 869453 1875
Geracao 3773: 869453 869453 869453 869453 869453 869453 869453 869453 411396 879
Geracao 3774: 869453 869453 869453 869453 869453 869453 869453 2700 2317 1875
Geracao 3775: 869453 869453 869453 869453 869453 869453 869453 869453 7798 265
Geracao 3776: 869453 869453 869453 869453 869453 419114 2437 1875 1439 357
Geracao 3777: 869453 869453 869453 869453 869453 869453 869453 869453 879 317
Geracao 3778: 869453 869453 869453 869453 869453 411396 411396 262131 11289 2326
Geracao 3779: 869453 869453 869453 869453 869453 869453 869453 1875 1439 879
Geracao 3780: 869453 869453 869453 869453 411396 411396 4324 2326 1875 1875
Geracao 3781: 869453 869453 869453 869453 869453 869453 869453 869453 869453 411396
Geracao 3782: 869453 869453 869453 869453 869453 869453 869453 411396 2414 1875
Geracao 3783: 869453 869453 869453 869453 869453 869453 411396 262131 227095 321
Geracao 3784: 869453 869453 869453 869453 869453 869453 869453 262131 989 321
Geracao 3785: 869453 869453 869453 869453 869453 869453 869453 411396 6244 4305
Geracao 3786: 869453 869453 869453 869453 869453 869453 869453 869453 300991 166024
Geracao 3787: 869453 869453 869453 869453 869453 411396 262131 2596 2437 1875
Geracao 3788: 869453 869453 869453 869453 869453 869453 869453 869453 869453 869453
Geracao 3789: 869453 869453 869453 869453 262131 125706 2500 1875 1439 562
Geracao 3790: 869453 869453 869453 869453 869453 869453 869453 869453 869453 869453
Geracao 3791: 869453 869453 869453 869453 869453 869453 869453 73640 4305 505
Geracao 3792: 869453 869453 869453 869453 869453 869453 869453 411396 4281 221
Geracao 3793: 869453 869453 869453 869453 411396 411396 98898 2568 2442 1875
Geracao 3794: 869453 869453 869453 869453 869453 869453 869453 2417 1875 247
Geracao 3795: 869453 869453 869453 869453 869453 869453 869453 869453 869453 269
Geracao 3796: 869453 869453 869453 869453 869453 869453 869453 869453 869453 534
Geracao 3797: 869453 869453 869453 869453 869453 869453 869453 869453 2294 1439
Geracao 3798: 869453 869453 869453 869453 869453 869453 136128 133130 2362 1220
Geracao 3799: 869453 869453 869453 869453 869453 411396 2442 2369 1875 356
Geracao 3800: 869453 869453 869453 869453 869453 869453 869453 869453 869453 869453
Geracao 3801: 869453 869453 869453 869453 869453 869453 869453 1875 1875 614
Geracao 3802: 869453 869453 869453 869453 869453 869453 869453 123123 1439 367
Geracao 3803: 869453 869453 869453 869453 869453 869453 869453 869453 421128 1439
Geracao 3804: 869453 869453 869453 869453 869453 869453 869453 8448 3121 313
Geracao 3805: 869453 869453 869453 869453 869453 869453 59136 3345 1439 313
Geracao 3806: 869453 869453 869453 869453 869453 4305 3136 2554 2465 2282
Geracao 3807: 869453 869453 869453 869453 869453 869453 869453 2545 626 614
Geracao 3808: 869453 869453 869453 869453 869453 869453 869453 869453 3136 477
Geracao 3809: 869453 869453 869453 869453 869453 869453 869453 869453 121056 365
Geracao 3810: 869453 869453 869453 869453 869453 869453 869453 7384 5443 2343
Geracao 3811: 869453 869453 869453 869453 869453 262131 3466 3136 2391 1439
Geracao 3812: 869453 869453 869453 869453 869453 869453 869453 869453 296717 2629
Geracao 3813: 869453 869453 869453 869453 869453 869453 869453 262131 2405 1875
Geracao 3814: 869453 869453 869453 869453 869453 869453 869453 869453 411396 126695
Geracao 3815: 869453 869453 869453 869453 869453 869453 869453 869453 869453 538
Geracao 3816: 869453 869453 869453 869453 869453 869453 869453 869453 87516 326
Geracao 3817: 869453 869453 869453 869453 869453 869453 3052 2294 1875 1439
Geracao 3818: 869453 869453 869453 869453 869453 869453 869453 4857 3406 2325
Geracao 3819: 869453 869453 869453 869453 869453 869453 869453 869453 869453 479351
Geracao 3820: 869453 869453 869453 869453 869453 869453 869453 869453 869453 30053
Geracao 3821: 869453 869453 869453 869453 869453 869453 669 569 423 423
Geracao 3822: 869453 869453 869453 869453 7613 4860 3136 3136 2439 1875
Geracao 3823: 869453 869453 869453 869453 869453 869453 869453 869453 411396 542
Geracao 3824: 869453 869453 869453 869453 869453 869453 869453 869453 541 336
Geracao 3825: 869453 869453 869453 869453 869453 869453 411396 411396 4869 386
Geracao 3826: 869453 869453 869453 869453 869453 869453 869453 116650 312 308
Geracao 3827: 869453 869453 869453 869453 869453 869453 869453 2808 875 448
Geracao 3828: 869453 869453 869453 869453 869453 869453 869453 869453 472 470
Geracao 3829: 869453 869453 869453 869453 869453 869453 869453 2260 1875 1006
Geracao 3830: 869453 869453 869453 869453 869453 869453 869453 869453 869453 879
Geracao 3831: 869453 869453 869453 869453 869453 869453 869453 2575 2333 321
Geracao 3832: 869453 869453 869453 869453 869453 869453 869453 2439 719 291
Geracao 3833: 869453 869453 869453 869453 869453 869453 869453 869453 869453 411396
Geracao 3834: 869453 869453 869453 869453 869453 869453 10276 2324 2324 507
Geracao 3835: 869453 869453 869453 869453 869453 869453 869453 869453 869453 869453
Geracao 3836: 869453 869453 869453 869453 869453 869453 869453 262131 879 526
Geracao 3837: 869453 869453 869453 869453 869453 869453 869453 869453 2366 2294
Geracao 3838: 869453 869453 869453 869453 869453 869453 869453 869453 411396 414
Geracao 3839: 869453 869453 869453 869453 869453 869453 869453 2663 2423 439
Geracao 3840: 869453 869453 869453 869453 869453 869453 869453 18537 2551 439
Geracao 3841: 869453 869453 869453 869453 869453 869453 869453 4860 2637 1439
Geracao 3842: 869453 869453 869453 869453 869453 869453 869453 869453 2444 1439
Geracao 3843: 869453 869453 869453 869453 869453 869453 869453 869453 869453 421544
Geracao 3844: 869453 869453 869453 869453 869453 869453 869453 869453 869453 263
Geracao 3845: 869453 869453 869453 869453 869453 869453 869453 426434 505 475
Geracao 3846: 869453 869453 869453 869453 869453 869453 869453 869453 869453 411396
Geracao 3847: 869453 869453 869453 869453 869453 869453 869453 377301 262131 2444
Geracao 3848: 869453 869453 869453 869453 869453 869453 869453 869453 869453 262131
Geracao 3849: 869453 869453 869453 869453 869453 869453 869453 869453 869453 296
Geracao 3850: 869453 869453 869453 869453 869453 869453 869453 869453 3867 2638
Geracao 3851: 869453 869453 869453 869453 869453 869453 869453 2585 1406 351
Geracao 3852: 869453 869453 869453 869453 869453 869453 418284 2587 2336 1875
Geracao 3853: 869453 869453 869453 869453 411396 411396 2444 2354 2280 1875
Geracao 3854: 869453 869453 869453 869453 869453 869453 411396 2876 1875 1439
Geracao 3855: 869453 869453 869453 869453 869453 869453 869453 869453 869453 432
Geracao 3856: 869453 869453 869453 869453 869453 869453 869453 869453 411396 372
Geracao 3857: 869453 869453 869453 869453 869453 869453 869453 869453 869453 1127
Geracao 3858: 869453 869453 869453 869453 869453 2743 2743 2530 991 528
Geracao 3859: 869453 869453 869453 869453 869453 869453 262131 2445 1622 1542
Geracao 3860: 869453 869453 869453 869453 869453 869453 869453 411396 2600 554
Geracao 3861: 869453 869453 869453 869453 869453 869453 411396 3069 2587 361
Geracao 3862: 869453 869453 869453 869453 869453 411396 411396 63627 10517 366
Geracao 3863: 869453 869453 869453 869453 869453 869453 869453 869453 3008 2404
Geracao 3864: 869453 869453 869453 869453 869453 414278 411396 50492 2536 1875
Geracao 3865: 869453 869453 869453 869453 869453 869453 869453 262131 1875 1439
Geracao 3866: 869453 869453 869453 869453 568115 401334 131128 2663 1875 313
Geracao 3867: 869453 869453 869453 869453 869453 869453 869453 869453 869453 2752
Geracao 3868: 869453 869453 869453 869453 869453 869453 869453 2574 1875 556
Geracao 3869: 869453 869453 869453 869453 869453 869453 869453 869453 869453 482
Geracao 3870: 869453 869453 869453 869453 869453 869453 869453 401334 2738 2555
Geracao 3871: 869453 869453 869453 869453 869453 869453 869453 411396 3437 340
Geracao 3872: 869453 869453 869453 869453 869453 869453 411396 2386 2386 559
Geracao 3873: 869453 869453 869453 869453 869453 869453 121699 4442 2437 468
Geracao 3874: 869453 869453 869453 869453 869453 869453 411396 411396 262131 1875
Geracao 3875: 869453 869453 869453 869453 869453 869453 869453 401334 262131 5035
Geracao 3876: 869453 869453 869453 869453 869453 869453 869453 425131 2438 332
Geracao 3877: 869453 869453 869453 869453 869453 869453 869453 411396 262131 2536
Geracao 3878: 869453 869453 869453 869453 869453 869453 869453 869453 11878 2368
Geracao 3879: 869453 869453 869453 869453 869453 869453 401334 262131 1262 663
Geracao 3880: 869453 869453 869453 869453 869453 869453 869453 2368 1439 552
Geracao 3881: 869453 869453 869453 869453 869453 869453 2420 1439 894 405
Geracao 3882: 869453 869453 869453 869453 869453 869453 869453 411396 198409 3380
Geracao 3883: 869453 869453 869453 869453 869453 869453 401334 2980 2320 523
Geracao 3884: 869453 869453 869453 869453 869453 869453 869453 869453 869453 2385
Geracao 3885: 869453 869453 869453 869453 869453 869453 869453 869453 134724 383
Geracao 3886: 869453 869453 869453 869453 869453 869453 869453 869453 869453 123122
Geracao 3887: 869453 869453 869453 869453 869453 869453 411396 12642 599 568
Geracao 3888: 869453 869453 869453 869453 869453 869453 869453 869453 869453 869453
Geracao 3889: 869453 869453 869453 411396 139723 2437 1439 1048 448 282
Geracao 3890: 869453 869453 869453 869453 869453 869453 869453 4045 3458 1875
Geracao 3891: 869453 869453 869453 869453 869453 869453 869453 869453 2434 1875
Geracao 3892: 869453 869453 869453 869453 869453 869453 869453 869453 869453 3136
Geracao 3893: 869453 869453 869453 869453 869453 869453 411396 1439 781 621
Geracao 3894: 869453 869453 869453 869453 869453 9153 2875 2559 883 879
Geracao 3895: 869453 869453 869453 869453 422424 982 982 784 726 709
Geracao 3896: 869453 869453 869453 869453 869453 869453 869453 869453 2444 532
Geracao 3897: 869453 869453 869453 869453 869453 869453 411396 4497 2967 441
Geracao 3898: 869453 869453 869453 869453 869453 869453 869453 869453 869453 4874
Geracao 3899: 869453 869453 869453 869453 869453 869453 296432 3039 2684 380
Geracao 3900: 869453 869453 869453 869453 869453 869453 869453 2782 2426 412
Geracao 3901: 869453 869453 869453 869453 869453 869453 869453 869453 134131 1439
Geracao 3902: 869453 869453 869453 869453 869453 869453 869453 869453 411396 1439
Geracao 3903: 869453 869453 869453 869453 869453 869453 869453 869453 869453 2445
Geracao 3904: 869453 869453 869453 869453 869453 869453 869453 869453 869453 436
Geracao 3905: 869453 869453 869453 869453 869453 411396 2857 2444 1875 306
Geracao 3906: 869453 869453 869453 869453 869453 869453 869453 411396 699 699
Geracao 3907: 869453 869453 869453 869453 869453 869453 869453 869453 869453 869453
Geracao 3908: 869453 869453 869453 869453 869453 869453 411396 2437 1875 322
Geracao 3909: 869453 869453 869453 869453 869453 869453 869453 869453 407086 658
Geracao 3910: 869453 869453 869453 869453 869453 869453 869453 3871 2439 309
Geracao 3911: 869453 869453 869453 869453 869453 869453 869453 262131 5034 1875
Geracao 3912: 869453 869453 869453 869453 869453 869453 869453 869453 869453 2695
Geracao 3913: 869453 869453 869453 869453 869453 869453 869453 411396 77820 2848
Geracao 3914: 869453 869453 869453 869453 869453 869453 2431 760 693 645
Geracao 3915: 869453 869453 869453 869453 869453 869453 869453 869453 262131 879
Geracao 3916: 869453 869453 869453 869453 869453 869453 4871 2051 1875 565
Geracao 3917: 869453 869453 869453 869453 869453 869453 869453 411396 411396 411396
Geracao 3918: 869453 869453 869453 869453 869453 869453 869453 869453 869453 661
Geracao 3919: 869453 869453 869453 869453 869453 869453 869453 869453 869453 328
Geracao 3920: 869453 869453 869453 869453 869453 869453 869453 406084 138144 3867
Geracao 3921: 869453 869453 869453 869453 869453 869453 869453 869453 371279 1133
Geracao 3922: 869453 869453 869453 869453 869453 869453 869453 869453 262131 473
Geracao 3923: 869453 869453 869453 869453 869453 869453 869453 4045 879 333
Geracao 3924: 869453 869453 869453 869453 869453 869453 869453 869453 614 233
Geracao 3925: 869453 869453 869453 869453 869453 869453 8158 2788 291 271
Geracao 3926: 869453 869453 869453 869453 869453 869453 869453 869453 440 368
Geracao 3927: 869453 869453 869453 869453 869453 869453 869453 995 598 292
Geracao 3928: 869453 869453 869453 869453 869453 869453 869453 869453 2479 678
Geracao 3929: 869453 869453 869453 869453 869453 869453 869453 262131 262131 6722
Geracao 3930: 869453 869453 869453 869453 869453 869453 407096 170449 133127 2643
Geracao 3931: 869453 869453 869453 869453 869453 869453 869453 869453 613 465
Geracao 3932: 869453 869453 869453 869453 869453 869453 869453 869453 596 445
Geracao 3933: 869453 869453 869453 869453 869453 435157 117694 2429 733 733
Geracao 3934: 869453 869453 869453 869453 869453 869453 411396 690 464 452
Geracao 3935: 869453 869453 869453 869453 869453 869453 869453 869453 2514 791
Geracao 3936: 869453 869453 869453 869453 869453 869453 869453 869453 869453 2878
Geracao 3937: 869453 869453 869453 869453 869453 869453 869453 869453 411396 71650
Geracao 3938: 869453 869453 869453 869453 869453 869453 869453 869453 588 267
Geracao 3939: 869453 869453 869453 869453 869453 869453 869453 869453 411396 1875
Geracao 3940: 869453 869453 869453 869453 869453 869453 869453 3533 2545 621
Geracao 3941: 869453 869453 869453 869453 869453 869453 869453 869453 869453 632
Geracao 3942: 869453 869453 869453 869453 869453 869453 869453 2746 2628 535
Geracao 3943: 869453 869453 869453 869453 869453 869453 869453 869453 869453 1875
Geracao 3944: 869453 869453 869453 869453 869453 869453 869453 869453 869453 869453
Geracao 3945: 869453 869453 869453 869453 869453 869453 869453 869453 3136 2440
Geracao 3946: 869453 869453 869453 869453 869453 869453 869453 2878 2661 593
Geracao 3947: 869453 869453 869453 869453 869453 869453 136157 4875 741 459
Geracao 3948: 869453 869453 869453 869453 869453 869453 869453 869453 1875 759
Geracao 3949: 869453 869453 869453 869453 869453 869453 869453 766682 194373 2539
Geracao 3950: 869453 869453 869453 869453 869453 869453 869453 869453 411988 759
Geracao 3951: 869453 869453 869453 869453 869453 869453 869453 1439 570 411
Geracao 3952: 869453 869453 869453 869453 869453 869453 869453 869453 869453 416
Geracao 3953: 869453 869453 869453 869453 869453 869453 869453 3000 567 430
Geracao 3954: 869453 869453 869453 869453 869453 262131 2888 1439 1439 458
Geracao 3955: 869453 869453 869453 869453 869453 869453 869453 869453 9696 1875
Geracao 3956: 869453 869453 869453 869453 869453 869453 869453 411396 958 463
Geracao 3957: 869453 869453 869453 869453 869453 869453 869453 869453 262131 998
Geracao 3958: 869453 869453 869453 869453 869453 869453 262131 3069 871 794
Geracao 3959: 869453 869453 869453 869453 869453 869453 869453 869453 869453 869453
Geracao 3960: 869453 869453 869453 869453 411396 2411 1875 1875 962 419
Geracao 3961: 869453 869453 869453 869453 869453 869453 869453 869453 2878 444
Geracao 3962: 869453 869453 869453 869453 869453 2690 1875 1875 515 335
Geracao 3963: 869453 869453 869453 869453 869453 869453 869453 423130 411396 1875
Geracao 3964: 869453 869453 869453 869453 869453 869453 869453 411396 2690 445
Geracao 3965: 869453 869453 869453 869453 869453 869453 869453 869453 401738 297
Geracao 3966: 869453 869453 869453 869453 869453 869453 869453 422418 434 248
Geracao 3967: 869453 869453 869453 869453 869453 869453 869453 869453 11714 2690
Geracao 3968: 869453 869453 869453 869453 869453 869453 869453 869453 4250 409
Geracao 3969: 869453 869453 869453 869453 869453 869453 192208 2690 469 272
Geracao 3970: 869453 869453 869453 869453 869453 869453 411396 411396 4859 2690
Geracao 3971: 869453 869453 869453 869453 869453 869453 869453 869453 869453 111740
Geracao 3972: 869453 869453 869453 869453 869453 4281 2690 2424 1875 979
Geracao 3973: 869453 869453 869453 869453 869453 869453 411396 262131 262131 262131
Geracao 3974: 869453 869453 869453 869453 869453 869453 869453 869453 869453 1875
Geracao 3975: 869453 869453 869453 869453 869453 869453 869453 2963 2871 409
Geracao 3976: 869453 869453 869453 869453 869453 869453 869453 869453 869453 382531
Geracao 3977: 869453 869453 869453 869453 869453 869453 869453 411396 3243 2525
Geracao 3978: 869453 869453 869453 869453 869453 869453 869453 869453 869453 262131
Geracao 3979: 869453 869453 869453 869453 869453 869453 869453 869453 6004 3875
Geracao 3980: 869453 869453 869453 869453 411396 411396 262131 2578 2498 1875
Geracao 3981: 869453 869453 869453 869453 869453 869453 869453 411396 2869 313
Geracao 3982: 869453 869453 869453 869453 869453 869453 869453 869453 2578 1875
Geracao 3983: 869453 869453 869453 869453 869453 869453 869453 411396 3872 2746
Geracao 3984: 869453 869453 869453 869453 869453 869453 869453 869453 262131 672
Geracao 3985: 869453 869453 869453 869453 869453 869453 401738 4305 837 548
Geracao 3986: 869453 869453 869453 869453 869453 869453 869453 869453 437021 1875
Geracao 3987: 869453 869453 869453 869453 869453 262131 130128 3257 1875 514
Geracao 3988: 869453 869453 869453 869453 869453 869453 869453 411396 311760 585
Geracao 3989: 869453 869453 869453 869453 869453 869453 869453 137144 104004 1875
Geracao 3990: 869453 869453 869453 869453 869453 869453 411396 879 422 379
Geracao 3991: 869453 869453 869453 869453 869453 869453 869453 869453 869453 869453
Geracao 3992: 869453 869453 869453 869453 869453 869453 411396 4870 1439 550
Geracao 3993: 869453 869453 869453 869453 869453 869453 869453 411396 756 581
Geracao 3994: 869453 869453 869453 869453 869453 869453 869453 111740 2513 374
Geracao 3995: 869453 869453 869453 869453 869453 869453 869453 2455 412 377
Geracao 3996: 869453 869453 869453 869453 411396 401738 1875 498 422 374
Geracao 3997: 869453 869453 869453 869453 869453 869453 869453 401738 2479 2406
Geracao 3998: 869453 869453 869453 869453 869453 869453 869453 421418 2606 1875
Geracao 3999: 869453 869453 869453 869453 869453 869453 869453 411396 2974 2757
Geracao 4000: 869453 869453 869453 869453 869453 869453 869453 411396 262131 95050
Geracao 4001: 869453 869453 869453 869453 869453 869453 869453 869453 869453 472
Geracao 4002: 869453 869453 869453 869453 869453 869453 869453 1015 879 437
Geracao 4003: 869453 869453 869453 869453 869453 869453 4876 2586 2586 2586
Geracao 4004: 869453 869453 869453 869453 869453 869453 113418 1875 564 403
Geracao 4005: 869453 869453 869453 869453 869453 869453 869453 869453 869453 88651
Geracao 4006: 869453 869453 869453 869453 869453 869453 869453 4015 2349 568
Geracao 4007: 869453 869453 869453 869453 869453 869453 2827 618 568 297
Geracao 4008: 869453 869453 869453 869453 869453 869453 869453 869453 869453 2610
Geracao 4009: 869453 869453 869453 869453 869453 869453 411396 4884 1439 482
Geracao 4010: 869453 869453 869453 869453 869453 869453 869453 869453 869453 655
Geracao 4011: 869453 869453 869453 869453 869453 869453 869453 2610 1875 1172
Geracao 4012: 869453 869453 869453 869453 869453 411396 123123 2826 1875 1439
Geracao 4013: 869453 869453 869453 869453 869453 869453 869453 869453 118986 2561
Geracao 4014: 869453 869453 869453 869453 869453 6860 2626 889 879 525
Geracao 4015: 869453 869453 869453 869453 411396 3003 2354 1875 1439 556
Geracao 4016: 869453 869453 869453 869453 869453 869453 869453 869453 990 435
Geracao 4017: 869453 869453 869453 869453 869453 869453 4871 2497 1875 1875
Geracao 4018: 869453 869453 869453 869453 869453 568121 4305 2479 797 617
Geracao 4019: 869453 869453 869453 869453 869453 869453 869453 411396 990 879
Geracao 4020: 869453 869453 869453 869453 869453 869453 869453 869453 869453 4045
Geracao 4021: 869453 869453 869453 869453 869453 869453 869453 411396 1745 1714
Geracao 4022: 869453 869453 869453 869453 869453 869453 869453 869453 411396 1875
Geracao 4023: 869453 869453 869453 869453 869453 869453 869453 750 587 489
Geracao 4024: 869453 869453 869453 869453 869453 869453 869453 869453 411396 674
Geracao 4025: 869453 869453 869453 869453 869453 869453 869453 869453 869453 370254
Geracao 4026: 869453 869453 869453 869453 869453 869453 869453 869453 869453 2649
Geracao 4027: 869453 869453 869453 869453 869453 869453 869453 869453 1439 627
Geracao 4028: 869453 869453 869453 869453 869453 869453 411396 4867 4071 661
Geracao 4029: 869453 869453 869453 869453 869453 869453 869453 2874 2319 324
Geracao 4030: 869453 869453 869453 869453 869453 869453 869453 869453 411396 112966
Geracao 4031: 869453 869453 869453 869453 869453 869453 869453 869453 869453 411396
Geracao 4032: 869453 869453 869453 869453 869453 869453 431148 411396 620 533
Geracao 4033: 869453 869453 869453 869453 869453 869453 411396 411396 20449 552
Geracao 4034: 869453 869453 869453 869453 2518 1875 1875 1439 765 342
Geracao 4035: 869453 869453 869453 869453 869453 411396 675 590 526 518
Geracao 4036: 869453 869453 869453 869453 869453 411396 377303 3138 528 452
Geracao 4037: 869453 869453 869453 869453 869453 869453 869453 869453 296018 685
Geracao 4038: 869453 869453 869453 869453 869453 869453 869453 411396 411396 347
Geracao 4039: 869453 869453 869453 869453 869453 869453 869453 869453 869453 869453
Geracao 4040: 869453 869453 869453 869453 869453 869453 869453 869453 4281 2393
Geracao 4041: 869453 869453 869453 869453 869453 411396 89913 2934 2517 556
Geracao 4042: 869453 869453 869453 869453 869453 869453 869453 869453 2498 439
Geracao 4043: 869453 869453 869453 869453 869453 411396 411396 262131 1049 404
Geracao 4044: 869453 869453 869453 869453 869453 869453 869453 869453 1439 305
Geracao 4045: 869453 869453 869453 869453 869453 869453 869453 869453 1439 422
Geracao 4046: 869453 869453 869453 869453 869453 869453 869453 869453 869453 335
Geracao 4047: 869453 869453 869453 869453 869453 869453 869453 869453 1439 460
Geracao 4048: 869453 869453 869453 869453 869453 869453 869453 3447 600 458
Geracao 4049: 869453 869453 869453 869453 143008 4281 4281 2722 1875 1133
Geracao 4050: 869453 869453 869453 869453 869453 262131 2688 1875 1161 386
Geracao 4051: 869453 869453 869453 869453 869453 869453 869453 869453 377 284
Geracao 4052: 869453 869453 869453 869453 869453 869453 869453 869453 2786 273
Geracao 4053: 869453 869453 869453 869453 869453 869453 869453 869453 262131 2490
Geracao 4054: 869453 869453 869453 869453 869453 869453 869453 3457 1875 576
Geracao 4055: 869453 869453 869453 869453 869453 869453 411396 411396 242454 1022
Geracao 4056: 869453 869453 869453 869453 869453 411396 262131 4281 2727 310
Geracao 4057: 869453 869453 869453 869453 869453 869453 869453 869453 1875 474
Geracao 4058: 869453 869453 869453 869453 869453 869453 869453 122416 510 250
Geracao 4059: 869453 869453 869453 869453 869453 869453 869453 869453 869453 1439
Geracao 4060: 869453 869453 869453 869453 869453 869453 869453 869453 120988 2860
Geracao 4061: 869453 869453 869453 869453 411396 411396 2434 2373 418 318
Geracao 4062: 869453 869453 869453 869453 869453 869453 869453 411396 127709 436
Geracao 4063: 869453 869453 869453 869453 869453 125483 125430 1875 1439 296
Geracao 4064: 869453 869453 869453 869453 869453 869453 869453 869453 869453 4305
Geracao 4065: 869453 869453 869453 869453 869453 869453 411396 4281 2347 1439
Geracao 4066: 869453 869453 869453 869453 869453 869453 869453 411396 7691 1875
Geracao 4067: 869453 869453 869453 869453 869453 869453 869453 869453 869453 869453
Geracao 4068: 869453 869453 869453 869453 869453 5306 5300 2601 555 545
Geracao 4069: 869453 869453 869453 869453 869453 869453 869453 262131 262131 245159
Geracao 4070: 869453 869453 869453 869453 869453 869453 869453 869453 411396 1439
Geracao 4071: 869453 869453 869453 869453 869453 869453 869453 411396 2685 377
Geracao 4072: 869453 869453 869453 869453 869453 869453 869453 869453 411396 534
Geracao 4073: 869453 869453 869453 869453 869453 869453 411396 4305 433 285
Geracao 4074: 869453 869453 869453 869453 869453 411396 6722 1875 576 471
Geracao 4075: 869453 869453 869453 869453 869453 869453 2307 1875 1875 458
Geracao 4076: 869453 869453 869453 869453 869453 869453 869453 869453 869453 2733
Geracao 4077: 869453 869453 869453 869453 869453 869453 869453 411396 733 373
Geracao 4078: 869453 869453 869453 869453 869453 869453 869453 3583 2668 378
Geracao 4079: 869453 869453 869453 869453 869453 32130 3136 1875 957 948
Geracao 4080: 869453 869453 869453 869453 869453 869453 869453 411396 1439 459
Geracao 4081: 869453 869453 869453 869453 869453 262131 262131 1439 1330 879
Geracao 4082: 869453 869453 869453 869453 869453 148241 2319 2316 1875 317
Geracao 4083: 869453 869453 869453 869453 869453 869453 869453 401969 117108 1875
Geracao 4084: 869453 869453 869453 869453 869453 869453 869453 3737 1875 879
Geracao 4085: 869453 869453 869453 869453 869453 869453 869453 869453 869453 869453
Geracao 4086: 869453 869453 869453 869453 869453 869453 869453 148241 1439 209
Geracao 4087: 869453 869453 869453 869453 869453 869453 869453 869453 3490 1875
Geracao 4088: 869453 869453 869453 869453 148241 130002 2864 2273 1875 610
Geracao 4089: 869453 869453 869453 869453 869453 869453 869453 4002 2274 318
Geracao 4090: 869453 869453 869453 869453 869453 869453 869453 869453 869453 869453
Geracao 4091: 869453 869453 869453 869453 869453 869453 869453 869453 411396 1875
Geracao 4092: 869453 869453 869453 869453 869453 869453 869453 869453 2857 2711
Geracao 4093: 869453 869453 869453 869453 869453 869453 869453 869453 869453 869453
Geracao 4094: 869453 869453 869453 869453 869453 869453 869453 869453 869453 869453
Geracao 4095: 869453 869453 869453 869453 869453 869453 869453 869453 869453 2456
Geracao 4096: 869453 869453 869453 869453 869453 869453 869453 869453 7003 1875
Geracao 4097: 869453 869453 869453 869453 869453 424128 411396 2296 460 370
Geracao 4098: 869453 869453 869453 869453 869453 869453 869453 869453 4860 1875
Geracao 4099: 869453 869453 869453 869453 869453 869453 869453 869453 869453 1439
Geracao 4100: 869453 869453 869453 869453 869453 869453 869453 869453 4305 4305
Geracao 4101: 869453 869453 869453 869453 869453 869453 869453 869453 869453 869453
Geracao 4102: 869453 869453 869453 869453 869453 869453 869453 869453 869453 3095
Geracao 4103: 869453 869453 869453 869453 869453 869453 869453 869453 2747 482
Geracao 4104: 869453 869453 869453 869453 869453 869453 869453 3136 509 494
Geracao 4105: 869453 869453 869453 869453 869453 869453 869453 869453 869453 5110
Geracao 4106: 869453 869453 869453 869453 869453 869453 191008 2797 1875 674
Geracao 4107: 869453 869453 869453 869453 869453 869453 869453 869453 869453 2444
Geracao 4108: 869453 869453 869453 869453 869453 869453 411396 3136 2239 586
Geracao 4109: 869453 869453 869453 869453 869453 869453 411396 879 291 261
Geracao 4110: 869453 869453 869453 869453 869453 869453 2845 2444 1875 1875
Geracao 4111: 869453 869453 869453 869453 869453 869453 869453 869453 869453 2318
Geracao 4112: 869453 869453 869453 869453 869453 869453 869453 869453 869453 411396
Geracao 4113: 869453 869453 869453 869453 869453 869453 2711 1875 1469 879
Geracao 4114: 869453 869453 869453 869453 869453 869453 411396 1875 879 355
Geracao 4115: 869453 869453 869453 869453 869453 869453 869453 869453 3582 2756
Geracao 4116: 869453 869453 869453 869453 869453 411396 33455 1439 313 260
Geracao 4117: 869453 869453 869453 869453 869453 869453 411396 2581 2439 879
Geracao 4118: 869453 869453 869453 869453 869453 869453 869453 390437 2875 1875
Geracao 4119: 869453 869453 869453 869453 411396 302013 9704 4287 616 328
Geracao 4120: 869453 869453 869453 869453 869453 869453 869453 869453 2441 1439
Geracao 4121: 869453 869453 869453 869453 869453 869453 869453 869453 4305 1439
Geracao 4122: 869453 869453 869453 869453 869453 4658 2507 879 660 404
Geracao 4123: 869453 869453 869453 869453 869453 869453 869453 869453 1875 427
Geracao 4124: 869453 869453 869453 869453 121408 5841 3866 2441 1875 404
Geracao 4125: 869453 869453 2441 1439 510 298 298 298 298 298
Geracao 4126: 869453 869453 869453 869453 869453 869453 869453 1875 1875 298
Geracao 4127: 869453 869453 869453 869453 869453 869453 2857 1439 333 298
Geracao 4128: 869453 869453 869453 869453 869453 869453 869453 411396 2441 1875
Geracao 4129: 869453 869453 869453 869453 869453 869453 869453 2679 1875 1439
Geracao 4130: 869453 869453 869453 869453 869453 869453 869453 869453 869453 931
Geracao 4131: 869453 869453 869453 869453 869453 869453 262131 2875 1439 479
Geracao 4132: 869453 869453 869453 869453 869453 869453 411396 3749 757 647
Geracao 4133: 869453 869453 869453 869453 869453 869453 869453 411396 411396 445
Geracao 4134: 869453 869453 869453 869453 869453 869453 869453 869453 2437 335
Geracao 4135: 869453 869453 869453 869453 869453 869453 869453 869453 869453 869453
Geracao 4136: 869453 869453 869453 869453 869453 869453 869453 869453 869453 364
Geracao 4137: 869453 869453 869453 869453 869453 869453 869453 411396 1439 267
Geracao 4138: 869453 869453 869453 869453 869453 869453 869453 869453 869453 1439
Geracao 4139: 869453 869453 869453 869453 869453 869453 869453 2531 1439 286
Geracao 4140: 869453 869453 869453 869453 869453 869453 869453 869453 869453 6148
Geracao 4141: 869453 869453 869453 869453 869453 869453 869453 869453 869453 411396
Geracao 4142: 869453 869453 869453 869453 869453 869453 869453 869453 2368 321
Geracao 4143: 869453 869453 869453 869453 869453 869453 869453 1439 307 256
Geracao 4144: 869453 869453 869453 869453 869453 869453 869453 4857 2381 508
Geracao 4145: 869453 869453 869453 869453 869453 869453 869453 411396 262131 568
Geracao 4146: 869453 869453 869453 869453 869453 869453 869453 869453 1050 315
Geracao 4147: 869453 869453 869453 869453 869453 869453 869453 411396 2875 593
Geracao 4148: 869453 869453 869453 869453 869453 869453 869453 4305 605 374
Geracao 4149: 869453 869453 869453 869453 869453 869453 869453 6865 3136 744
Geracao 4150: 869453 869453 869453 869453 869453 869453 869453 869453 411396 389
Geracao 4151: 869453 869453 869453 869453 869453 869453 869453 869453 869453 1875
Geracao 4152: 869453 869453 869453 869453 869453 869453 869453 869453 869453 2633
Geracao 4153: 869453 869453 869453 869453 869453 869453 869453 869453 262131 879
Geracao 4154: 869453 869453 869453 869453 869453 869453 411396 411396 262131 1442
Geracao 4155: 869453 869453 869453 869453 869453 869453 869453 869453 869453 639
Geracao 4156: 869453 869453 869453 869453 869453 90669 2519 1637 1623 421
Geracao 4157: 869453 869453 869453 869453 869453 869453 869453 869453 869453 2918
Geracao 4158: 869453 869453 869453 869453 869453 869453 1875 1204 734 690
Geracao 4159: 869453 869453 869453 869453 869453 411396 2834 2382 879 440
Geracao 4160: 869453 869453 869453 869453 869453 869453 869453 869453 3999 2565
Geracao 4161: 869453 869453 869453 869453 869453 869453 869453 411396 3136 2463
Geracao 4162: 869453 869453 869453 869453 869453 3078 2435 2287 792 312
Geracao 4163: 869453 869453 869453 869453 262131 262131 2197 1875 1272 382
Geracao 4164: 869453 869453 869453 869453 869453 869453 869453 2877 2305 876
Geracao 4165: 869453 869453 869453 869453 869453 869453 869453 262131 2854 722
Geracao 4166: 869453 869453 869453 869453 869453 869453 869453 869453 869453 262131
Geracao 4167: 869453 869453 869453 869453 869453 869453 1439 1439 433 376
Geracao 4168: 869453 869453 869453 869453 869453 869453 411396 2304 525 525
Geracao 4169: 869453 869453 869453 869453 869453 869453 869453 869453 670 525
Geracao 4170: 869453 869453 869453 869453 869453 869453 869453 869453 437158 525
Geracao 4171: 869453 869453 869453 869453 869453 421419 411396 262131 670 506
Geracao 4172: 869453 869453 869453 869453 869453 869453 869453 869453 1439 531
Geracao 4173: 869453 869453 869453 869453 869453 411396 3453 2660 1875 671
Geracao 4174: 869453 869453 869453 869453 869453 869453 869453 262131 262131 1875
Geracao 4175: 869453 869453 869453 869453 869453 869453 869453 869453 869453 2517
Geracao 4176: 869453 869453 869453 869453 869453 869453 420115 1592 1592 525
Geracao 4177: 869453 869453 869453 869453 869453 411396 411396 3136 1875 531
Geracao 4178: 869453 869453 869453 3054 2817 1445 1439 1439 451 397
Geracao 4179: 869453 869453 869453 869453 869453 869453 869453 77715 571 293
Geracao 4180: 869453 869453 869453 869453 869453 869453 869453 411396 1875 276
Geracao 4181: 869453 869453 869453 869453 869453 869453 869453 5323 4371 1461
Geracao 4182: 869453 869453 869453 6714 4045 2842 2251 879 570 305
Geracao 4183: 869453 869453 869453 1875 857 857 857 857 514 510
Geracao 4184: 869453 869453 869453 869453 2266 1439 1439 1114 697 619
Geracao 4185: 869453 869453 869453 869453 869453 869453 869453 869453 869453 412097
Geracao 4186: 869453 869453 869453 869453 869453 869453 869453 869453 424136 3124
Geracao 4187: 869453 869453 869453 869453 869453 869453 879 534 499 374
Geracao 4188: 869453 869453 869453 869453 869453 869453 869453 869453 869453 869453
Geracao 4189: 869453 869453 869453 869453 869453 869453 869453 1212 961 312
Geracao 4190: 869453 869453 869453 869453 869453 869453 869453 1537 1495 1178
Geracao 4191: 869453 869453 869453 869453 869453 869453 2496 1546 1488 331
Geracao 4192: 869453 869453 869453 869453 869453 869453 77715 2496 2390 308
Geracao 4193: 869453 869453 869453 869453 869453 869453 869453 77715 311 247
Geracao 4194: 869453 869453 869453 869453 869453 869453 411396 1875 1439 277
Geracao 4195: 869453 869453 869453 869453 869453 869453 869453 3136 595 468
Geracao 4196: 869453 869453 869453 869453 303438 4967 2442 1875 1551 609
Geracao 4197: 869453 869453 869453 869453 869453 869453 869453 869453 869453 411396
Geracao 4198: 869453 869453 869453 869453 869453 3136 879 879 623 595
Geracao 4199: 869453 869453 869453 869453 869453 869453 869453 3136 1875 1875
Geracao 4200: 869453 869453 869453 869453 869453 441307 262131 2866 1875 294
Geracao 4201: 869453 869453 869453 869453 869453 869453 134724 2609 2421 1875
Geracao 4202: 869453 869453 869453 869453 869453 869453 869453 5280 3868 2372
Geracao 4203: 869453 869453 869453 869453 869453 869453 869453 869453 5306 1875
Geracao 4204: 869453 869453 869453 869453 869453 869453 869453 869453 411396 37541
Geracao 4205: 869453 869453 869453 869453 869453 1875 411 326 312 244
Geracao 4206: 869453 869453 869453 869453 869453 869453 869453 869453 295004 2352
Geracao 4207: 869453 869453 869453 869453 869453 869453 869453 869453 869453 4855
Geracao 4208: 869453 869453 869453 869453 869453 449065 133007 3128 1875 262
Geracao 4209: 869453 869453 869453 869453 869453 869453 434156 2508 2299 1875
Geracao 4210: 869453 869453 869453 869453 869453 262131 262131 2329 1875 1439
Geracao 4211: 869453 869453 869453 869453 869453 869453 869453 869453 963 440
Geracao 4212: 869453 869453 869453 869453 869453 869453 869453 869453 4872 1269
Geracao 4213: 869453 869453 869453 869453 869453 869453 3597 1439 434 334
Geracao 4214: 869453 869453 869453 869453 869453 869453 869453 869453 254838 4860
Geracao 4215: 869453 869453 869453 869453 869453 869453 869453 869453 3284 2338
Geracao 4216: 869453 869453 869453 869453 869453 411396 133708 794 513 296
Geracao 4217: 869453 869453 869453 869453 869453 869453 869453 869453 869453 296
Geracao 4218: 869453 869453 869453 869453 869453 869453 869453 869453 559 394
Geracao 4219: 869453 869453 869453 869453 869453 869453 2356 1875 1439 496
Geracao 4220: 869453 869453 869453 869453 869453 869453 411396 2888 879 402
Geracao 4221: 869453 869453 869453 869453 869453 869453 869453 262131 135134 11877
Geracao 4222: 869453 869453 869453 869453 869453 869453 869453 869453 1439 281
Geracao 4223: 869453 869453 869453 869453 869453 869453 869453 869453 4879 2368
Geracao 4224: 869453 869453 869453 869453 869453 3136 1439 879 442 367
Geracao 4225: 869453 869453 869453 869453 869453 869453 869453 869453 2395 448
Geracao 4226: 869453 869453 869453 869453 869453 869453 869453 869453 2878 1875
Geracao 4227: 869453 869453 869453 869453 869453 869453 869453 869453 411396 367
Geracao 4228: 869453 869453 869453 869453 869453 869453 869453 869453 2444 1875
Geracao 4229: 869453 869453 869453 869453 869453 869453 869453 869453 126139 1138
Geracao 4230: 869453 869453 869453 869453 869453 869453 300137 2359 2297 1439
Geracao 4231: 869453 869453 869453 869453 869453 869453 2875 2437 1439 367
Geracao 4232: 869453 869453 869453 869453 869453 5995 2343 1875 1875 1439
Geracao 4233: 869453 869453 869453 869453 869453 869453 869453 3961 3136 1875
Geracao 4234: 869453 869453 869453 869453 411396 304024 262131 3961 1439 1439
Geracao 4235: 869453 869453 869453 869453 869453 869453 411396 8418 2325 1875
Geracao 4236: 869453 869453 869453 869453 869453 869453 869453 3420 1875 501
Geracao 4237: 869453 869453 869453 869453 869453 411396 2313 879 750 309
Geracao 4238: 869453 869453 869453 869453 869453 869453 411396 312770 262131 4305
Geracao 4239: 869453 869453 869453 869453 869453 869453 869453 262131 262131 350
Geracao 4240: 869453 869453 869453 869453 869453 869453 869453 411396 2444 576
Geracao 4241: 869453 869453 869453 869453 869453 869453 869453 869453 869453 4468
Geracao 4242: 869453 869453 869453 869453 869453 411396 4433 1875 1439 316
Geracao 4243: 869453 869453 869453 869453 869453 869453 869453 869453 262131 418
Geracao 4244: 869453 869453 869453 869453 869453 869453 869453 869453 411396 328
Geracao 4245: 869453 869453 869453 869453 869453 869453 869453 1875 650 302
Geracao 4246: 869453 869453 869453 869453 869453 411396 411396 2984 2613 614
Geracao 4247: 869453 869453 869453 869453 869453 869453 869453 411396 2344 1875
Geracao 4248: 869453 869453 869453 869453 869453 869453 1875 879 465 339
Geracao 4249: 869453 869453 869453 869453 869453 869453 869453 869453 373 373
Geracao 4250: 869453 869453 869453 869453 869453 869453 869453 869453 411396 411396
Geracao 4251: 869453 869453 869453 869453 869453 411396 8717 2872 440 368
Geracao 4252: 869453 869453 869453 869453 869453 869453 869453 869453 869453 296
Geracao 4253: 869453 869453 869453 869453 869453 869453 424127 1875 504 351
Geracao 4254: 869453 869453 869453 869453 869453 869453 869453 411396 837 439
Geracao 4255: 869453 869453 869453 869453 869453 869453 869453 869453 869453 9524
Geracao 4256: 869453 869453 869453 869453 869453 262131 2868 1875 1439 879
Geracao 4257: 869453 869453 869453 869453 869453 869453 869453 411396 2471 518
Geracao 4258: 869453 869453 869453 869453 869453 869453 411396 2462 1439 509
Geracao 4259: 869453 869453 869453 869453 869453 869453 869453 4281 2719 1875
Geracao 4260: 869453 869453 869453 869453 869453 869453 435157 923 799 427
Geracao 4261: 869453 869453 869453 869453 869453 869453 869453 404488 2858 854
Geracao 4262: 869453 869453 869453 869453 869453 869453 869453 869453 411396 411396
Geracao 4263: 869453 869453 869453 869453 869453 869453 869453 2444 808 770
Geracao 4264: 869453 869453 869453 869453 869453 869453 869453 262131 262131 339
Geracao 4265: 869453 869453 869453 869453 869453 869453 312141 262131 2283 688
Geracao 4266: 869453 869453 869453 869453 869453 869453 869453 2907 953 413
Geracao 4267: 869453 869453 869453 411396 262131 5840 2386 1875 1875 688
Geracao 4268: 869453 869453 869453 869453 869453 869453 125124 2929 447 278
Geracao 4269: 869453 869453 869453 869453 869453 869453 869453 238114 672 347
Geracao 4270: 869453 869453 869453 869453 869453 869453 869453 869453 4879 335
Geracao 4271: 869453 869453 869453 869453 869453 869453 6880 4847 3071 583
Geracao 4272: 869453 869453 869453 869453 869453 869453 869453 4855 1875 378
Geracao 4273: 869453 869453 869453 869453 869453 869453 869453 3875 2779 438
Geracao 4274: 869453 869453 869453 869453 869453 869453 869453 869453 869453 552
Geracao 4275: 869453 869453 869453 869453 869453 869453 869453 411396 411396 9876
Geracao 4276: 869453 869453 869453 869453 3084 1875 1439 551 507 332
Geracao 4277: 869453 869453 869453 869453 869453 869453 869453 411396 544 353
Geracao 4278: 869453 869453 869453 869453 869453 869453 262131 2958 883 731
Geracao 4279: 869453 869453 869453 869453 869453 869453 869453 411396 2858 2345
Geracao 4280: 869453 869453 869453 869453 869453 869453 869453 262131 3870 729
Geracao 4281: 869453 869453 869453 869453 869453 262131 1165 585 585 566
Geracao 4282: 869453 869453 869453 869453 869453 869453 869453 869453 1069 726
Geracao 4283: 869453 869453 869453 869453 869453 869453 869453 869453 869453 1701
Geracao 4284: 869453 869453 869453 869453 869453 869453 869453 869453 3105 2976
Geracao 4285: 869453 869453 869453 869453 869453 869453 869453 119976 2446 461
Geracao 4286: 869453 869453 869453 869453 869453 869453 403364 2898 863 735
Geracao 4287: 869453 869453 869453 869453 869453 869453 411396 4305 712 447
Geracao 4288: 869453 869453 869453 869453 869453 869453 869453 540065 262131 856
Geracao 4289: 869453 869453 869453 869453 869453 869453 869453 126134 828 815
Geracao 4290: 869453 869453 869453 869453 411396 262131 3136 836 619 548
Geracao 4291: 869453 869453 869453 869453 869453 869453 869453 2629 1875 891
Geracao 4292: 869453 869453 869453 869453 869453 869453 2994 1062 894 535
Geracao 4293: 869453 869453 869453 869453 869453 869453 869453 869453 869453 109090
Geracao 4294: 869453 869453 869453 869453 869453 869453 869453 869453 2399 750
Geracao 4295: 869453 869453 869453 869453 869453 869453 869453 913 908 569
Geracao 4296: 869453 869453 869453 869453 869453 869453 869453 869453 1174 398
Geracao 4297: 869453 869453 869453 869453 869453 869453 2976 670 594 581
Geracao 4298: 869453 869453 869453 869453 869453 869453 411396 2839 2698 1016
Geracao 4299: 869453 869453 869453 869453 869453 869453 3136 2650 2444 1875
Geracao 4300: 869453 869453 869453 869453 869453 869453 869453 869453 2852 2381
Geracao 4301: 869453 869453 869453 869453 869453 262131 591 581 581 560
Geracao 4302: 869453 869453 869453 869453 869453 869453 869453 869453 411396 262131
Geracao 4303: 869453 869453 869453 869453 869453 4305 879 742 711 428
Geracao 4304: 869453 869453 869453 869453 869453 869453 309055 262131 848 770
Geracao 4305: 869453 869453 869453 869453 869453 869453 411396 2781 931 533
Geracao 4306: 869453 869453 869453 869453 869453 869453 4305 899 797 533
Geracao 4307: 869453 869453 869453 869453 869453 869453 869453 869453 426428 2776
Geracao 4308: 869453 869453 869453 869453 869453 869453 869453 869453 1450 1450
Geracao 4309: 869453 869453 869453 869453 869453 869453 869453 869453 749 735
Geracao 4310: 869453 869453 869453 869453 869453 869453 869453 869453 411396 262131
Geracao 4311: 869453 869453 869453 869453 869453 869453 869453 869453 875 872
Geracao 4312: 869453 869453 869453 869453 869453 869453 869453 411396 411396 540
Geracao 4313: 869453 869453 869453 869453 869453 869453 869453 262131 249129 1875
Geracao 4314: 869453 869453 869453 869453 869453 262131 262131 924 879 801
Geracao 4315: 869453 869453 869453 869453 869453 411396 262131 1099 606 474
Geracao 4316: 869453 869453 869453 869453 869453 869453 869453 4305 2542 1035
Geracao 4317: 869453 869453 869453 3467 2681 2653 1043 980 831 806
Geracao 4318: 869453 869453 869453 869453 869453 869453 869453 945 862 496
Geracao 4319: 869453 869453 869453 869453 869453 10957 10957 3867 1875 1875
Geracao 4320: 869453 869453 869453 869453 869453 869453 869453 262131 11686 4280
Geracao 4321: 869453 869453 869453 869453 869453 869453 869453 869453 1875 1875
Geracao 4322: 869453 869453 869453 424129 411396 262131 262131 1692 879 371
Geracao 4323: 869453 869453 869453 869453 869453 869453 869453 2521 1875 373
Geracao 4324: 869453 869453 869453 869453 869453 411396 272135 262131 4475 595
Geracao 4325: 869453 869453 869453 869453 869453 869453 869453 4475 3136 284
Geracao 4326: 869453 869453 869453 869453 869453 869453 869453 9972 2639 450
Geracao 4327: 869453 869453 869453 869453 869453 869453 869453 869453 869453 1875
Geracao 4328: 869453 869453 869453 869453 869453 869453 869453 4475 2359 666
Geracao 4329: 869453 869453 869453 869453 869453 869453 869453 869453 262131 233120
Geracao 4330: 869453 869453 869453 262131 262131 262131 4281 1118 1100 949
Geracao 4331: 869453 869453 869453 869453 869453 869453 869453 869453 262131 365
Geracao 4332: 869453 869453 869453 869453 869453 411396 395954 3589 399 261
Geracao 4333: 869453 869453 869453 869453 869453 869453 869453 108678 1439 413
Geracao 4334: 869453 869453 869453 869453 869453 869453 869453 1875 987 429
Geracao 4335: 869453 869453 869453 869453 869453 869453 869453 869453 262131 588
Geracao 4336: 869453 869453 869453 869453 869453 869453 869453 411396 409396 741
Geracao 4337: 869453 869453 869453 869453 869453 869453 869453 869453 133133 879
Geracao 4338: 869453 869453 869453 869453 869453 869453 869453 869453 1875 1875
Geracao 4339: 869453 869453 869453 869453 869453 869453 869453 829549 829549 829549
Geracao 4340: 869453 869453 869453 869453 869453 189842 189649 187841 674 585
Geracao 4341: 869453 869453 869453 869453 869453 869453 869453 869453 124110 453
Geracao 4342: 869453 869453 869453 869453 869453 869453 2443 2283 1875 619
Geracao 4343: 869453 869453 869453 869453 869453 869453 869453 187928 6128 4876
Geracao 4344: 869453 869453 869453 869453 869453 869453 411396 191403 4305 1875
Geracao 4345: 869453 869453 869453 869453 869453 869453 869453 869453 5146 404
Geracao 4346: 869453 869453 869453 869453 869453 869453 869453 869453 869453 564
Geracao 4347: 869453 869453 869453 869453 869453 869453 869453 869453 16219 8024
Geracao 4348: 869453 869453 869453 869453 869453 869453 869453 869453 869453 37131
Geracao 4349: 869453 869453 869453 869453 869453 869453 869453 869453 201027 9027
Geracao 4350: 869453 869453 869453 869453 869453 869453 869453 411396 9027 3837
Geracao 4351: 869453 869453 869453 869453 869453 869453 869453 869453 411396 3837
Geracao 4352: 869453 869453 869453 869453 869453 411396 346036 21030 3532 2433
Geracao 4353: 869453 869453 869453 869453 869453 869453 411396 346036 879 322
Geracao 4354: 869453 869453 869453 869453 869453 869453 869453 869453 125132 4796
Geracao 4355: 869453 869453 869453 869453 869453 869453 869453 262131 3066 2437
Geracao 4356: 869453 869453 869453 869453 869453 869453 197027 9731 2542 465
Geracao 4357: 869453 869453 869453 869453 869453 869453 869453 869453 869453 411396
Geracao 4358: 869453 869453 869453 869453 869453 869453 869453 869453 187920 171823
Geracao 4359: 869453 869453 869453 869453 869453 869453 869453 9731 2863 328
Geracao 4360: 869453 869453 869453 869453 869453 869453 869453 869453 9731 3136
Geracao 4361: 869453 869453 869453 869453 869453 869453 869453 306362 12088 394
Geracao 4362: 869453 869453 869453 869453 869453 869453 869453 6249 349 334
Geracao 4363: 869453 869453 869453 869453 869453 869453 869453 869453 869453 411396
Geracao 4364: 869453 869453 869453 869453 869453 869453 869453 869453 869453 411396
Geracao 4365: 869453 869453 869453 869453 869453 869453 869453 869453 6249 2869
Geracao 4366: 869453 869453 869453 869453 869453 869453 11669 5378 460 344
Geracao 4367: 869453 869453 869453 869453 869453 869453 869453 869453 869453 869453
Geracao 4368: 869453 869453 869453 869453 869453 869453 869453 869453 869453 1875
Geracao 4369: 869453 869453 869453 869453 869453 869453 869453 869453 869453 437
Geracao 4370: 869453 869453 869453 869453 869453 869453 869453 2547 1875 1875
Geracao 4371: 869453 869453 869453 869453 869453 869453 869453 869453 869453 1439
Geracao 4372: 869453 869453 869453 869453 869453 869453 869453 847 559 347
Geracao 4373: 869453 869453 869453 869453 869453 869453 869453 869453 869453 869453
Geracao 4374: 869453 869453 869453 869453 869453 869453 869453 869453 869453 301962
Geracao 4375: 869453 869453 869453 869453 869453 869453 869453 3874 2845 2657
Geracao 4376: 869453 869453 869453 869453 869453 869453 869453 869453 869453 1875
Geracao 4377: 869453 869453 869453 869453 869453 869453 869453 411396 1439 849
Geracao 4378: 869453 869453 869453 869453 869453 869453 869453 869453 2540 1875
Geracao 4379: 869453 869453 869453 869453 869453 869453 869453 869453 647 574
Geracao 4380: 869453 869453 869453 869453 869453 869453 869453 2541 652 435
Geracao 4381: 869453 869453 869453 869453 869453 869453 869453 869453 869453 869453
Geracao 4382: 869453 869453 869453 869453 2674 2437 1439 825 782 643
Geracao 4383: 869453 869453 869453 869453 869453 869453 2599 2515 1788 751
Geracao 4384: 869453 869453 869453 869453 869453 869453 869453 869453 3136 663
Geracao 4385: 869453 869453 869453 869453 869453 869453 869453 869453 869453 24955
Geracao 4386: 869453 869453 869453 869453 869453 869453 869453 869453 869453 438
Geracao 4387: 869453 869453 869453 869453 869453 869453 869453 869453 1875 1875
Geracao 4388: 869453 869453 869453 869453 869453 869453 869453 869453 869453 869453
Geracao 4389: 869453 869453 869453 869453 869453 869453 869453 869453 869453 869453
Geracao 4390: 869453 869453 869453 869453 869453 3376 2557 560 450 372
Geracao 4391: 869453 869453 869453 869453 869453 869453 869453 869453 411396 361
Geracao 4392: 869453 869453 869453 869453 869453 869453 869453 869453 2558 565
Geracao 4393: 869453 869453 869453 869453 869453 869453 130996 3476 2498 438
Geracao 4394: 869453 869453 869453 869453 869453 869453 869453 2666 415 372
Geracao 4395: 869453 869453 869453 869453 869453 869453 869453 869453 2646 1474
Geracao 4396: 869453 869453 869453 869453 869453 869453 869453 4881 486 324
Geracao 4397: 869453 869453 869453 869453 869453 869453 869453 869453 411396 2460
Geracao 4398: 869453 869453 869453 869453 869453 869453 436020 411396 1875 1439
Geracao 4399: 869453 869453 869453 869453 869453 869453 869453 254128 2405 379
Geracao 4400: 869453 869453 869453 869453 869453 869453 869453 869453 869453 315369
Geracao 4401: 869453 869453 869453 869453 869453 869453 869453 869453 869453 2469
Geracao 4402: 869453 869453 869453 869453 869453 869453 869453 869453 869453 2374
Geracao 4403: 869453 869453 869453 869453 869453 869453 869453 407094 457 388
Geracao 4404: 869453 869453 869453 869453 869453 869453 869453 139723 479 393
Geracao 4405: 869453 869453 869453 869453 411396 2524 1875 656 595 373
Geracao 4406: 869453 869453 869453 869453 869453 869453 869453 869453 869453 384
Geracao 4407: 869453 869453 869453 869453 869453 869453 375268 134003 9141 850
Geracao 4408: 869453 869453 869453 869453 869453 394053 108053 8131 1875 472
Geracao 4409: 869453 869453 869453 869453 869453 869453 869453 411396 2620 1875
Geracao 4410: 869453 869453 869453 869453 869453 869453 411396 230101 4305 2580
Geracao 4411: 869453 869453 869453 869453 869453 869453 869453 411396 1875 423
Geracao 4412: 869453 869453 869453 869453 869453 869453 869453 869453 411396 114942
Geracao 4413: 869453 869453 869453 869453 869453 869453 869453 695 480 381
Geracao 4414: 869453 869453 869453 869453 424581 411396 304155 2387 2384 1875
Geracao 4415: 869453 869453 869453 869453 869453 5581 3136 3052 511 327
Geracao 4416: 869453 869453 869453 869453 869453 869453 869453 869453 134131 2490
Geracao 4417: 869453 869453 869453 869453 411396 141149 2946 572 521 378
Geracao 4418: 869453 869453 869453 869453 869453 869453 869453 869453 1875 879
Geracao 4419: 869453 869453 869453 869453 869453 869453 869453 2441 704 637
Geracao 4420: 869453 869453 869453 869453 869453 869453 869453 196421 1439 382
Geracao 4421: 869453 869453 869453 869453 869453 869453 411396 2392 1439 606
Geracao 4422: 869453 869453 869453 869453 869453 411396 262131 196421 2441 660
Geracao 4423: 869453 869453 869453 869453 869453 869453 869453 869453 262131 196421
Geracao 4424: 869453 869453 869453 869453 869453 869453 869453 869453 411396 443
Geracao 4425: 869453 869453 869453 869453 869453 869453 869453 1086 368 284
Geracao 4426: 869453 869453 869453 869453 869453 869453 262131 2351 1875 390
Geracao 4427: 869453 869453 869453 869453 869453 869453 262131 1875 470 450
Geracao 4428: 869453 869453 869453 869453 869453 869453 134011 107661 318 309
Geracao 4429: 869453 869453 869453 869453 869453 869453 869453 869453 262131 2872
Geracao 4430: 869453 869453 869453 869453 869453 869453 411396 247128 134011 2484
Geracao 4431: 869453 869453 869453 869453 869453 869453 262131 134011 1875 586
Geracao 4432: 869453 869453 869453 869453 869453 869453 869453 134011 1875 456
Geracao 4433: 869453 869453 869453 869453 869453 869453 869453 426134 2443 2405
Geracao 4434: 869453 869453 869453 869453 869453 869453 869453 262131 262131 5703
Geracao 4435: 869453 869453 869453 869453 869453 262131 5399 710 452 334
Geracao 4436: 869453 869453 869453 869453 869453 869453 710 661 582 572
Geracao 4437: 869453 869453 869453 869453 869453 869453 869453 869453 2540 2442
Geracao 4438: 869453 869453 869453 869453 869453 869453 130999 2860 1875 649
Geracao 4439: 869453 869453 869453 869453 869453 869453 262131 693 626 476
Geracao 4440: 869453 869453 869453 869453 869453 869453 869453 869453 411396 3149
Geracao 4441: 869453 869453 869453 869453 869453 869453 869453 869453 3140 425
Geracao 4442: 869453 869453 869453 869453 869453 411396 262131 507 507 442
Geracao 4443: 869453 869453 869453 869453 869453 262131 2860 2690 2516 343
Geracao 4444: 869453 869453 869453 869453 869453 869453 411396 411396 262131 2973
Geracao 4445: 869453 869453 869453 869453 869453 869453 869453 869453 411396 4281
Geracao 4446: 869453 869453 869453 869453 869453 869453 869453 869453 869453 439994
Geracao 4447: 869453 869453 869453 869453 262131 11488 4445 2442 514 470
Geracao 4448: 869453 869453 869453 869453 869453 869453 869453 869453 262131 1875
Geracao 4449: 869453 869453 869453 262131 2860 2814 2736 2613 2592 643
Geracao 4450: 869453 869453 869453 869453 869453 869453 869453 869453 869453 411396
Geracao 4451: 869453 869453 869453 869453 869453 869453 869453 869453 262131 572
Geracao 4452: 869453 869453 869453 869453 869453 869453 262131 262131 537 453
Geracao 4453: 869453 869453 869453 869453 869453 869453 869453 2446 993 633
Geracao 4454: 869453 869453 869453 869453 869453 869453 262131 262131 6688 2860
Geracao 4455: 869453 869453 869453 869453 869453 869453 869453 262131 2474 663
Geracao 4456: 869453 869453 869453 869453 869453 869453 869453 262131 2452 1729
Geracao 4457: 869453 869453 869453 869453 869453 869453 869453 2860 2688 1875
Geracao 4458: 869453 869453 869453 869453 869453 869453 869453 411396 262131 300
Geracao 4459: 869453 869453 869453 869453 869453 869453 411396 411396 262131 1352
Geracao 4460: 869453 869453 869453 869453 869453 869453 262131 2442 571 427
Geracao 4461: 869453 869453 869453 869453 869453 869453 262131 262131 3893 3875
Geracao 4462: 869453 869453 869453 869453 869453 419118 262131 4852 2410 2368
Geracao 4463: 869453 869453 869453 869453 869453 869453 869453 411396 1439 361
Geracao 4464: 869453 869453 869453 869453 869453 8089 7126 4871 3873 2376
Geracao 4465: 869453 869453 869453 869453 869453 869453 869453 869453 411396 2435
Geracao 4466: 869453 869453 869453 869453 869453 2976 2485 736 335 294
Geracao 4467: 869453 869453 869453 869453 869453 262131 262131 626 604 406
Geracao 4468: 869453 869453 869453 869453 869453 869453 1032 810 626 420
Geracao 4469: 869453 869453 869453 869453 869453 869453 869453 869453 4881 450
Geracao 4470: 869453 869453 869453 869453 869453 869453 869453 2859 2680 504
Geracao 4471: 869453 869453 869453 869453 869453 411396 262131 588 346 304
Geracao 4472: 869453 869453 869453 869453 869453 262131 891 539 373 324
Geracao 4473: 869453 869453 869453 869453 869453 411396 262131 2742 878 501
Geracao 4474: 869453 869453 869453 869453 869453 869453 869453 262131 2454 1079
Geracao 4475: 869453 869453 869453 869453 411396 2699 1875 622 387 292
Geracao 4476: 869453 869453 869453 869453 869453 869453 869453 869453 869453 1875
Geracao 4477: 869453 869453 869453 869453 869453 869453 869453 124125 2349 371
Geracao 4478: 869453 869453 869453 869453 869453 869453 869453 869453 869453 4281
Geracao 4479: 869453 869453 869453 869453 869453 869453 262131 262131 131149 1875
Geracao 4480: 869453 869453 869453 869453 869453 869453 262131 262131 262131 2392
Geracao 4481: 869453 869453 869453 869453 869453 869453 262131 2436 1875 1875
Geracao 4482: 869453 869453 869453 869453 869453 869453 869453 262131 262131 1875
Geracao 4483: 869453 869453 262131 262131 262131 138150 8531 1875 879 566
Geracao 4484: 869453 869453 869453 869453 411396 262131 262131 4281 1439 724
Geracao 4485: 869453 869453 869453 869453 869453 869453 869453 262131 2563 394
Geracao 4486: 869453 869453 869453 411396 262131 4872 2328 1875 648 440
Geracao 4487: 869453 869453 869453 869453 869453 869453 869453 262131 262131 2516
Geracao 4488: 869453 869453 869453 869453 869453 869453 869453 262131 262131 3136
Geracao 4489: 869453 869453 869453 869453 869453 869453 262131 238362 4281 2438
Geracao 4490: 869453 869453 869453 869453 869453 423130 262131 262131 262131 3852
Geracao 4491: 869453 869453 869453 869453 411396 262131 4869 553 541 451
Geracao 4492: 869453 869453 869453 869453 869453 869453 869453 262131 262131 1375
Geracao 4493: 869453 411396 4750 2735 2457 1439 731 555 499 478
Geracao 4494: 869453 869453 411396 411396 262131 262131 262131 3391 2873 463
Geracao 4495: 869453 869453 869453 869453 411396 262131 262131 2625 679 285
Geracao 4496: 869453 869453 869453 869453 869453 869453 869453 869453 541 362
Geracao 4497: 869453 869453 869453 869453 869453 869453 262131 262131 1319 317
Geracao 4498: 869453 869453 869453 869453 262131 262131 262131 540 493 473
Geracao 4499: 869453 869453 869453 869453 869453 869453 869453 2737 2592 709
Geracao 4500: 869453 869453 869453 869453 869453 869453 869453 95140 3105 879
Geracao 4501: 869453 869453 869453 869453 869453 869453 869453 869453 869453 2564
Geracao 4502: 869453 869453 869453 869453 869453 869453 869453 4281 2932 624
Geracao 4503: 869453 262131 6707 2988 2968 657 628 583 523 481
Geracao 4504: 869453 869453 869453 869453 869453 869453 869453 869453 262131 260129
Geracao 4505: 869453 869453 869453 869453 869453 411396 262131 262131 134724 929
Geracao 4506: 869453 869453 869453 869453 869453 869453 869453 869453 625 435
Geracao 4507: 869453 869453 869453 869453 869453 311835 262131 262131 1790 512
Geracao 4508: 869453 869453 869453 869453 869453 869453 869453 262131 917 900
Geracao 4509: 869453 869453 869453 869453 869453 869453 262131 2565 706 531
Geracao 4510: 869453 869453 869453 869453 869453 869453 411396 411396 262131 3409
Geracao 4511: 869453 869453 869453 869453 869453 411396 262131 94081 4281 1057
Geracao 4512: 869453 869453 869453 869453 869453 869453 869453 2764 706 446
Geracao 4513: 869453 869453 869453 869453 869453 411396 262131 2576 1795 794
Geracao 4514: 869453 869453 869453 869453 869453 869453 411396 262131 262131 436
Geracao 4515: 869453 869453 869453 869453 869453 262131 3136 2561 772 735
Geracao 4516: 869453 869453 869453 869453 869453 1875 906 735 725 491
Geracao 4517: 869453 869453 869453 869453 869453 869453 869453 869453 262131 1749
Geracao 4518: 869453 869453 869453 869453 869453 869453 1716 1146 554 535
Geracao 4519: 869453 869453 869453 869453 869453 869453 869453 869453 262131 1251
Geracao 4520: 869453 869453 869453 869453 869453 869453 869453 869453 1069 961
Geracao 4521: 869453 869453 869453 869453 869453 262131 262131 3133 1095 589
Geracao 4522: 869453 869453 869453 869453 869453 869453 411396 262131 131548 840
Geracao 4523: 869453 869453 869453 869453 869453 869453 869453 869453 3136 838
Geracao 4524: 869453 869453 869453 869453 869453 869453 869453 411396 262131 783
Geracao 4525: 869453 869453 869453 869453 869453 869453 869453 262131 4849 4281
Geracao 4526: 869453 869453 869453 869453 869453 869453 869453 262131 8138 773
Geracao 4527: 869453 869453 869453 869453 262131 262131 262131 2856 2676 554
Geracao 4528: 869453 869453 869453 869453 869453 869453 869453 262131 719 554
Geracao 4529: 869453 869453 869453 869453 869453 869453 430147 262131 262131 1875
Geracao 4530: 869453 869453 869453 869453 869453 869453 869453 411396 131705 1875
Geracao 4531: 869453 869453 869453 869453 869453 411396 554 554 554 554
Geracao 4532: 869453 869453 869453 869453 869453 869453 869453 262131 3136 2587
Geracao 4533: 869453 869453 869453 869453 869453 869453 869453 262131 262131 511
Geracao 4534: 869453 869453 869453 869453 869453 869453 869453 133708 2389 374
Geracao 4535: 869453 869453 869453 869453 262131 262131 4281 3461 2590 2444
Geracao 4536: 869453 869453 869453 869453 869453 869453 869453 411396 523 381
Geracao 4537: 869453 869453 869453 869453 411396 262131 262131 262131 120120 3136
Geracao 4538: 869453 869453 869453 869453 869453 869453 262131 262131 1439 379
Geracao 4539: 869453 869453 869453 869453 262131 3309 538 505 483 480
Geracao 4540: 869453 869453 869453 869453 869453 869453 869453 869453 869453 815
Geracao 4541: 262131 262131 262131 262131 262131 262131 262131 262131 972 856
Geracao 4542: 869453 262131 262131 262131 262131 262131 262131 262131 262131 1875
Geracao 4543: 869453 869453 869453 869453 262131 262131 262131 911 826 609
Geracao 4544: 869453 869453 869453 869453 869453 869453 869453 1110 994 794
Geracao 4545: 869453 869453 869453 869453 869453 869453 1087 990 950 852
Geracao 4546: 869453 869453 869453 869453 869453 869453 869453 906 845 440
Geracao 4547: 869453 869453 869453 869453 869453 869453 869453 869453 869453 457
Geracao 4548: 869453 869453 869453 869453 869453 869453 869453 2442 1125 764
Geracao 4549: 869453 869453 869453 869453 869453 869453 869453 869453 869453 2979
Geracao 4550: 869453 869453 869453 869453 869453 869453 869453 869453 3336 810
Geracao 4551: 869453 869453 869453 869453 869453 869453 869453 512 353 353
Geracao 4552: 869453 869453 869453 869453 869453 869453 411396 2375 1875 399
Geracao 4553: 869453 869453 869453 869453 869453 869453 869453 411396 1875 926
Geracao 4554: 869453 869453 869453 869453 869453 869453 869453 869453 471 353
Geracao 4555: 869453 869453 869453 869453 869453 869453 869453 869453 869453 1434
Geracao 4556: 869453 869453 869453 869453 869453 869453 869453 411396 4699 1875
Geracao 4557: 869453 869453 869453 869453 869453 869453 869453 869453 258124 296
Geracao 4558: 869453 869453 869453 869453 869453 869453 411396 90556 3872 1439
Geracao 4559: 869453 869453 869453 869453 869453 869453 869453 411396 262131 255
Geracao 4560: 869453 869453 869453 869453 411396 3237 2402 2312 879 318
Geracao 4561: 869453 869453 869453 869453 869453 869453 411396 411396 8157 353
Geracao 4562: 869453 869453 869453 869453 869453 869453 869453 869453 869453 869453
Geracao 4563: 869453 869453 869453 869453 869453 869453 869453 411396 262131 871
Geracao 4564: 869453 869453 869453 869453 869453 411396 262131 4305 2852 481
Geracao 4565: 869453 869453 869453 869453 869453 869453 411396 262131 1875 495
Geracao 4566: 869453 869453 869453 869453 869453 869453 869453 869453 869453 869453
Geracao 4567: 869453 869453 869453 869453 869453 869453 869453 869453 327130 2431
Geracao 4568: 869453 869453 869453 869453 869453 869453 869453 869453 869453 534
Geracao 4569: 869453 869453 869453 869453 869453 262131 150169 139156 8281 4755
Geracao 4570: 869453 869453 869453 869453 869453 869453 869453 869453 869453 770
Geracao 4571: 869453 869453 869453 869453 869453 869453 869453 869453 4952 879
Geracao 4572: 869453 869453 869453 869453 869453 869453 35968 1875 803 469
Geracao 4573: 869453 869453 869453 869453 869453 869453 984 817 803 501
Geracao 4574: 869453 869453 869453 869453 869453 869453 411396 262131 1875 424
Geracao 4575: 869453 869453 869453 869453 869453 869453 411396 411396 1875 541
Geracao 4576: 869453 869453 869453 869453 869453 869453 869453 262131 3136 367
Geracao 4577: 869453 869453 869453 869453 869453 869453 411396 262131 262131 4876
Geracao 4578: 869453 869453 869453 869453 869453 869453 869453 4281 1875 464
Geracao 4579: 869453 869453 869453 869453 869453 419416 262131 8259 4931 429
Geracao 4580: 869453 869453 869453 869453 869453 869453 869453 869453 262131 1875
Geracao 4581: 869453 869453 869453 869453 869453 869453 869453 559 371 341
Geracao 4582: 869453 869453 869453 869453 869453 3136 1004 970 969 904
Geracao 4583: 869453 869453 869453 869453 869453 262131 262131 262131 938 848
Geracao 4584: 869453 869453 869453 869453 869453 869453 869453 869453 869453 3136
Geracao 4585: 869453 869453 869453 869453 411396 5347 2921 2787 2494 643
Geracao 4586: 869453 869453 869453 869453 869453 869453 869453 419119 262131 960
Geracao 4587: 869453 869453 869453 869453 869453 869453 411396 856 532 462
Geracao 4588: 869453 869453 869453 869453 869453 869453 869453 3136 1480 541
Geracao 4589: 869453 869453 869453 869453 869453 869453 411396 3871 2479 1491
Geracao 4590: 869453 869453 869453 869453 869453 869453 2742 946 564 338
Geracao 4591: 869453 869453 869453 869453 869453 869453 869453 437158 436017 741
Geracao 4592: 869453 869453 869453 869453 869453 869453 411396 334143 2724 367
Geracao 4593: 869453 869453 869453 869453 869453 869453 869453 411396 307654 879
Geracao 4594: 869453 869453 869453 869453 869453 411396 262131 4873 468 439
Geracao 4595: 869453 869453 869453 869453 869453 869453 869453 411396 2421 1107
Geracao 4596: 869453 869453 869453 869453 869453 869453 869453 2437 2421 464
Geracao 4597: 869453 869453 869453 869453 869453 869453 869453 869453 2484 433
Geracao 4598: 869453 869453 869453 869453 869453 869453 869453 869453 869453 433
Geracao 4599: 869453 869453 869453 869453 869453 869453 4797 3485 3439 1875
Geracao 4600: 869453 869453 869453 869453 869453 869453 869453 869453 869453 236
Geracao 4601: 869453 869453 869453 869453 869453 869453 869453 869453 1439 850
Geracao 4602: 869453 869453 869453 869453 869453 869453 869453 124705 3867 590
Geracao 4603: 869453 869453 869453 869453 869453 869453 2317 373 373 311
Geracao 4604: 869453 869453 869453 869453 869453 869453 869453 869453 869453 411396
Geracao 4605: 869453 869453 869453 869453 869453 869453 869453 869453 411396 2858
Geracao 4606: 869453 869453 869453 869453 869453 869453 869453 869453 262131 283
Geracao 4607: 869453 869453 869453 869453 869453 869453 869453 1875 988 367
Geracao 4608: 869453 869453 869453 869453 869453 406094 133144 2646 2291 882
Geracao 4609: 869453 869453 869453 869453 869453 424005 411396 2291 1439 879
Geracao 4610: 869453 869453 869453 869453 869453 869453 869453 2431 2243 380
Geracao 4611: 869453 869453 869453 869453 869453 869453 869453 2577 2484 1875
Geracao 4612: 869453 869453 869453 869453 869453 869453 869453 4851 879 289
Geracao 4613: 869453 869453 869453 869453 253539 2541 2535 1439 480 478
Geracao 4614: 869453 869453 869453 869453 869453 869453 411396 411396 4281 499
Geracao 4615: 869453 869453 869453 869453 869453 869453 869453 411396 2857 489
Geracao 4616: 869453 869453 869453 869453 869453 869453 869453 418954 2444 1439
Geracao 4617: 869453 869453 869453 869453 869453 869453 869453 869453 411396 2358
Geracao 4618: 869453 869453 869453 869453 869453 411396 2442 1875 569 315
Geracao 4619: 869453 869453 869453 869453 869453 869453 419118 2397 477 429
Geracao 4620: 869453 869453 869453 869453 869453 869453 411396 133708 1439 572
Geracao 4621: 869453 869453 869453 869453 869453 869453 869453 2488 2488 879
Geracao 4622: 869453 869453 869453 869453 869453 731454 3190 770 567 517
Geracao 4623: 869453 869453 869453 869453 869453 869453 869453 259868 1439 438
Geracao 4624: 869453 869453 869453 869453 869453 869453 1875 1875 332 319
Geracao 4625: 869453 869453 869453 869453 869453 869453 869453 869453 869453 180038
Geracao 4626: 869453 869453 869453 869453 869453 869453 869453 869453 262131 13588
Geracao 4627: 869453 869453 869453 869453 869453 869453 869453 411396 2367 324
Geracao 4628: 869453 869453 869453 869453 869453 869453 869453 869453 869453 2291
Geracao 4629: 869453 869453 869453 869453 869453 411396 411396 1875 879 564
Geracao 4630: 869453 869453 869453 869453 869453 869453 869453 869453 2388 747
Geracao 4631: 869453 869453 869453 869453 869453 869453 869453 869453 869453 411396
Geracao 4632: 869453 869453 869453 869453 411396 262131 4480 1875 1398 1025
Geracao 4633: 869453 869453 869453 869453 869453 869453 869453 869453 869453 828
Geracao 4634: 869453 869453 869453 869453 869453 869453 869453 869453 2782 892
Geracao 4635: 869453 869453 869453 869453 869453 869453 1875 1081 897 699
Geracao 4636: 869453 869453 869453 869453 869453 869453 411396 131706 21293 4281
Geracao 4637: 869453 869453 869453 869453 869453 869453 869453 411396 1875 935
Geracao 4638: 869453 869453 869453 869453 869453 869453 869453 2487 909 909
Geracao 4639: 869453 869453 869453 869453 869453 869453 869453 4281 1006 941
Geracao 4640: 869453 869453 869453 869453 869453 869453 869453 411396 1875 613
Geracao 4641: 869453 869453 869453 869453 869453 869453 869453 869453 613 351
Geracao 4642: 869453 869453 869453 869453 869453 869453 869453 869453 869453 869453
Geracao 4643: 869453 869453 869453 869453 869453 869453 869453 869453 869453 2599
Geracao 4644: 869453 869453 869453 869453 869453 869453 224748 7084 4281 3136
Geracao 4645: 869453 869453 869453 869453 869453 411396 2711 2356 612 427
Geracao 4646: 869453 869453 869453 869453 869453 869453 869453 422126 4045 1433
Geracao 4647: 869453 869453 869453 869453 869453 869453 869453 869453 869453 515
Geracao 4648: 869453 869453 869453 869453 869453 869453 869453 869453 411396 465
Geracao 4649: 869453 869453 869453 869453 869453 869453 869453 411396 1875 1875
Geracao 4650: 869453 869453 869453 869453 869453 869453 869453 869453 4784 302
Geracao 4651: 869453 869453 869453 869453 869453 869453 10072 2366 2297 459
Geracao 4652: 869453 869453 869453 869453 869453 869453 869453 1875 1875 635
Geracao 4653: 869453 869453 869453 869453 869453 2444 1875 584 361 324
Geracao 4654: 869453 869453 869453 869453 869453 869453 411396 3293 2439 2418
Geracao 4655: 869453 869453 869453 869453 869453 869453 869453 869453 869453 1439
Geracao 4656: 869453 869453 869453 869453 869453 869453 869453 869453 411396 1875
Geracao 4657: 869453 869453 869453 869453 869453 869453 869453 85541 1875 1875
Geracao 4658: 869453 869453 869453 869453 869453 88747 1875 853 809 473
Geracao 4659: 869453 869453 869453 869453 869453 869453 424128 2915 1875 699
Geracao 4660: 869453 869453 869453 869453 869453 869453 869453 2444 1875 462
Geracao 4661: 869453 869453 869453 869453 869453 869453 869453 869453 869453 1875
Geracao 4662: 869453 869453 869453 869453 869453 262131 2444 1875 1439 259
Geracao 4663: 869453 869453 869453 869453 869453 869453 411396 262131 262131 645
Geracao 4664: 869453 869453 869453 869453 869453 869453 869453 869453 869453 460
Geracao 4665: 869453 869453 869453 869453 869453 869453 262131 2271 1875 347
Geracao 4666: 869453 869453 869453 869453 869453 869453 869453 411396 6722 1875
Geracao 4667: 869453 869453 869453 869453 411396 4871 2589 1875 1439 516
Geracao 4668: 869453 869453 869453 869453 869453 869453 869453 869453 2583 2532
Geracao 4669: 869453 869453 869453 869453 869453 869453 869453 869453 411396 2409
Geracao 4670: 869453 869453 869453 869453 869453 869453 869453 3869 1439 586
Geracao 4671: 869453 869453 869453 869453 869453 869453 409107 262131 1664 341
Geracao 4672: 869453 869453 869453 869453 869453 869453 869453 869453 869453 3136
Geracao 4673: 869453 869453 869453 869453 869453 869453 869453 411396 2444 331
Geracao 4674: 869453 869453 869453 869453 869453 869453 869453 3136 1439 331
Geracao 4675: 869453 869453 869453 869453 869453 869453 869453 869453 411396 559
Geracao 4676: 869453 869453 869453 869453 869453 869453 869453 869453 1875 1875
Geracao 4677: 869453 869453 869453 869453 869453 869453 411396 2502 2442 2413
Geracao 4678: 869453 869453 869453 869453 869453 4305 2872 2505 1439 764
Geracao 4679: 869453 869453 869453 869453 869453 385878 262131 879 547 432
Geracao 4680: 869453 869453 869453 869453 869453 869453 869453 2612 421 376
Geracao 4681: 869453 869453 869453 869453 869453 869453 869453 869453 869453 869453
Geracao 4682: 869453 869453 869453 869453 869453 869453 411396 262131 591 506
Geracao 4683: 869453 869453 869453 869453 869453 411396 4281 4281 679 491
Geracao 4684: 869453 869453 869453 869453 869453 869453 262131 81031 8125 1055
Geracao 4685: 869453 869453 869453 869453 411396 299971 262131 137006 2858 469
Geracao 4686: 869453 869453 869453 262131 262131 134999 2543 2475 1875 568
Geracao 4687: 869453 869453 869453 869453 869453 869453 262131 262131 4856 492
Geracao 4688: 869453 869453 869453 869453 869453 869453 411396 7649 3136 1875
Geracao 4689: 869453 869453 869453 869453 869453 869453 262131 4281 2736 386
Geracao 4690: 869453 869453 869453 262131 262131 262131 7127 2473 2468 562
Geracao 4691: 869453 869453 869453 869453 869453 869453 869453 411396 2970 879
Geracao 4692: 869453 869453 869453 869453 869453 869453 869453 869453 869453 411396
Geracao 4693: 869453 869453 869453 869453 869453 869453 262131 862 470 440
Geracao 4694: 869453 869453 869453 869453 869453 262131 4281 526 486 482
Geracao 4695: 869453 869453 869453 869453 869453 869453 869453 869453 4130 2872
Geracao 4696: 869453 869453 869453 869453 411396 106968 2687 2511 764 707
Geracao 4697: 869453 869453 869453 869453 869453 262131 4281 906 707 707
Geracao 4698: 869453 869453 869453 869453 265891 4281 3702 2473 492 479
Geracao 4699: 869453 869453 869453 869453 869453 869453 869453 4281 4281 2858
Geracao 4700: 869453 869453 869453 869453 2535 2427 649 493 450 410
Geracao 4701: 869453 869453 869453 869453 869453 869453 869453 411396 262131 664
Geracao 4702: 869453 869453 869453 869453 869453 869453 869453 262131 498 429
Geracao 4703: 869453 869453 869453 869453 869453 869453 869453 869453 869453 3170
Geracao 4704: 869453 869453 869453 869453 262131 4281 4277 3136 2467 497
Geracao 4705: 869453 869453 869453 869453 869453 869453 725433 3136 738 704
Geracao 4706: 869453 869453 869453 869453 869453 869453 3136 913 879 442
Geracao 4707: 869453 869453 869453 869453 869453 869453 869453 262131 2671 514
Geracao 4708: 869453 869453 869453 869453 869453 869453 869453 262131 879 487
Geracao 4709: 869453 869453 869453 262131 262131 262131 3413 1875 886 507
Geracao 4710: 869453 869453 869453 869453 869453 411396 262131 262131 124556 1875
Geracao 4711: 869453 869453 869453 869453 869453 869453 869453 869453 262131 771
Geracao 4712: 869453 869453 869453 869453 869453 869453 416406 262131 2641 770
Geracao 4713: 869453 869453 869453 869453 869453 262131 262131 262131 262131 1875
Geracao 4714: 262131 262131 262131 262131 262131 262131 132153 1875 791 598
Geracao 4715: 262131 262131 262131 262131 262131 262131 262131 262131 1439 724
Geracao 4716: 869453 496401 262131 262131 262131 262131 262131 262131 4305 420
Geracao 4717: 869453 869453 869453 869453 869453 496401 411396 262131 6994 3874
Geracao 4718: 869453 869453 869453 869453 869453 869453 869453 869453 262131 4305
Geracao 4719: 869453 869453 869453 869453 869453 869453 869453 411396 7462 2437
Geracao 4720: 869453 869453 869453 869453 869453 869453 869453 869453 869453 2437
Geracao 4721: 869453 869453 869453 869453 869453 869453 262131 262131 519 414
Geracao 4722: 869453 869453 869453 869453 869453 869453 2668 2494 1439 485
Geracao 4723: 869453 869453 869453 869453 869453 869453 869453 869453 411396 1875
Geracao 4724: 869453 869453 869453 869453 869453 869453 869453 262131 1439 459
Geracao 4725: 869453 869453 869453 869453 869453 869453 411396 262131 3136 510
Geracao 4726: 869453 869453 869453 869453 869453 869453 869453 4855 502 440
Geracao 4727: 869453 869453 869453 869453 869453 12313 2297 1875 1875 1439
Geracao 4728: 869453 869453 869453 869453 869453 869453 869453 130129 2573 375
Geracao 4729: 869453 869453 869453 869453 869453 869453 869453 426132 1875 578
Geracao 4730: 869453 869453 869453 869453 869453 869453 869453 869453 683531 5306
Geracao 4731: 869453 869453 869453 869453 869453 869453 301967 4868 567 506
Geracao 4732: 869453 869453 869453 869453 869453 411396 119088 4485 2855 2669
Geracao 4733: 869453 869453 869453 869453 869453 869453 869453 869453 869453 869453
Geracao 4734: 869453 869453 869453 869453 869453 869453 869453 421417 1875 435
Geracao 4735: 869453 869453 869453 869453 4876 3003 2442 1439 367 267
Geracao 4736: 869453 869453 869453 869453 869453 869453 869453 869453 424430 463
Geracao 4737: 869453 869453 869453 869453 869453 869453 869453 3270 3156 1439
Geracao 4738: 869453 869453 869453 869453 869453 869453 869453 411396 262131 74499
Geracao 4739: 869453 869453 869453 869453 869453 869453 262131 138158 4871 2683
Geracao 4740: 869453 869453 869453 869453 869453 869453 869453 869453 262131 1875
Geracao 4741: 869453 869453 869453 869453 869453 869453 869453 6997 5287 1439
Geracao 4742: 869453 869453 869453 869453 869453 869453 188832 2460 1875 713
Geracao 4743: 869453 869453 869453 869453 869453 869453 869453 411396 3516 2453
Geracao 4744: 869453 869453 869453 869453 869453 869453 415996 411396 1875 1228
Geracao 4745: 869453 869453 869453 869453 869453 869453 869453 869453 869453 514
Geracao 4746: 869453 869453 869453 869453 869453 869453 869453 1157 879 402
Geracao 4747: 869453 869453 869453 869453 869453 869453 869453 869453 872 655
Geracao 4748: 869453 869453 869453 869453 869453 411396 411396 3135 2440 2428
Geracao 4749: 869453 869453 869453 411396 2948 2697 1439 1097 725 547
Geracao 4750: 869453 869453 869453 869453 869453 869453 869453 869453 428134 417
Geracao 4751: 869453 869453 869453 869453 4873 4866 4866 4281 1875 492
Geracao 4752: 869453 869453 869453 869453 869453 869453 411396 131998 126132 930
Geracao 4753: 869453 869453 869453 869453 869453 869453 8118 6781 1882 1833
Geracao 4754: 869453 869453 869453 869453 869453 411396 411396 1889 663 397
Geracao 4755: 869453 869453 869453 869453 869453 869453 869453 262131 1006 879
Geracao 4756: 869453 869453 869453 869453 869453 869453 869453 869453 220085 2468
Geracao 4757: 869453 869453 869453 869453 869453 108999 2906 929 743 723
Geracao 4758: 869453 869453 869453 869453 869453 869453 411396 411396 4305 4305
Geracao 4759: 869453 869453 869453 869453 869453 869453 869453 411396 1875 1439
Geracao 4760: 869453 869453 869453 869453 869453 869453 869453 869453 869453 2468
Geracao 4761: 869453 869453 869453 869453 869453 869453 869453 869453 869453 717
Geracao 4762: 869453 869453 869453 869453 869453 869453 869453 869453 411396 630
Geracao 4763: 869453 869453 869453 869453 869453 869453 4876 4281 2854 388
Geracao 4764: 869453 869453 869453 869453 869453 869453 411396 411396 3583 1875
Geracao 4765: 869453 869453 869453 869453 869453 869453 869453 4628 1875 1875
Geracao 4766: 869453 869453 869453 869453 869453 869453 869453 869453 869453 2433
Geracao 4767: 869453 869453 869453 869453 869453 869453 869453 879 600 483
Geracao 4768: 869453 869453 869453 869453 869453 869453 6495 1875 455 399
Geracao 4769: 869453 869453 869453 869453 869453 869453 869453 869453 1875 1875
Geracao 4770: 869453 869453 869453 869453 869453 869453 869453 3136 2549 1875
Geracao 4771: 869453 869453 869453 869453 869453 869453 869453 869453 3445 376
Geracao 4772: 869453 869453 869453 869453 869453 411396 3080 2444 2433 1875
Geracao 4773: 869453 869453 869453 869453 869453 869453 869453 869453 785 481
Geracao 4774: 869453 869453 869453 869453 869453 869453 869453 869453 869453 121023
Geracao 4775: 869453 869453 869453 869453 869453 869453 740 687 671 477
Geracao 4776: 869453 869453 869453 869453 869453 869453 869453 434459 411396 2418
Geracao 4777: 869453 869453 869453 869453 869453 869453 4866 3445 2437 418
Geracao 4778: 869453 869453 869453 869453 411396 411396 411396 2609 773 478
Geracao 4779: 869453 869453 869453 869453 869453 869453 3873 2443 2442 358
Geracao 4780: 869453 869453 869453 869453 869453 869453 8836 2420 682 496
Geracao 4781: 869453 869453 869453 869453 869453 869453 869453 411396 4281 576
Geracao 4782: 869453 869453 869453 869453 869453 869453 869453 869453 869453 10366
Geracao 4783: 869453 869453 869453 869453 869453 869453 4281 2824 825 678
Geracao 4784: 869453 869453 869453 869453 869453 869453 869453 869453 631 332
Geracao 4785: 869453 869453 869453 869453 869453 869453 869453 869453 869453 869453
Geracao 4786: 869453 869453 869453 869453 869453 411396 4281 4281 576 307
Geracao 4787: 869453 869453 869453 869453 869453 869453 869453 1271 1164 675
Geracao 4788: 869453 869453 869453 869453 869453 869453 869453 869453 4281 576
Geracao 4789: 869453 869453 869453 869453 869453 869453 869453 869453 869453 1526
Geracao 4790: 869453 869453 869453 869453 869453 869453 421418 262131 3871 3136
Geracao 4791: 869453 869453 869453 869453 869453 411988 262131 6599 4543 2814
Geracao 4792: 869453 869453 869453 869453 869453 262131 262131 4281 1021 501
Geracao 4793: 869453 869453 869453 869453 869453 869453 869453 491 342 319
Geracao 4794: 869453 869453 869453 869453 869453 4281 2324 1376 1355 315
Geracao 4795: 869453 869453 869453 869453 869453 869453 869453 425552 2881 1731
Geracao 4796: 869453 869453 869453 869453 869453 869453 869453 411396 1751 601
Geracao 4797: 411396 262131 262131 262131 262131 262131 201094 1660 1641 1024
Geracao 4798: 411396 411396 411396 411396 411396 411396 411396 3456 2358 2078
Geracao 4799: 411396 411396 411396 411396 411396 411396 4045 1639 1202 491
Geracao 4800: 411396 411396 411396 411396 411396 411396 411396 411396 2656 2440
Geracao 4801: 458222 411396 411396 411396 411396 411396 411396 411396 411396 411396
Geracao 4802: 458222 458222 458222 458222 458222 458222 4045 4045 4045 4045
Geracao 4803: 458222 458222 458222 458222 458222 458222 458222 458222 458222 4516
Geracao 4804: 458222 458222 458222 458222 458222 458222 143778 9770 2588 471
Geracao 4805: 458222 458222 458222 458222 458222 121033 6561 2487 2487 649
Geracao 4806: 458222 458222 458222 458222 458222 458222 458222 458222 458222 2466
Geracao 4807: 458222 458222 458222 458222 458222 458222 458222 458222 458222 458222
Geracao 4808: 458222 458222 458222 458222 458222 2487 2386 782 603 416
Geracao 4809: 458222 458222 458222 458222 458222 458222 458222 2537 2318 632
Geracao 4810: 458222 458222 458222 458222 458222 458222 458222 458222 498 428
Geracao 4811: 458222 458222 458222 458222 458222 458222 458222 2822 2487 2487
Geracao 4812: 458222 458222 458222 458222 458222 458222 80126 2487 2487 592
Geracao 4813: 458222 458222 458222 458222 458222 458222 458222 458222 638 592
Geracao 4814: 458222 458222 458222 458222 458222 458222 458222 458222 458222 2664