100 individuos 

Geracao 0: 0 0 0 0 0 0 0 0 0 0 0 0 0 0 0 0 0 0 0 0 0 0 0 0 0 0 0 0 0 0 0 0 0 0 0 0 0 0 0 0 0 0 0 0 0 0 0 0 0 0 0 0 0 0 0 0 0 0 0 0 0 0 0 0 0 0 0 0 0 0 0 0 0 0 0 0 0 0 0 0 0 0 0 0 0 0 0 0 0 0 0 0 0 0 0 0 0 0 0 0
Geracao 1: 4123 4088 2331 2281 2273 2267 2196 2190 2166 2154 2110 2081 737 594 491 454 449 375 349 295 275 258 255 254 249 247 246 243 240 237 226 222 215 210 210 208 208 206 206 205 204 202 197 192 191 183 181 180 180 176 176 174 173 170 169 167 159 153 147 147 146 142 140 121 116 115 103 99 98 96 92 85 84 66 61 0 0 0 0 0 0 0 0 0 0 0 0 0 0 0 0 0 0 0 0 0 0 0 0 0
Geracao 2: 6184 6124 4209 4123 4123 4123 4123 4123 4123 4123 4123 4123 4123 4123 4123 4122 4088 2343 2331 2331 2331 2331 2268 2253 2240 2221 2203 2199 2191 2183 2179 2173 2171 2159 2144 2130 2126 2123 2123 2118 1328 1126 767 627 530 496 464 348 323 306 285 279 267 267 250 248 239 227 227 225 223 214 209 207 207 207 201 196 195 195 193 192 190 189 188 184 183 183 182 182 178 172 170 165 165 161 152 147 143 138 136 134 130 125 125 125 113 88 0 0
Geracao 3: 6184 6184 6184 6184 6184 6184 6184 6184 6184 6184 6184 6184 6184 6184 6184 6184 6184 6184 6184 6124 6124 6124 6124 6124 4209 4209 4209 4209 3287 3186 2779 2632 2606 2452 2451 2344 2306 2301 2279 2268 2242 2240 2239 2238 2236 2214 2183 2151 1534 1520 1348 1051 864 826 815 794 738 708 479 412 359 337 326 305 275 259 231 224 223 222 221 221 221 221 217 217 211 209 209 207 201 200 191 185 182 174 168 159 154 151 150 132 129 128 124 111 111 111 111 111
Geracao 4: 6184 6184 6184 6184 6184 6184 6184 6184 6184 6184 6184 6184 6184 6184 6184 6184 6184 6184 6184 6184 6184 6184 6184 6184 6184 6184 6184 6184 6184 6184 6184 6184 6184 6184 6184 6184 6184 6184 6184 6184 6184 6184 4183 2753 2376 2346 2302 2289 2267 2255 2247 2241 2236 2231 2213 2209 2205 2197 2194 2190 2176 2167 1945 1734 1619 1222 1198 922 776 577 478 373 326 325 305 294 286 250 242 239 235 232 229 225 221 218 217 215 211 208 203 201 199 198 197 195 185 173 128 111
Geracao 5: 6184 6184 6184 6184 6184 6184 6184 6184 6184 6184 6184 6184 6184 6184 6184 6184 6184 6184 6184 6184 6184 6184 6184 6184 6184 6184 6184 6184 6184 6184 6184 6184 6184 6184 6184 6184 6184 6184 6184 6184 6184 3186 3186 2374 2350 2285 2277 2259 2250 2223 2217 2167 2167 1583 1437 979 904 870 809 803 698 677 563 480 401 385 338 309 294 283 264 260 251 249 240 237 229 221 221 220 220 218 214 211 210 206 203 202 199 196 191 187 184 152 143 139 131 125 111 111
Geracao 6: 6184 6184 6184 6184 6184 6184 6184 6184 6184 6184 6184 6184 6184 6184 6184 6184 6184 6184 6184 6184 6184 6184 6184 6184 6184 6184 6184 6184 6184 6184 6184 6184 6184 6184 6184 6184 6184 6184 6184 6184 5222 4186 2793 2755 2337 2329 2311 2291 2267 2243 2233 2224 2205 2198 2163 1269 1026 899 590 533 489 468 438 426 418 400 394 379 359 329 312 284 283 258 251 250 246 240 221 221 218 217 216 216 213 209 207 205 201 201 197 195 194 191 190 189 188 118 108 102
Geracao 7: 25428 6248 6184 6184 6184 6184 6184 6184 6184 6184 6184 6184 6184 6184 6184 6184 6184 6184 6184 6184 6184 6184 6184 6184 6184 6184 6184 6184 6184 6184 6184 6184 6184 6184 6184 6184 6184 6184 6184 6184 6184 6184 4192 4188 2731 2437 2270 2263 2252 2232 2215 2195 2191 2159 1112 1050 1006 780 668 497 475 396 333 319 308 304 287 281 280 275 267 265 250 241 239 222 222 221 218 217 209 208 207 203 202 198 198 198 198 196 190 186 185 184 164 150 125 113 113 108
Geracao 8: 42625 6184 6184 6184 6184 6184 6184 6184 6184 6184 6184 6184 6184 5442 2772 2724 2702 2646 2617 2526 2504 2487 2487 2487 2487 2402 2341 2321 2321 2321 2321 2321 2321 2321 2321 2321 2321 2321 2321 2321 2321 2321 2321 2321 2321 2321 2319 2312 2304 2291 2280 2246 2246 2244 1084 1084 980 947 748 726 698 692 647 644 641 623 621 621 621 621 602 577 549 547 544 510 452 446 394 369 359 321 278 273 270 248 233 230 224 221 219 217 209 206 206 206 206 206 198 191
Geracao 9: 51278 42625 42625 42625 42625 42625 42625 42625 42625 42625 42625 42625 42625 42625 42625 42625 42625 42625 42625 42625 42625 42625 42625 42625 42625 6315 6184 6184 6184 2894 2802 2786 2713 2713 2639 2637 2562 2554 2511 2474 2474 2474 2474 2474 2461 2458 2429 2322 2316 2253 2208 2195 1012 915 874 874 816 785 731 728 728 696 691 690 690 690 682 662 646 639 597 586 583 573 565 531 522 502 474 446 444 443 430 430 430 430 430 430 430 430 430 430 427 258 250 249 248 222 206 206
Geracao 10: 51278 51278 51278 51278 51278 51278 51278 51278 51278 51278 51278 51278 51278 51278 51278 51278 51278 51278 51278 51278 51278 51278 51278 51278 51278 51278 51278 51278 51278 51278 51278 8224 6554 6184 6184 6184 6184 6184 6184 6184 6184 2936 2820 2660 2515 2490 2422 2418 2290 2290 2278 2275 2210 2198 2198 2112 879 751 702 649 621 618 613 566 564 563 563 563 563 526 519 490 489 489 489 452 418 368 365 343 342 314 304 274 271 261 261 237 237 229 222 219 218 214 196 191 190 185 185 185
Geracao 11: 51278 51278 51278 51278 51278 51278 51278 51278 51278 51278 51278 51278 51278 51278 51278 51278 51278 51278 51278 51278 51278 51278 51278 51278 51278 51278 51278 51278 51278 51278 51278 51278 51278 51278 51278 51278 51278 51278 51278 51278 51278 51278 51278 51278 51278 51278 51278 51278 51278 51278 51278 51278 51278 51278 51278 51278 51278 51278 51278 2908 2522 2507 2411 2284 2218 850 819 819 819 765 637 556 522 509 478 404 393 392 387 353 327 321 287 285 285 285 285 281 279 247 211 211 211 211 211 211 211 211 211 208
Geracao 12: 51278 51278 51278 51278 51278 51278 51278 51278 51278 51278 51278 51278 51278 51278 51278 51278 51278 51278 51278 51278 51278 51278 51278 51278 51278 51278 51278 51278 51278 51278 51278 51278 51278 51278 51278 51278 51278 51278 51278 51278 51278 51278 51278 51278 51278 51278 51278 51278 51278 51278 51278 51278 51278 51278 51278 51278 51278 6293 6184 4794 4598 2567 2476 2447 2400 2391 2388 2383 2321 2318 2261 878 798 664 637 537 504 463 460 452 434 433 424 403 392 392 392 295 276 253 226 225 221 211 211 211 211 211 211 196
Geracao 13: 51278 51278 51278 51278 51278 51278 51278 51278 51278 51278 51278 51278 51278 51278 51278 51278 51278 51278 51278 51278 51278 51278 51278 51278 51278 51278 51278 51278 51278 51278 51278 51278 51278 51278 51278 51278 51278 51278 51278 51278 51278 51278 51278 51278 51278 51278 51278 51278 51278 51278 51278 51278 51278 51278 2748 2668 2583 2499 2395 2367 2351 2327 2321 2290 2286 2253 797 788 696 527 505 505 504 503 493 457 442 438 434 403 401 399 397 395 395 393 347 328 307 303 287 284 223 215 211 211 204 196 196 196
Geracao 14: 51278 51278 51278 51278 51278 51278 51278 51278 51278 51278 51278 51278 51278 51278 51278 51278 51278 51278 51278 51278 51278 51278 51278 51278 51278 51278 51278 51278 51278 51278 51278 51278 51278 51278 51278 51278 51278 51278 51278 51278 51278 51278 51278 51278 51278 51278 51278 51278 51278 51278 51278 51278 14392 4372 2582 2562 2543 2524 2520 2495 2426 2396 2345 2310 2310 2310 2306 2271 2214 793 763 757 693 683 537 511 505 481 479 460 460 460 431 410 395 363 356 353 317 312 306 301 271 211 211 211 211 211 196 196
Geracao 15: 51278 51278 51278 51278 51278 51278 51278 51278 51278 51278 51278 51278 51278 51278 51278 51278 51278 51278 51278 51278 51278 51278 51278 51278 51278 51278 51278 51278 51278 51278 51278 51278 51278 51278 51278 51278 51278 51278 51278 51278 51278 51278 51278 51278 51278 51278 51278 51278 51278 51278 51278 51278 51278 51278 51278 51278 51278 2945 2654 2471 2452 2439 2438 2431 2415 2335 2310 2310 2310 2299 2299 2288 2285 806 773 733 555 538 519 505 505 505 483 481 449 436 398 392 324 317 298 297 291 259 258 243 241 214 211 211
Geracao 16: 51278 51278 51278 51278 51278 51278 51278 51278 51278 51278 51278 51278 51278 51278 51278 51278 51278 51278 51278 51278 51278 51278 51278 51278 51278 51278 51278 51278 51278 51278 51278 51278 51278 51278 51278 51278 51278 51278 51278 51278 51278 51278 51278 51278 51278 51278 51278 51278 51278 51278 51278 51278 51278 51278 51278 51278 51278 51278 51278 51278 51278 3016 2939 2404 2402 2357 2314 2310 2310 2310 2309 2293 2269 2220 2218 918 854 850 678 637 570 511 480 473 453 391 387 368 363 299 286 286 271 248 239 220 211 211 211 211
Geracao 17: 51278 51278 51278 51278 51278 51278 51278 51278 51278 51278 51278 51278 51278 51278 51278 51278 51278 51278 51278 51278 51278 51278 51278 51278 51278 51278 51278 51278 51278 51278 51278 51278 51278 51278 51278 51278 51278 51278 51278 51278 51278 51278 51278 51278 51278 51278 51278 51278 51278 51278 51278 51278 51278 10378 2707 2673 2670 2627 2549 2512 2491 2440 2433 2384 2334 2311 2310 2310 1195 823 798 690 619 600 597 528 505 505 468 461 451 447 393 376 347 340 337 335 295 289 284 273 224 216 211 211 211 211 211 207
Geracao 18: 68374 51278 51278 51278 51278 51278 51278 51278 51278 51278 51278 51278 51278 51278 51278 51278 51278 51278 51278 51278 51278 51278 51278 51278 51278 51278 51278 51278 51278 51278 51278 51278 51278 51278 51278 51278 51278 51278 51278 51278 51278 51278 51278 51278 51278 51278 51278 51278 51278 51278 51278 51278 26257 7361 7342 3340 2697 2569 2526 2526 2464 2449 2322 2310 2310 2302 2271 2252 857 823 823 751 725 691 571 563 558 496 485 481 392 386 376 376 357 349 342 316 298 290 285 280 257 218 211 211 211 211 211 211
Geracao 19: 290176 68374 68374 68374 68374 68374 68374 68374 68374 68374 68374 68374 68374 68374 68374 68374 68374 68374 68374 68374 68374 68374 68374 68374 68374 68374 68374 68374 68374 68374 68374 68374 68374 68374 68374 68374 68374 68374 68374 68374 68374 68374 68374 68374 68374 68374 68374 68374 68374 68374 68374 68374 68374 51278 51278 51278 51278 51278 51278 51278 51278 51278 51278 51278 51278 51278 51278 51278 4487 2675 2569 2532 2462 2422 2353 2321 2311 2290 1329 823 727 705 628 591 563 530 524 430 400 387 371 291 211 211 211 211 211 211 211 211
Geracao 20: 290176 290176 290176 290176 290176 290176 290176 290176 290176 290176 290176 290176 290176 290176 290176 290176 290176 290176 290176 290176 290176 290176 290176 290176 290176 290176 290176 290176 290176 290176 290176 290176 290176 290176 290176 290176 290176 290176 290176 290176 290176 290176 290176 290176 290176 290176 290176 68374 68374 68374 68374 68374 68374 68374 68374 68374 68374 68374 68374 68374 68374 68374 68374 68374 68374 68374 68374 68374 68374 68374 68374 68374 68374 68374 68374 12354 5202 3359 3175 3167 3167 3142 2950 2892 2892 2817 2503 2285 2274 2259 1361 930 771 588 526 505 457 300 292 211
Geracao 21: 290176 290176 290176 290176 290176 290176 290176 290176 290176 290176 290176 290176 290176 290176 290176 290176 290176 290176 290176 290176 290176 290176 290176 290176 290176 290176 290176 290176 290176 290176 290176 290176 290176 290176 290176 290176 290176 290176 290176 290176 290176 290176 290176 290176 290176 290176 290176 290176 290176 290176 290176 290176 290176 290176 290176 290176 290176 290176 290176 290176 290176 290176 290176 290176 290176 290176 290176 290176 290176 290176 290176 290176 290176 290176 290176 290176 290176 290176 290176 290176 68374 68374 68374 68374 68374 68374 68374 68374 68374 68374 19357 2950 2924 2587 467 408 390 351 340 224
Geracao 22: 290176 290176 290176 290176 290176 290176 290176 290176 290176 290176 290176 290176 290176 290176 290176 290176 290176 290176 290176 290176 290176 290176 290176 290176 290176 290176 290176 290176 290176 290176 290176 290176 290176 290176 290176 290176 290176 290176 290176 290176 290176 290176 290176 290176 290176 290176 290176 290176 290176 290176 290176 290176 290176 290176 290176 290176 290176 290176 290176 290176 290176 290176 290176 290176 290176 290176 290176 290176 290176 290176 290176 68374 68374 68374 68374 68374 68374 68374 68374 68374 68374 68374 68374 68374 68374 68374 68374 68374 11169 3173 2950 2950 2950 2950 2950 2310 1281 1016 406 355
Geracao 23: 290176 290176 290176 290176 290176 290176 290176 290176 290176 290176 290176 290176 290176 290176 290176 290176 290176 290176 290176 290176 290176 290176 290176 290176 290176 290176 290176 290176 290176 290176 290176 290176 290176 290176 290176 290176 290176 290176 290176 290176 290176 290176 290176 290176 290176 290176 290176 290176 290176 290176 290176 290176 290176 290176 290176 290176 290176 290176 290176 290176 290176 290176 290176 290176 290176 290176 290176 290176 290176 290176 290176 290176 290176 290176 290176 290176 290176 290176 213888 68374 68374 68374 2950 2950 2950 2924 2924 2916 2310 2310 2310 2310 2310 2310 2281 516 446 432 392 266
Geracao 24: 352258 290176 290176 290176 290176 290176 290176 290176 290176 290176 290176 290176 290176 290176 290176 290176 290176 290176 290176 290176 290176 290176 290176 290176 290176 290176 290176 290176 290176 290176 290176 290176 290176 290176 290176 290176 290176 290176 290176 290176 290176 290176 290176 290176 290176 290176 290176 290176 290176 290176 290176 290176 290176 290176 290176 290176 290176 290176 290176 290176 290176 290176 290176 290176 290176 290176 290176 290176 290176 290176 290176 290176 290176 290176 290176 290176 290176 290176 290176 290176 290176 262831 213888 68374 68374 68374 68374 68374 68374 68374 68374 2950 2950 2950 2950 2950 2950 2615 2615 2607
Geracao 25: 352258 352258 352258 352258 352258 352258 352258 352258 352258 352258 352258 352258 352258 352258 352258 352258 352258 352258 352258 352258 352258 352258 352258 352258 352258 352258 352258 352258 352258 352258 352258 352258 352258 352258 352258 352258 352258 352258 352258 352258 352258 352258 352258 352258 352258 352258 352258 352258 352258 352258 352258 352258 352258 352258 352258 352258 352258 352258 352258 352258 352258 352258 352258 352258 352258 290176 290176 290176 290176 290176 290176 290176 290176 290176 290176 290176 290176 290176 290176 290176 290176 290176 290176 290176 290176 290176 290176 290176 290176 195764 152993 68374 68374 5152 5152 5152 2950 2924 2554 1006
Geracao 26: 352258 352258 352258 352258 352258 352258 352258 352258 352258 352258 352258 352258 352258 352258 352258 352258 352258 352258 352258 352258 352258 352258 352258 352258 352258 352258 352258 352258 352258 352258 352258 352258 352258 352258 352258 352258 352258 352258 352258 352258 352258 352258 352258 352258 352258 352258 352258 352258 352258 352258 352258 352258 352258 352258 352258 352258 352258 352258 352258 352258 352258 352258 352258 352258 352258 352258 352258 352258 352258 352258 352258 352258 352258 352258 352258 341299 341299 341299 341299 290176 290176 290176 290176 290176 290176 290176 290176 68374 68374 68374 35320 5152 5152 5152 5152 5152 5152 2950 619 398
Geracao 27: 352258 352258 352258 352258 352258 352258 352258 352258 352258 352258 352258 352258 352258 352258 352258 352258 352258 352258 352258 352258 352258 352258 352258 352258 352258 352258 352258 352258 352258 352258 352258 352258 352258 352258 352258 352258 352258 352258 352258 352258 352258 352258 352258 352258 352258 352258 352258 352258 352258 352258 352258 352258 352258 352258 352258 352258 352258 352258 352258 352258 352258 352258 352258 352258 352258 352258 352258 352258 352258 352258 352258 352258 352258 352258 352258 352258 352258 352258 341299 341299 290176 290176 290176 290176 226968 68374 68374 68374 68374 68374 25789 5685 5152 5152 5152 5152 3176 2427 2344 1371
Geracao 28: 454051 420974 352258 352258 352258 352258 352258 352258 352258 352258 352258 352258 352258 352258 352258 352258 352258 352258 352258 352258 352258 352258 352258 352258 352258 352258 352258 352258 352258 352258 352258 352258 352258 352258 352258 352258 352258 352258 352258 352258 352258 352258 352258 352258 352258 352258 352258 352258 352258 352258 352258 352258 352258 352258 352258 352258 352258 352258 352258 352258 352258 352258 352258 352258 352258 352258 352258 352258 352258 352258 352258 352258 352258 352258 352258 352258 352258 352258 352258 341299 341299 341299 290176 290176 290176 290176 290176 290176 290176 290176 290176 68374 5810 5625 5152 5152 5152 2454 442 366
Geracao 29: 454051 454051 454051 454051 454051 454051 454051 454051 454051 454051 454051 454051 454051 454051 454051 454051 454051 454051 454051 454051 454051 454051 454051 454051 454051 454051 454051 454051 454051 454051 454051 454051 454051 454051 454051 454051 454051 454051 454051 454051 454051 454051 454051 454051 454051 454051 454051 427686 352258 352258 352258 352258 290176 290176 177688 177688 177688 177688 135088 79964 68374 68374 68374 35535 28188 28188 28188 28188 28188 28188 28188 28188 28188 28188 28188 28188 16145 4438 4119 4117 3745 3691 2690 2690 2690 2593 2471 1856 1287 807 700 662 583 578 578 578 578 496 475 450
Geracao 30: 475268 475268 475268 475268 454051 454051 454051 454051 454051 454051 454051 454051 454051 454051 454051 454051 454051 454051 454051 454051 454051 454051 454051 454051 454051 454051 454051 454051 454051 454051 454051 454051 454051 454051 454051 454051 454051 454051 454051 454051 454051 454051 454051 454051 454051 454051 454051 454051 454051 454051 454051 454051 454051 454051 454051 454051 454051 454051 454051 454051 372704 362145 352258 352258 352258 352258 352258 352258 352258 120261 96060 68374 68374 68374 68374 68374 68374 68374 54855 54855 54855 54855 28188 28188 28188 28188 28188 28188 4526 4526 4526 4526 2396 2346 2334 766 717 656 591 354
Geracao 31: 727291 611941 611941 604311 475268 475268 475268 475268 475268 475268 475268 475268 475268 475268 475268 475268 475268 475268 475268 475268 475268 475268 475268 475268 475268 475268 475268 475268 475268 475268 475268 475268 475268 475268 475268 475268 475268 475268 475268 475268 475268 475268 475268 475268 475268 475268 475268 475268 475268 475268 475268 475268 475268 475268 475268 475268 475268 475268 475268 475268 475268 475268 475268 475268 464236 464236 464236 464236 464236 464236 464236 369692 352258 352258 352258 352258 314394 232149 224164 218015 210290 201477 106273 68374 54515 54183 54130 29059 4714 4690 3818 3818 3818 3818 3602 2703 2656 2519 2372 492
Geracao 32: 727291 727291 727291 727291 727291 727291 727291 727291 727291 727291 727291 727291 727291 727291 727291 727291 727291 727291 727291 727291 727291 727291 727291 727291 727291 727291 727291 727291 727291 724295 611941 611941 611941 611941 611941 611941 611941 611941 611941 611941 475268 475268 475268 475268 475268 475268 475268 475268 475268 475268 475268 475268 475268 475268 475268 475268 475268 475268 475268 475268 475268 464236 352258 327217 298514 275181 232149 232149 232149 161598 106273 86087 79262 68921 54258 49835 49835 42588 42588 42588 42588 42588 26052 20058 12229 4981 4216 3818 3818 3818 3405 2716 2656 2539 2427 2410 1955 567 548 494
Geracao 33: 960143 842151 769305 611941 611941 611941 611941 611941 611941 611941 611941 611941 611941 611941 611941 611941 611941 611941 611941 611941 611941 611941 611941 611941 611941 611941 611941 611941 611941 611941 611941 611941 475268 464236 464236 464236 464236 464236 464236 353499 352258 327217 232149 232149 232149 232149 100411 80065 80065 80065 80065 80065 80065 80065 80065 80065 80065 80065 80065 80065 80065 80065 80065 80065 80065 80065 80065 80065 80065 80065 80065 68921 68921 68921 68921 68921 44287 44287 44287 44287 44287 28115 9371 5152 3818 3818 3818 3818 3717 3717 2569 2557 2460 2438 2427 1991 1674 427 427 402
Geracao 34: 960143 960143 960143 960143 960143 960143 960143 960143 960143 960143 960143 960143 960143 960143 960143 960143 960143 960143 960143 960143 960143 960143 960143 960143 960143 960143 960143 960143 960143 960143 960143 960143 960143 960143 960143 960143 960143 960143 960143 960143 960143 960143 960143 960143 603354 506367 352258 323562 286253 286253 268123 268123 268123 268123 268123 268123 268123 268123 268123 268123 240888 240888 240888 240888 240888 239508 214954 214129 214129 214129 214129 190547 157071 130327 96359 75028 75028 74294 7394 4042 2881 2617 2616 2333 2299 1969 1674 1674 1674 1674 1674 1604 1604 868 527 499 491 485 485 485
Geracao 35: 960143 960143 960143 960143 960143 960143 960143 960143 960143 960143 960143 960143 960143 960143 960143 960143 960143 960143 960143 960143 960143 960143 960143 960143 960143 960143 960143 960143 960143 960143 960143 960143 960143 960143 960143 960143 960143 960143 960143 960143 960143 960143 960143 960143 960143 960143 960143 960143 960143 960143 960143 960143 960143 960143 960143 960143 960143 960143 960143 960143 960143 960143 960143 960143 960143 960143 960143 888271 888271 888271 422558 352258 352258 286253 286253 240888 68374 21387 11128 5264 3333 2706 2706 2706 2706 2680 2680 2539 2529 2493 680 618 576 540 509 485 474 472 461 380
Geracao 36: 960143 960143 960143 960143 960143 960143 960143 960143 960143 960143 960143 960143 960143 960143 960143 960143 960143 960143 960143 960143 960143 960143 960143 960143 960143 960143 960143 960143 960143 960143 960143 960143 960143 960143 960143 960143 960143 960143 960143 960143 960143 960143 960143 960143 960143 960143 960143 960143 960143 960143 661292 352258 352258 352258 352258 294606 286253 286253 286253 286253 286253 286253 286253 286253 286253 286253 214129 158336 154140 146311 146311 146311 96359 74299 38298 32046 29387 28362 21387 21387 19045 6140 3363 3213 2721 2685 2558 2505 2493 2490 2476 2443 1674 1574 1547 808 543 489 474 473
Geracao 37: 960143 960143 960143 960143 960143 960143 960143 960143 960143 960143 960143 960143 960143 960143 960143 960143 960143 960143 960143 960143 960143 960143 960143 960143 960143 960143 960143 960143 960143 960143 960143 960143 960143 960143 960143 960143 960143 960143 960143 960143 960143 960143 960143 960143 960143 960143 960143 960143 960143 960143 960143 758363 661292 654376 352258 286253 286253 286253 286253 286253 286253 286253 286253 158336 158336 158336 144223 108183 101336 87144 84206 79017 68374 68374 68374 62929 38298 38298 16303 15822 15822 15822 15822 12167 12167 6140 3936 3333 3333 3302 3025 2654 2654 2488 1674 603 520 441 363 292
Geracao 38: 960143 960143 960143 960143 960143 960143 960143 960143 960143 960143 960143 960143 960143 960143 960143 960143 960143 960143 960143 960143 960143 960143 960143 960143 960143 960143 960143 960143 960143 960143 960143 960143 960143 960143 960143 960143 960143 960143 960143 960143 960143 960143 960143 960143 960143 960143 960143 960143 960143 960143 960143 960143 960143 960143 960143 960143 960143 960143 641301 352258 286253 286253 286253 286253 286253 286253 146311 101523 68374 68374 64253 38298 38298 38298 22898 21387 15822 12167 12167 12167 9716 6140 4804 4527 2759 2744 2640 2623 2467 2408 738 680 679 610 589 564 563 417 415 409
Geracao 39: 1045894 960143 960143 960143 960143 960143 960143 960143 960143 960143 960143 960143 960143 960143 960143 960143 960143 960143 960143 960143 960143 960143 960143 960143 960143 960143 960143 960143 960143 960143 960143 960143 960143 960143 960143 960143 960143 960143 960143 960143 960143 960143 960143 960143 960143 960143 960143 960143 960143 960143 960143 960143 960143 960143 960143 960143 960143 960143 960143 500124 483046 448465 352258 352258 347009 287566 286253 184304 84206 84206 84206 84206 84206 68921 68374 68374 49037 48596 30212 28904 28362 15822 15822 15822 15822 12167 12167 4263 3897 2816 2618 2514 2297 2290 686 558 516 514 514 505
Geracao 40: 1045894 1045894 1045894 1045894 1045894 1045894 1045894 1045894 1045894 1045894 1045894 1045894 1045894 1045894 1045894 1045894 1045894 1045894 1045894 1045894 1045894 1045894 1045894 1045894 1045894 1045894 1045894 1045894 1045894 1045894 1023195 1023195 1023195 960143 960143 960143 960143 960143 960143 960143 960143 960143 960143 960143 960143 960143 960143 960143 140223 84206 83577 68374 54416 49151 49151 49151 18263 17012 15822 12167 8646 8340 7657 4263 4263 4053 4053 3810 3810 3810 3810 3810 3810 3810 3810 3810 2703 2665 2654 2651 2651 2633 2633 2633 2633 2633 2633 2028 1435 1435 913 744 740 705 596 578 537 424 406 400
Geracao 41: 1045894 1045894 1045894 1045894 1045894 723848 429641 368282 368282 368282 359383 281111 281111 281111 281111 278088 278088 94920 71364 69051 68374 54416 43414 27461 26565 18645 18645 18645 6719 6691 6691 5555 4694 4694 4694 4694 4694 4499 4499 4499 4499 4499 4499 4438 4053 4053 3810 2857 2513 2389 1435 1435 1435 1435 1435 1435 1435 1435 1435 1435 1435 1435 1435 1435 1435 1435 1435 1435 1435 1435 1435 1435 1435 1435 1435 1435 1435 1435 1435 1435 1435 1435 1435 1435 1435 1435 1435 1435 1435 1435 1435 1435 1435 1435 1435 1435 802 550 516 414
Geracao 42: 1045894 1045894 1045894 1045894 1045894 1045894 1045894 1045894 1045894 1045894 1045894 1045894 1045894 1045894 1045894 1045894 1045894 1045894 1045894 1045894 1045894 1045894 1045894 1045894 1045894 1045894 1045894 1045894 1045894 1045894 1045894 1045894 1045894 1045894 1045894 1045894 1045894 1045894 1045894 1045894 1045894 1045894 1045894 1045894 1045894 1045894 1045894 1045894 1045894 1023195 1023195 1023195 1023195 1023195 1023195 568238 352258 237917 157760 80372 54416 54416 49151 49151 38747 22918 18645 10357 4298 4263 4263 4221 4146 4053 4053 4053 4053 3810 3810 3810 2633 2633 2633 2535 2533 2526 2526 2463 693 691 656 624 587 570 536 503 502 488 397 378
Geracao 43: 1045894 1045894 1045894 1045894 1045894 1045894 1045894 1045894 1045894 1045894 1045894 1045894 1045894 1045894 1045894 1045894 1045894 1045894 1045894 1045894 1045894 1045894 1045894 1045894 1045894 1045894 1045894 1045894 1045894 1045894 1045894 1045894 1045894 1045894 1045894 1045894 1045894 1045894 1045894 1045894 1045894 1045894 1045894 1045894 1045894 1045894 1045894 1045894 1045894 1023195 1023195 1023195 1023195 1023195 513830 438675 352258 352258 287225 237917 85395 75001 54416 54416 49151 49151 49151 9614 4402 4263 4263 4263 4053 4053 4053 3810 3810 3810 3810 3810 3810 3810 3810 3810 3810 2701 2654 2633 2633 2633 2558 2526 2526 2520 759 759 759 529 529 500
Geracao 44: 717986 304480 290176 237917 216366 186205 26565 26565 5152 4489 4053 4044 3810 3810 3810 3810 3810 2654 2654 2651 2651 2576 2576 2576 2576 2576 2576 2560 2539 1435 1435 1435 1435 1435 1435 1435 1435 1435 1435 1435 1435 1435 1435 1435 1435 1435 1435 1435 1435 1435 1435 1435 1435 1435 1435 1435 1435 1435 1435 1435 1435 1435 1435 1435 1435 1435 1435 1435 1435 1435 1435 1435 1435 1435 1435 1435 1435 1435 1435 1435 1435 1435 1435 1435 1435 1435 1435 1435 1435 1435 1435 822 679 679 667 667 530 530 487 425
Geracao 45: 717986 717986 717986 717986 717986 717986 717986 717986 717986 717986 717986 717986 717986 717986 717986 717986 717986 717986 717986 717986 717986 717986 717986 717986 717986 717986 622701 572236 557988 557988 429029 352258 352258 304480 304480 304480 290176 184237 184237 168067 155104 155104 155104 155104 155104 155104 155104 155104 127757 100673 87393 72321 67160 67160 67160 38347 37422 33217 26565 25604 18831 17734 10982 9628 5152 4949 4788 4773 4266 3638 3616 2911 2765 2745 2698 2687 2687 2687 2654 2469 2465 2388 2361 1488 1435 1435 1435 1435 1435 1020 978 695 650 650 625 594 552 518 455 398
Geracao 46: 848861 746209 746209 746209 717986 717986 717986 717986 717986 717986 717986 717986 717986 717986 717986 717986 717986 717986 717986 717986 717986 717986 717986 717986 717986 717986 717986 717986 717986 717986 717986 717986 717986 717986 717986 717986 717986 717986 717986 717986 717986 717986 717986 717986 717986 717986 717986 717986 717986 717986 717986 717986 717986 557988 557988 557988 557988 557988 487251 352258 352258 298716 184237 184237 100109 87393 87393 69266 69266 65021 27089 26628 11704 10982 10982 10982 10982 10982 10982 8193 8193 5402 5402 5152 4240 3809 2781 2656 2592 2459 1268 1040 642 579 549 521 521 471 458 428
Geracao 47: 848861 848861 848861 848861 848861 848861 848861 848861 848861 848861 848861 848861 848861 848861 848861 848861 721624 717986 717986 717986 717986 717986 717986 717986 717986 717986 717986 653814 653814 557988 501465 388994 355341 352258 350554 281752 219741 219741 219741 219741 219741 219741 219741 219741 219741 219741 219741 184237 184237 87393 87393 87393 87393 87393 87393 70122 67160 49866 48727 28263 26628 17630 14021 10982 9532 6757 4790 4492 4303 4303 4178 4155 3457 3440 3440 3440 3440 3440 3440 2788 2663 2663 2594 2475 2474 2473 1688 978 947 866 866 863 721 662 657 643 640 622 540 440
Geracao 48: 989045 863732 848861 848861 848861 848861 848861 848861 848861 848861 848861 848861 848861 848861 848861 848861 848861 848861 848861 848861 848861 848861 848861 848861 848861 848861 848861 848861 717986 717986 717986 653814 557988 451781 388994 352258 311044 219741 219741 219741 219741 219741 219741 219741 219741 219741 219741 219741 219741 211722 184237 184237 184237 92563 71363 69266 65964 59943 54185 48727 41193 34375 32088 28266 27089 24011 18332 6757 6757 6757 4776 4561 4550 4492 4492 4492 4492 4492 4492 4178 4178 4178 4102 3440 3440 3172 2763 2700 2330 837 698 686 652 643 643 643 643 643 495 416
Geracao 49: 989045 989045 989045 989045 989045 989045 989045 989045 989045 989045 989045 989045 989045 989045 989045 871868 871868 863732 863732 863732 863732 863732 863732 863732 863732 863732 863732 848861 848861 848861 848861 848861 848861 848861 848861 848861 848861 717986 717986 717986 717986 717986 582587 503359 352258 352258 278154 256446 219741 219741 219741 219741 219741 219741 219741 219741 184237 122373 122373 87393 70369 65964 53050 48727 34918 28263 27089 17630 17175 10982 10982 6757 4532 4532 4409 4178 4071 3066 2727 2700 2700 2628 2627 2520 2488 2439 2078 1658 1438 866 866 747 660 643 497 469 462 447 438 378
Geracao 50: 1154268 1051532 989045 989045 989045 989045 989045 989045 989045 989045 989045 989045 989045 989045 989045 989045 989045 989045 989045 989045 989045 989045 989045 848861 848861 848861 848861 848861 848861 848861 717986 717986 717986 653814 594271 350554 219741 219741 219741 219741 219741 219741 219741 219741 219741 219741 219741 219741 219741 219741 188291 184237 184237 184237 181761 87393 84174 71860 67160 59943 48727 46673 34244 27089 27089 22672 18332 12443 7760 7760 6757 6757 6757 6757 6757 6757 4745 4185 4178 3483 3440 2765 2700 2700 2552 2528 2429 1732 1704 1658 1658 1530 1459 1126 873 675 644 590 505 457
Geracao 51: 1154268 1154268 1154268 1154268 1154268 1154268 1154268 1154268 1154268 1154268 1154268 1154268 1154268 1154268 1154268 1154268 1154268 1154268 1154268 1154268 1154268 1154268 1154268 1154268 1154268 1154268 1154268 1154268 1154268 1154268 1154268 1154268 1154268 1154268 1090335 717986 717986 717986 717986 717986 717986 717986 717986 717986 717986 717986 717986 474493 336149 336149 235804 219741 164063 81128 70122 69266 57625 51419 51419 51419 46845 46845 46168 33857 31288 19570 13542 10982 9637 9368 6736 5029 5029 5029 5029 5010 4558 4558 4558 4267 3838 3193 3179 2986 2872 2836 2714 2695 2654 2526 2517 1596 892 892 892 710 673 644 643 576
Geracao 52: 1154268 1154268 1154268 1154268 1154268 1154268 1154268 1154268 1154268 1154268 1154268 1154268 1154268 1154268 1154268 1154268 1154268 1154268 1154268 1154268 1154268 1154268 1154268 1154268 1154268 1154268 1154268 1154268 1154268 1154268 1154268 1154268 1154268 1154268 1154268 782267 616033 487073 381118 197189 116312 81748 51419 51419 51419 51419 51419 51419 51419 51419 51419 51419 51419 51419 51419 51419 51419 51419 51419 51419 10563 9559 9364 8269 5029 5029 5029 4558 4558 3689 3154 2974 2879 2850 2836 2836 2820 2793 2719 2641 2641 2640 2575 2575 2499 2388 841 841 839 796 788 760 697 688 642 632 531 511 507 443
Geracao 53: 1154268 1154268 1154268 1154268 1154268 1154268 1154268 1154268 1154268 1154268 1154268 1154268 1154268 1154268 1154268 1154268 1154268 1154268 1154268 1154268 1154268 1154268 1154268 1154268 1154268 1154268 1154268 1154268 1154268 1154268 1154268 1154268 1154268 1154268 1154268 1154268 1154268 1154268 1154268 1154268 1154268 1154268 1154268 1154268 1154268 1154268 1154268 1154268 1154268 1154268 1154268 1154268 1154268 1154268 1154268 782267 782267 782267 616033 485300 469103 420754 352781 352258 288443 116312 56461 54460 51419 51419 51419 51419 51419 50065 45375 26508 21571 17388 12917 10563 9559 5029 5029 5029 2793 2739 2585 2572 2552 2507 2449 2449 841 841 841 713 705 581 579 361
Geracao 54: 1154268 1154268 1154268 1154268 1154268 1154268 1154268 1154268 1154268 1154268 1154268 1154268 1154268 1154268 1154268 1154268 1154268 1154268 1154268 1154268 1154268 1154268 1154268 1154268 1154268 1154268 1154268 1154268 1154268 1154268 1154268 1154268 1154268 1154268 1154268 1154268 1154268 1154268 1154268 1154268 1154268 1154268 717986 565544 516443 473920 469103 352258 206865 116312 116312 92184 64890 51419 51419 51419 51419 51419 51419 51419 51419 51419 50065 46168 27686 11104 9559 8653 5507 5507 5029 4558 4558 3226 3165 2840 2779 2691 2611 2549 2536 2536 2516 2495 2449 2448 2447 1990 1633 841 721 703 683 681 668 663 598 549 533 411
Geracao 55: 1154268 1154268 1154268 1154268 1154268 1154268 1154268 1154268 1154268 1154268 1154268 1154268 1154268 1154268 1154268 1154268 1154268 1154268 1154268 1154268 1154268 1154268 1154268 1154268 1154268 1154268 1154268 1154268 1154268 1154268 1154268 1154268 1154268 1154268 1154268 1154268 1154268 1154268 1154268 1154268 1154268 1154268 1154268 1154268 1154268 1154268 1154268 1154268 1154268 1154268 1154268 1154268 717986 133932 116312 116312 116312 116312 116312 78771 51536 51419 51419 51419 51419 51419 51419 51419 51419 50065 9559 9559 9559 5507 5507 5507 5198 5029 5029 4558 4558 4232 3868 2913 2813 2766 2718 2589 2589 2449 2447 2369 1633 1633 837 738 666 600 586 442
Geracao 56: 1281688 1154268 1154268 1154268 1154268 1154268 1154268 1154268 1154268 1154268 1154268 1154268 1154268 1154268 1154268 1154268 1154268 1154268 1154268 1154268 1154268 1154268 1154268 1154268 1154268 1154268 1154268 1154268 1154268 1154268 1154268 1154268 1154268 1154268 1154268 1154268 1154268 1154268 1154268 1154268 1154268 1154268 1154268 1154268 1154268 1154268 1154268 1154268 1154268 777007 729199 656726 352258 352258 352258 257061 234125 207964 116312 116312 78771 78771 56961 54466 51419 51419 51419 51419 51419 51419 51419 11857 9559 9559 9559 9559 9559 9559 7867 7656 6231 5553 5029 5029 4606 3878 3271 3195 3195 3195 2658 2493 2397 1633 1633 1633 837 805 758 452
Geracao 57: 1281688 1281688 1281688 1281688 1281688 1281688 1281688 1281688 1281688 1281688 1281688 1281688 1281688 1281688 1281688 1281688 1281688 1281688 1281688 1281688 1281688 1281688 1281688 1281688 1281688 1281688 1281688 1281688 1154268 1154268 1154268 1154268 1154268 1154268 1154268 1154268 683311 496721 496721 496721 496721 496721 465128 463779 453926 381118 352258 231853 180388 176256 116312 80277 68534 68534 68534 68534 68534 68534 68534 68534 68534 68534 68534 68534 68534 68534 68534 54722 53940 51419 46168 7867 7867 5114 4693 4048 3822 3822 3822 3806 2739 2739 2704 2670 2332 866 788 746 746 695 695 695 693 666 650 617 578 564 526 436
Geracao 58: 1281688 1281688 1281688 1281688 1281688 1281688 1281688 1281688 1281688 1281688 1281688 1281688 1281688 1281688 1281688 1281688 1281688 1281688 1281688 1281688 1281688 1281688 1281688 1281688 1281688 1281688 1281688 1281688 1281688 1281688 1281688 1281688 1281688 1281688 1281688 1281688 1281688 1281688 1281688 1281688 798262 780754 713370 497198 453926 453926 453926 453926 453926 453926 453926 453926 352258 352258 352258 340449 299199 185515 155526 128471 93636 93636 74479 71068 71068 70339 68534 68534 68534 68534 68534 68534 68534 62830 62463 54722 54497 54248 54235 28589 18915 8484 7805 5152 4489 4283 3822 2902 2886 2819 2702 746 746 666 666 617 614 587 548 516
Geracao 59: 1281688 1281688 1281688 1281688 1281688 1281688 1281688 1281688 1281688 1281688 1281688 1281688 1281688 1281688 1281688 1281688 1281688 1281688 1281688 1281688 1281688 1281688 1281688 1281688 1281688 1281688 1281688 1281688 1117285 512646 496721 496721 463779 463779 453926 453926 453926 453926 453926 453926 453926 418144 415677 352258 352258 352258 299199 299199 263160 160331 150165 132537 114007 80838 80385 80277 68534 68534 68534 68534 62463 55634 54722 54722 54468 54262 48983 40579 18000 15577 8962 6390 4758 4260 4094 3822 3524 3278 2802 2558 2557 2557 2557 2557 2487 2452 2278 759 758 746 746 746 731 728 728 605 577 567 549 396
Geracao 60: 1281688 1281688 1281688 1281688 1281688 1281688 1281688 1281688 1281688 1281688 1281688 1281688 1281688 1281688 1281688 1281688 1281688 1281688 1281688 1281688 1281688 1281688 1281688 766247 759434 512646 463779 463779 463779 463779 463779 463779 453926 453926 453926 453926 453926 441426 352258 352258 340449 335618 328229 299199 290176 263160 198545 170728 146547 117423 114007 104836 93636 93636 90145 80385 80385 80385 71068 68534 68534 68534 68534 68534 68534 68534 44819 19553 7805 7466 4683 4666 4649 4211 4188 4133 3923 3822 3822 3822 3068 2813 2802 2802 2708 2696 2658 2557 2557 2537 2037 2015 1890 757 757 746 746 572 507 495
Geracao 61: 1281688 1281688 1281688 1281688 1281688 1281688 1281688 1281688 1281688 1281688 1281688 1281688 1281688 1281688 1281688 1281688 1281688 1281688 1281688 1281688 1281688 1281688 1281688 802809 782153 759434 558783 541419 463779 453926 453926 453926 453926 453926 352258 352258 352258 352258 352258 299199 263160 263160 263160 225933 157297 155526 155526 155526 151469 99888 89335 89012 80277 71068 68534 68534 68534 68534 68534 68534 68534 68534 62463 55123 54722 54722 54722 54468 54262 42183 28641 26641 25150 8962 8962 6476 5435 4869 4774 4425 4157 4080 3989 3957 3880 3083 2557 2557 1531 746 746 700 666 666 666 666 666 666 521 313
Geracao 62: 1281688 579876 533188 496721 496721 436198 436198 436198 415411 406224 396544 352258 352258 352258 333825 307182 302567 302567 180453 157297 128471 128471 128471 93636 68534 54722 54722 54722 54722 54722 54722 54722 54722 54722 54722 54722 54722 54722 54722 54722 54722 54722 54722 54722 54722 54722 54722 54722 54722 54722 54722 54722 54722 54722 54722 54722 54722 54722 54722 54722 54722 54722 54288 54288 32385 20410 15664 8962 6513 4649 4608 4459 3922 3822 3806 2648 2614 2563 2540 2501 2501 2478 2478 2478 2452 2335 2029 747 747 746 746 746 746 619 517 493 476 473 462 452
Geracao 63: 1281688 1281688 1281688 1281688 1281688 1281688 1281688 1281688 1281688 1281688 1281688 1281688 1281688 1281688 1281688 1281688 1281688 1281688 1281688 1281688 1281688 1281688 1281688 715840 715840 715840 599754 555830 532386 532386 532386 532386 532386 532386 532386 496721 496721 496721 496721 496721 352258 352258 340449 157297 136304 128471 128471 93636 93636 93636 93636 93636 91020 85519 62463 60540 54722 54722 54722 54722 54722 21898 12983 11914 10813 9913 8208 6891 6676 5960 5916 5541 4833 4634 4608 4608 4608 4608 4608 4161 3997 3980 3822 3406 3042 2890 2784 2780 2677 2658 2611 2478 812 754 653 613 570 441 410 401
Geracao 64: 1281688 1281688 1281688 1281688 1281688 1281688 1281688 1281688 1281688 1281688 1281688 1281688 1281688 1281688 1281688 1281688 1281688 1281688 1281688 1281688 1281688 1281688 1281688 1281688 1281688 1281688 1281688 1281688 1281688 1281688 1281688 1281688 1281688 1281688 1281688 963131 759434 759434 759434 647931 599754 586323 538005 496721 496721 496721 352258 340449 340449 340449 340449 340449 340449 340449 199019 186582 157297 157297 128471 93636 93636 93636 71068 62463 54722 54722 54722 27784 23480 12983 12983 12983 9300 5152 4649 4634 4608 4608 4608 4608 4608 4608 4514 4080 4048 3822 2831 2780 2780 2746 2746 950 862 640 631 617 575 521 509 441
Geracao 65: 1281688 1281688 1281688 1281688 1281688 1281688 1281688 1281688 1281688 1281688 1281688 1281688 1281688 1281688 1281688 1281688 1281688 1281688 1281688 1281688 1281688 1281688 1281688 1281688 1281688 1281688 1281688 1281688 1281688 759434 759434 759434 759434 496721 496721 496721 496721 352258 352258 340449 331848 192945 157297 157297 79485 79485 68534 68534 54722 54722 54722 54722 54722 54722 54722 54722 54722 54052 54052 32660 18808 12983 12983 11372 5152 4833 4761 4649 4649 4608 4608 4608 4080 4048 4048 3822 3542 3520 3116 2921 2675 2674 2661 2658 2444 2240 2029 1764 1079 935 855 814 682 682 682 682 594 592 583 541
Geracao 66: 1281688 1281688 1281688 1281688 1281688 1281688 1281688 1281688 1281688 1281688 1281688 1281688 1281688 1281688 1281688 1281688 1281688 1281688 1281688 1281688 1281688 1281688 1281688 1281688 1281688 1281688 1281688 1281688 1281688 1281688 1281688 1281688 1281688 1281688 1281688 1281688 1281688 1281688 1281688 759434 496721 496721 496721 496721 496721 496721 352258 340449 340449 340449 340449 168230 157297 68534 68534 64485 54722 54722 54722 54052 54052 12983 12983 12092 8817 4937 4866 4833 4649 4608 4608 4608 4608 4608 4608 4608 4608 2880 2752 2530 2495 2068 2029 2029 2029 2029 1655 791 718 718 682 682 682 682 682 682 682 614 566 322
Geracao 67: 1281688 1281688 1281688 1281688 1281688 1281688 1281688 1281688 1281688 1281688 1281688 1281688 1281688 1281688 1281688 1281688 1281688 1281688 1281688 1281688 1281688 1281688 1281688 1281688 1281688 1281688 1281688 1281688 1281688 1281688 1281688 1281688 1281688 1281688 1281688 1281688 1281688 1281688 1281688 1281688 1281688 1281688 759434 759434 759434 496721 496721 496721 496721 453926 352258 352258 340449 340449 340449 340449 340449 340449 340449 263160 192945 189037 168230 132934 106534 96916 54722 54722 12092 6442 5960 4649 4649 4649 4608 4608 4608 4608 4608 4608 4048 3995 3822 3822 2985 2898 2516 2399 2029 790 766 756 708 682 682 682 682 667 540 441
Geracao 68: 1281688 1281688 1281688 1281688 1281688 1281688 1281688 1281688 1281688 1281688 1281688 1281688 1281688 1281688 1281688 1281688 1281688 1281688 1281688 1281688 1281688 1281688 1281688 1281688 1281688 1281688 1281688 1281688 1281688 1281688 1281688 1281688 1281688 1281688 1117672 850189 759434 759434 759434 496721 496721 496721 496721 436198 352258 340449 340449 340449 331848 302567 157297 157297 140331 103045 79485 79485 79485 79485 68534 54722 54722 54722 54052 23896 20516 12983 12983 12761 12092 12092 12092 12092 9817 6502 4649 4608 4608 4608 2804 2696 2613 2216 2029 2029 1468 1468 1351 1346 938 830 790 772 766 683 682 682 682 682 554 540
Geracao 69: 1281688 1281688 1281688 1281688 1281688 1281688 1281688 1281688 1281688 1281688 1281688 1281688 1281688 1281688 1281688 1281688 1281688 1281688 1281688 1281688 1281688 1281688 1281688 1281688 1281688 1281688 1281688 1281688 1281688 1281688 1281688 1281688 1281688 1281688 1281688 1281688 1281688 1281688 1281688 1281688 1281688 759434 759434 759434 759434 759434 599754 496721 496721 496721 496721 496721 451427 352258 352258 352258 340449 340449 340449 340449 302567 260454 157297 104889 79485 79485 74633 61831 54722 54722 54052 54052 54052 43634 12983 11372 4649 4649 4608 4608 4608 4608 4608 4608 4608 4608 4048 3868 3822 3412 2746 2516 2516 1132 910 810 682 682 652 425
Geracao 70: 1281688 1281688 1281688 1281688 1281688 1281688 1281688 1281688 1281688 1281688 1281688 1281688 1281688 1281688 1281688 1281688 1281688 1281688 1281688 1281688 1281688 1281688 1281688 1281688 1281688 1281688 1281688 1281688 1281688 1281688 1281688 1281688 1281688 1281688 1281688 1281688 1281688 1281688 1281688 1281688 1281688 1281688 1281688 1281688 1281688 1281688 1052203 647931 496721 496721 496721 496721 340449 340449 270230 157297 157297 108236 80191 79485 78611 66642 54722 54722 54722 54722 54722 54722 54052 54052 19340 12761 9106 7193 6804 6711 6711 4608 4608 4608 3822 2713 2675 2532 2329 2029 1966 873 849 849 846 795 780 763 670 611 611 611 465 351
Geracao 71: 1281688 1281688 1281688 1281688 1281688 1281688 1281688 1281688 1281688 1281688 1281688 1281688 1281688 1281688 1281688 1281688 1281688 1281688 1281688 1281688 1281688 1281688 1281688 1281688 1281688 1281688 1281688 1281688 1281688 1281688 1281688 1281688 1281688 1281688 1281688 1281688 701989 569947 496721 496721 496721 352258 340449 340449 340449 340449 302567 263160 157297 157297 128471 79485 79485 79485 61786 54052 32731 31695 20180 12983 12761 12417 7775 4833 4608 4608 4608 4608 4608 4608 4080 4048 3949 3844 3822 3178 2985 2985 2985 2874 2795 2780 2733 2658 2145 2029 1939 886 849 849 800 800 800 800 682 638 638 617 599 494
Geracao 72: 1281688 1281688 1281688 1281688 1281688 1281688 1281688 1281688 1281688 1281688 1281688 1281688 1281688 1281688 1281688 1281688 1281688 1281688 1281688 1281688 1281688 1281688 1281688 1281688 1281688 1281688 1281688 1281688 1281688 1281688 1281688 1281688 1281688 1281688 1281688 1281688 1281688 1281688 1281688 825996 759434 759434 622379 496721 496721 496721 395980 352258 340449 340449 252277 202388 185512 174519 157297 79485 68534 67546 66642 54722 54722 54722 30079 12983 12983 12761 6711 6711 6592 5052 4824 4635 4608 4608 4608 3822 3822 3822 2915 2811 2766 2697 2658 2623 2544 2357 2040 2040 2037 2029 973 795 764 751 741 727 562 534 498 422
Geracao 73: 1281688 1281688 1281688 1281688 1281688 1281688 1281688 1281688 1281688 1281688 1281688 1281688 1281688 1281688 1281688 1281688 1281688 1281688 1281688 1281688 1281688 1281688 1281688 1281688 1281688 1281688 1281688 1281688 1281688 1281688 1281688 1281688 1281688 1281688 1281688 1281688 1281688 850189 759434 496721 496721 496721 496721 496721 496721 374236 340449 340449 340449 340449 331848 331848 331848 222871 168230 168230 79485 79485 79485 66642 60355 54722 28442 12983 12761 11372 5960 4761 4608 4608 4608 4608 4608 4608 4608 4608 4608 4608 3822 3822 2877 2658 2658 2658 2658 2658 2658 2478 2029 885 885 824 699 678 621 611 611 602 596 498
Geracao 74: 1281688 1281688 1281688 1281688 1281688 1281688 1281688 1281688 1281688 1281688 1281688 1281688 1281688 1281688 1281688 1281688 1281688 1281688 1281688 1281688 1281688 1281688 1281688 1281688 1281688 1281688 1281688 1281688 1281688 1281688 1281688 1281688 1281688 1281688 1281688 1281688 1281688 1281688 850189 850189 759434 759434 512646 506250 496721 496721 496721 477397 438420 331848 318993 290176 192945 189735 157297 155289 128471 89886 79485 79485 54722 54722 54722 54722 54722 40050 40050 29136 23581 17556 16626 12594 5152 4684 4201 4112 3995 2915 2772 2695 2483 2464 2441 1005 1003 911 905 901 901 894 880 872 872 849 788 788 626 625 609 606
Geracao 75: 1281688 1281688 1281688 506250 506250 496721 453926 453926 352258 340449 340449 340449 340449 192945 192945 192945 192945 157297 139198 138803 138803 138803 105442 71332 68534 68534 68534 68020 68020 61688 58827 29863 13510 5152 4649 4048 4012 3822 3822 3822 3822 3822 3822 3822 3822 3822 3822 3822 3822 3822 3822 3822 3822 3822 3822 3822 3822 3822 3822 3822 3822 3822 3822 3822 3822 3822 3822 3822 3822 3822 3822 3822 3822 3822 3822 3822 3822 3822 2683 2659 2642 2642 2613 2551 2483 2483 2029 834 772 770 742 713 713 696 648 586 585 582 486 415
Geracao 76: 1281688 1281688 1281688 1281688 1281688 1281688 1281688 1281688 1281688 1281688 1281688 1281688 1281688 1281688 1281688 1281688 1281688 1281688 1281688 1281688 1281688 1281688 1281688 1281688 1281688 1281688 1281688 1281688 1281688 1281688 1281688 1281688 1281688 1281688 1281688 1281688 1281688 1281688 1281688 1281688 1281688 1281688 1281688 496721 492459 409385 352258 352258 340449 340449 340449 340449 339773 339773 331848 331848 331848 331848 187412 168230 168230 167233 157297 157297 101137 68534 54722 33059 24912 7619 6625 6625 4269 4026 3826 3822 3822 3822 3822 3822 3822 3822 3822 3822 3822 3412 2940 2852 2737 2498 2260 2014 1361 1361 796 776 767 600 593 523
Geracao 77: 1381827 1281688 1281688 1281688 1281688 1281688 1281688 1281688 1281688 1281688 1281688 1281688 1281688 1281688 1281688 1281688 1281688 1281688 1281688 1281688 1281688 1281688 1281688 1281688 1281688 1281688 1281688 1281688 1281688 1281688 1281688 1281688 1281688 1281688 1281688 1281688 1281688 1281688 1281688 1281688 1281688 1281688 1281688 1281688 1281688 1281688 1281688 1281688 1281688 1038659 453926 453926 352258 352258 340449 339773 331848 310976 290176 240470 240470 240470 238834 168230 68534 54722 28307 27701 23860 23860 21828 19676 14160 12641 9143 8315 4649 4066 3822 3822 3822 3822 3822 3822 3822 2712 2658 2464 2116 1009 990 930 885 875 875 723 686 681 555 443
Geracao 78: 1381827 1381827 1381827 1381827 1381827 1381827 1381827 1381827 1381827 1381827 1381827 1381827 1381827 1381827 1381827 1381827 1381827 1281688 1281688 1281688 1281688 1281688 1281688 1281688 1281688 1281688 1281688 1281688 1281688 1281688 1281688 1281688 1281688 1281688 1281688 497198 352258 340449 340449 340449 340449 340449 340449 340449 340449 135801 79485 68534 68534 68534 68534 68534 68534 68534 68534 68534 68534 40792 40792 29480 22246 19195 14874 12761 9003 8245 5946 5302 3882 3822 3822 3822 3822 3822 3822 3624 3624 3438 3412 3033 2861 2861 2705 2488 2467 2452 2371 2260 1896 1601 758 672 588 560 547 539 399 393 393 352
Geracao 79: 1381827 1381827 1381827 1381827 1381827 1381827 1381827 1381827 1381827 1381827 1381827 1381827 1381827 1381827 1381827 1381827 1381827 1381827 1381827 1381827 1381827 1381827 1381827 1381827 1381827 1381827 1381827 1381827 1381827 1381827 1381827 1381827 1381827 1381827 1381827 1381827 1281688 453926 453926 352258 352258 340449 340449 340449 340449 304054 253888 253888 175316 68534 68534 68534 68534 68534 61214 40792 27947 16766 10385 9684 9384 6661 5302 3949 3822 3822 3822 3822 3822 3624 3513 2772 2772 2703 2478 2364 2327 2246 2029 2029 1700 1621 830 695 687 632 632 625 622 617 612 596 512 491 481 481 481 481 445 331
Geracao 80: 1381827 1381827 1381827 1381827 1381827 1381827 1381827 1381827 1381827 1381827 1381827 1381827 1381827 1381827 1381827 1381827 1381827 1381827 1381827 1381827 1381827 1381827 1381827 1381827 1381827 1381827 1381827 1381827 1381827 1381827 1381827 1381827 1381827 1381827 1381827 1381827 1381827 1381827 1381827 1381827 1281688 453926 453926 406224 352810 340449 340449 340449 340449 340449 340449 340449 340449 304239 253888 118555 118555 90838 72285 68534 68534 68534 68534 56509 56509 56509 56509 40792 33996 27947 27947 22281 17863 10431 6650 5847 3822 3822 3624 3624 3355 3355 3355 2807 2572 2572 2572 2494 2390 2369 2336 2029 2029 1301 859 750 725 724 540 490
Geracao 81: 1381827 1381827 1381827 1381827 1381827 1381827 1381827 1381827 1381827 1381827 1381827 1381827 1381827 1381827 1381827 1381827 1381827 1381827 1381827 1381827 1381827 1381827 1381827 1381827 1381827 1381827 1381827 1381827 1381827 1381827 1381827 1281688 1084236 453926 453926 453926 453926 453926 453926 409474 352258 352258 340449 340449 340449 340449 340449 340449 340449 340449 142410 129829 68534 68534 65976 54722 41367 17863 7337 5785 3822 3822 3822 3822 3822 3355 2804 2734 2726 2708 2674 2478 2478 2422 2414 2344 2029 1948 1831 1377 940 825 752 728 720 712 712 712 669 627 567 567 567 564 564 564 536 493 470 341
Geracao 82: 1381827 1381827 1381827 1381827 1381827 1381827 1381827 1381827 1381827 1381827 1381827 1381827 1381827 1381827 1381827 1381827 1381827 1381827 1381827 1381827 1381827 1381827 1381827 1381827 1381827 1381827 1381827 759434 751911 503993 352258 352258 340449 340449 253888 177580 131359 115550 95189 95189 95189 95189 95189 95189 95189 62463 41367 41367 33833 29424 29424 29424 29424 29424 29424 29424 29424 11318 7246 6790 5302 5302 4169 4048 3822 3822 3822 3822 3822 3822 3822 3822 3814 3766 3259 3079 2752 2679 2652 2565 2547 2546 2218 2029 1531 1149 1128 1065 846 765 757 682 638 558 540 538 538 531 510 249
Geracao 83: 1381827 1381827 1381827 1381827 1381827 1381827 1381827 1381827 1381827 1381827 1381827 1381827 1381827 1381827 1381827 1381827 1381827 1381827 1381827 1381827 1381827 1381827 1381827 1381827 1381827 1381827 1381827 1381827 1381827 1381827 1381827 1381827 1381827 642031 453926 352258 352258 340449 302567 302567 302567 290176 268324 218279 150705 138803 95189 95189 95189 95189 95189 95189 68534 68534 68534 68534 44779 32863 29424 29424 29424 29424 29424 29424 29424 29424 27947 20842 19139 18620 15492 12983 5302 3822 3822 3712 3712 3712 3712 3624 3624 2972 2598 2293 2029 2029 2029 1109 721 721 721 557 548 540 519 518 507 414 365 347
Geracao 84: 1381827 1381827 1381827 1381827 1381827 1381827 1381827 1381827 1381827 1381827 1381827 1381827 1381827 1381827 1381827 1381827 1381827 1381827 1381827 1381827 1381827 1381827 1381827 1381827 1381827 1381827 1381827 1381827 1381827 1381827 1381827 587714 453926 431714 408089 408089 324742 302567 302567 290176 244314 130019 128471 95189 95189 72283 68534 57355 33093 31754 29424 29424 29424 29424 29424 28294 19871 12761 7780 6650 5302 5302 5302 4339 3882 3822 3822 3822 3822 3624 3137 2968 2960 2689 2654 2638 2327 2029 2029 1349 929 903 868 823 815 808 808 721 721 721 710 710 691 596 590 560 548 399 283 283
Geracao 85: 1381827 1381827 1381827 1381827 1381827 1381827 1381827 1381827 1381827 1381827 1381827 1381827 1381827 1381827 1381827 1381827 1381827 1381827 1381827 1381827 1381827 1381827 1381827 1381827 1381827 1381827 1381827 1381827 1381827 1381827 1381827 1281688 759434 453926 352258 340449 340449 340449 302567 302567 302567 302567 253888 220336 167975 142117 97378 95189 79946 68534 66758 54722 29424 29424 29424 29424 29424 29424 28258 17905 17863 10995 6404 6179 4375 4221 4221 3822 3822 3822 3822 3822 3712 3704 3624 3018 2689 2478 2478 1972 1024 984 854 794 794 768 749 748 734 729 671 668 662 655 612 569 538 519 498 350
Geracao 86: 1381827 1381827 1381827 1381827 1381827 1381827 1381827 1381827 1381827 1381827 1381827 1381827 1381827 1381827 1381827 1381827 1381827 1381827 1381827 1381827 1381827 1381827 1381827 1381827 1381827 1381827 1381827 1381827 1381827 1381827 1381827 1381827 1381827 1381827 1381827 1281688 1281688 1165983 759434 743563 575298 525084 453926 436198 436198 409385 409385 409385 352258 340449 68534 68534 55783 36605 34361 29424 29424 22281 12983 3822 3822 3822 3822 3822 3712 3712 3624 3618 2981 2955 2948 2948 2948 2948 2948 2909 2890 2890 2696 2689 2666 2638 2449 2406 2336 2029 1695 1665 1545 1302 1250 1178 1108 988 890 770 702 682 498 242
Geracao 87: 1281688 1281688 1281688 759434 575298 575298 514180 512646 512646 496721 453926 436198 436198 361079 352258 340449 302567 302567 302567 302567 302567 302567 302567 302567 302567 302567 302567 302567 302567 302567 302567 302567 302567 302567 302567 302567 302567 302567 302567 302567 302567 302567 302567 302567 302567 302567 302567 243113 191507 177749 157297 129759 129759 129759 128471 128471 124097 120502 117906 109284 89052 80273 71068 69491 68534 62463 55564 54722 54722 54722 54722 54722 54722 54722 39665 38576 28822 28258 17863 17863 16127 8863 5152 4467 4252 4252 3822 3121 2775 2737 2672 2075 1531 1531 1072 627 624 610 386 351
Geracao 88: 1281688 1281688 1281688 1281688 1281688 1281688 1281688 1281688 1281688 1281688 1281688 1281688 1281688 1281688 1281688 1281688 1281688 972292 759434 575298 513366 453926 453926 453926 352258 340449 340449 340449 331848 331848 263160 168230 128471 110610 89052 87250 84176 79485 79485 71068 68534 68534 50785 50785 45953 27782 22281 22281 20528 19916 19359 16127 15660 15473 13198 8264 7190 6567 6213 5040 4467 4447 3822 3822 3822 3822 3822 3822 2917 2879 2850 2746 2697 2679 2669 2658 2637 2612 2537 2534 2522 2508 2401 2390 2029 2029 2029 2029 2029 2029 1976 1976 1976 1173 919 887 758 682 502 440
Geracao 89: 1281688 1281688 1281688 1281688 1281688 1281688 1281688 1281688 1281688 1281688 1281688 1281688 1281688 1281688 1281688 1281688 1281688 1281688 1281688 1281688 1281688 1281688 1281688 1281688 436198 352258 340449 340449 299199 128471 71068 68534 68534 68534 64845 54722 54722 54722 46060 34706 22281 10254 9882 6657 6254 3822 3822 3822 3822 3822 3822 3822 3822 3822 3822 3822 3822 3822 3822 3107 2973 2845 2697 2658 2658 2603 2601 2601 2462 2462 2409 2337 2074 2029 2029 2029 2029 2029 2029 1976 1976 1976 1976 1976 1976 1976 1976 1976 1937 1733 1583 1254 881 809 744 743 709 652 648 520
Geracao 90: 1281688 1281688 1281688 1281688 1281688 1281688 1281688 1281688 1281688 1281688 1281688 1281688 1281688 1281688 1281688 1281688 1281688 1281688 1281688 1281688 1281688 1281688 1281688 1281688 1281688 1281688 1281688 1281688 1281688 352258 352258 340449 340449 340449 193316 170332 157297 157297 114777 68534 68534 68534 61240 54722 54722 54722 53882 35161 28916 6200 5530 4684 4023 3822 3822 3822 3822 3822 3822 3822 3822 2736 2658 2658 2620 2562 2538 2537 2439 2409 2409 2409 2409 2150 2029 2029 2029 2029 2029 2029 2029 2029 2029 2029 2029 2029 2029 2029 944 865 803 795 749 682 654 586 582 542 500 456
Geracao 91: 1281688 1281688 1281688 1281688 1281688 1281688 1281688 1281688 1281688 1281688 1281688 1281688 1281688 1281688 1281688 1281688 1281688 1281688 1281688 1281688 1281688 1281688 1281688 1281688 1281688 1281688 1281688 1281688 1281688 1281688 1281688 1281688 1281688 1281688 1281688 1281688 1281688 1281688 1281688 1281688 1281688 1281688 1281688 1281688 1281688 1281688 1281688 352258 352258 352258 343495 268324 68534 54722 33774 30030 5871 5871 5152 4649 4275 3822 3822 3822 3822 3822 3822 3822 3822 3822 3822 3822 3107 2697 2697 2454 2446 2389 2337 2029 2029 2029 2029 2029 2029 2029 2029 2029 2000 1896 1714 759 753 696 675 667 590 556 525 374
Geracao 92: 1281688 1281688 1281688 1281688 1281688 1281688 1281688 1281688 1281688 1281688 1281688 1281688 1281688 1281688 1281688 1281688 1281688 1281688 1281688 1281688 1281688 1281688 1281688 1281688 1281688 1281688 1281688 1281688 1281688 1281688 1281688 1281688 1281688 1281688 1281688 1281688 1281688 1281688 1281688 1281688 1281688 1281688 496721 481298 340449 340449 331848 268324 268324 129496 54722 54722 54722 54722 54722 54722 27381 4649 4649 4649 3822 3822 3822 3822 3822 3822 3822 3822 3822 3822 3822 3822 2697 2658 2538 2534 2478 2029 2029 2029 2029 2029 2029 2029 1169 802 782 782 782 769 743 741 730 706 683 654 644 487 440 297
Geracao 93: 1281688 1281688 1281688 1281688 1281688 1281688 1281688 1281688 1281688 1281688 1281688 1281688 1281688 1281688 1281688 1281688 1281688 1281688 1281688 1281688 1281688 1281688 1281688 1281688 1281688 1281688 1281688 1281688 1281688 1281688 1281688 1281688 1281688 1281688 1281688 1281688 1281688 1281688 1281688 1281688 1281688 1281688 496721 352258 352258 352258 340449 340449 340449 241013 241013 157297 73351 68534 54722 54722 19006 12983 5152 4048 3822 3822 3822 3822 3822 3822 3822 3822 3822 3822 2745 2604 2478 2386 2365 2029 2029 2029 2029 2029 2029 2029 2029 906 797 772 726 726 726 711 706 699 675 675 675 675 658 422 338 338
Geracao 94: 1281688 1281688 1281688 1281688 1281688 1281688 1281688 1281688 1281688 1281688 1281688 1281688 1281688 886998 759434 453926 352258 168230 168230 157297 157297 157297 157297 157297 157297 157297 157297 80466 80466 80466 68534 54722 54722 54722 52510 52510 21636 12983 12983 4649 3822 3822 3822 3822 3822 3822 3822 3822 3822 3822 3822 3822 3822 3822 3822 3822 3822 3822 3822 3822 3822 3822 3822 3822 3822 3822 3822 3822 3822 3822 3822 3822 3822 3822 3822 3822 3822 3822 3822 3822 3822 3822 3822 3822 3822 3822 2899 2374 2236 2236 2186 700 675 672 607 546 537 434 427 252
Geracao 95: 1281688 1281688 1281688 1281688 1281688 1281688 1281688 1281688 1281688 1281688 1281688 1281688 1281688 1281688 1281688 1281688 1281688 1281688 1281688 1281688 1281688 1281688 1281688 1281688 1281688 1281688 1281688 1281688 1281688 1281688 1281688 1281688 1281688 1281688 1281688 1281688 1281688 1281688 1281688 1281688 1281688 1281688 1281688 1281688 496721 352258 352258 340449 273449 169741 168230 168230 106436 80466 54722 54722 54722 46023 32434 22281 22281 12983 12983 12983 7150 5934 4649 4649 4649 3822 3822 3822 3822 3822 3659 2899 2308 2186 2186 2065 2001 2001 764 746 743 717 713 711 672 672 672 654 654 641 641 426 395 383 335 335
Geracao 96: 1281688 1281688 496721 352258 352258 340449 290176 192945 157297 157297 157297 157297 157297 157297 157297 157297 157297 157297 157297 157297 157297 157297 157297 157297 157297 157297 157297 157297 157297 157297 157297 157297 157297 157297 157297 157297 157297 157297 157297 157297 157297 157297 157297 157297 157297 157297 157297 157297 157297 157297 157297 157297 157297 157297 157297 77732 54722 54722 54722 54722 54722 54722 54722 54722 54722 54722 29210 18579 12983 12983 12983 12983 12983 12983 4649 4649 4649 4649 4649 4649 4649 4649 3822 3715 2696 2696 2537 2532 2532 1040 693 609 608 538 513 513 500 337 334 333
Geracao 97: 1281688 1281688 1281688 1281688 1281688 1281688 1281688 1281688 1281688 1281688 1281688 1281688 1281688 1281688 1281688 1281688 1281688 1281688 1281688 1281688 1281688 1281688 1281688 1281688 1281688 1281688 1281688 1281688 1281688 1281688 1281688 1281688 1281688 1281688 1281688 1281688 1281688 1281688 1281688 340449 299199 157297 157297 157297 153547 109934 68534 68534 68534 68534 68534 68534 68534 68534 54722 54722 54722 54722 54722 54722 54722 54722 29556 6448 6351 5603 5421 5152 4048 3822 3822 3822 3822 3822 3822 3822 3822 3822 3822 3822 3822 3822 3822 3822 3822 2759 2483 2478 2346 2330 2029 1040 1040 697 682 582 535 458 379 365
Geracao 98: 1281688 1281688 1281688 1281688 1281688 1281688 1281688 1281688 1281688 1281688 1281688 1281688 1281688 1281688 1281688 1281688 1281688 1281688 1281688 1281688 1281688 1281688 1281688 1281688 1281688 1281688 1281688 1281688 1281688 1281688 1281688 1281688 1281688 1281688 1281688 1281688 1281688 1281688 1281688 1281688 1281688 1281688 1281688 1281688 1281688 1281688 1281688 1281688 1281688 1281688 1281688 1281688 1281688 1281688 1281688 1281688 1281688 496721 352258 352258 281201 157297 157297 157297 157297 157297 157297 157297 157297 68534 54722 54722 54722 54722 54722 41361 8621 8621 3822 3822 3822 3822 3822 2593 2294 2029 2029 1274 1040 1040 1040 1040 1040 1040 1040 763 727 658 582 582
Geracao 99: 1281688 1281688 1281688 1281688 1281688 1281688 1281688 1281688 1281688 1281688 1281688 1281688 1281688 1281688 1281688 1281688 1281688 1281688 1281688 1281688 1281688 1281688 1281688 1281688 1281688 1281688 1281688 1281688 1281688 1281688 1281688 1281688 1281688 1281688 1281688 1281688 1281688 1281688 1281688 1281688 1281688 1281688 1281688 1281688 1281688 1281688 1281688 1281688 1281688 1281688 1281688 1281688 352258 352258 352258 340449 241013 179874 161511 161511 157297 157297 69466 54722 34792 27153 12983 12983 12983 8621 4649 4649 3822 3822 3822 3822 2742 2634 2548 2530 2309 2029 2029 2029 1040 1040 1040 1040 1040 1040 1040 746 630 587 582 582 582 582 569 518
Geracao 100: 1281688 1281688 1281688 1281688 1281688 1281688 1281688 1281688 1281688 1281688 1281688 1281688 1281688 1281688 1281688 1281688 1281688 1281688 1281688 1281688 1281688 1281688 1281688 1281688 1281688 1281688 1281688 1281688 1281688 1281688 1281688 1281688 1281688 1281688 1281688 1281688 1281688 1281688 1281688 1281688 1281688 1281688 1281688 1281688 1281688 1281688 1281688 1281688 1281688 1281688 1281688 1281688 1281688 431136 379648 340449 340449 340449 272120 186827 158107 157297 84060 54722 54722 25822 17503 13805 12983 8621 8621 8239 5373 3822 3822 3822 2765 2634 2572 2572 2571 2435 2430 2371 2029 2029 2029 1040 1040 1040 1040 1040 1040 1040 980 746 720 670 570 477
Geracao 101: 1281688 1281688 1281688 1281688 1281688 1281688 1281688 1281688 1281688 1281688 1281688 1281688 1281688 1281688 1281688 1281688 1281688 1281688 1281688 1281688 1281688 1281688 1281688 1281688 1281688 1281688 1281688 1281688 1281688 1281688 1281688 1281688 1281688 1281688 1281688 1281688 1281688 1281688 1281688 1281688 1281688 1281688 1281688 1281688 1281688 1281688 1281688 1281688 1281688 1281688 1281688 1281688 1281688 1281688 759434 352258 340449 212116 168230 161511 157297 157297 124131 120142 54722 54722 54722 54722 54722 9691 8944 6466 4337 3822 3822 3822 3822 3822 3822 2530 2029 2029 2029 1756 1040 1040 1040 1040 1040 1020 794 746 727 727 727 727 501 474 396 243
Geracao 102: 1281688 1281688 1281688 1281688 1281688 1281688 1281688 1281688 1281688 1281688 1281688 1281688 1281688 1281688 1281688 1281688 1281688 1281688 1281688 1281688 1281688 1281688 1281688 1281688 1281688 1281688 1281688 1281688 1281688 1281688 1281688 1281688 1281688 1281688 1281688 1281688 1281688 1281688 1281688 1281688 1281688 1281688 1281688 1281688 1281688 1281688 1281688 1281688 1281688 1281688 1281688 746086 379327 371388 352258 352258 352258 352258 340449 340449 340449 168194 161511 157297 157297 157297 136826 54722 54722 41361 34947 16924 12983 12983 11036 11036 3822 3822 3822 3822 3822 3822 3711 3257 2879 2697 2440 2317 2279 2279 2279 2279 798 785 757 698 650 474 441 392
Geracao 103: 1281688 1281688 1281688 1281688 1281688 1281688 1281688 1281688 1281688 1281688 1281688 1281688 1281688 1281688 1281688 1281688 1281688 1281688 1281688 1281688 1281688 1281688 1281688 1281688 1281688 1281688 1281688 1281688 1281688 1281688 1281688 1281688 1281688 1281688 1281688 1281688 1281688 1281688 1281688 1281688 1281688 1281688 1281688 1281688 1281688 1281688 1281688 1281688 1281688 1281688 759434 352258 352258 340449 340449 340449 269735 161511 157297 157297 157297 157297 69466 54722 54722 48007 30592 12983 12983 11036 4555 4227 3822 3822 3822 3822 3822 3822 3822 3741 2744 2708 2697 2609 2572 2572 2572 2453 2298 2279 2279 2029 2029 2029 2029 1040 1040 1040 802 457
Geracao 104: 1281688 1281688 1281688 1281688 1281688 1281688 1281688 1281688 1281688 1281688 1281688 1281688 1281688 1281688 1281688 1281688 1281688 1281688 1281688 1281688 1281688 1281688 1281688 1281688 1281688 1281688 1281688 1281688 1281688 1281688 1281688 1281688 1281688 1281688 1281688 1281688 1281688 1281688 1281688 1281688 1281688 1281688 1281688 1281688 1281688 1281688 1281688 1281688 1281688 1281688 1281688 1281688 1281688 453926 352258 101511 54722 54722 9790 7372 3822 3822 3822 3822 3822 3822 2798 2774 2668 2659 2588 2541 2476 2434 2421 2408 2403 2387 2029 2029 2029 831 831 831 831 791 759 759 746 746 721 721 702 622 577 477 477 477 417 318
Geracao 105: 1281688 1281688 1281688 1281688 1281688 1281688 1281688 1281688 1281688 1281688 1281688 1281688 1281688 1281688 1281688 1281688 1281688 1281688 1281688 1281688 1281688 1281688 1281688 1281688 1281688 1281688 1281688 1281688 1281688 1281688 1281688 1281688 1281688 1281688 1281688 1281688 1281688 1281688 1281688 1281688 1281688 1281688 1281688 1281688 1281688 1281688 1281688 1281688 1281688 1281688 1281688 1281688 1281688 1281688 1281688 1149271 567241 567241 496721 453926 436764 352258 340449 340449 340449 232301 132669 54722 54722 54722 12983 3822 3822 3822 3822 3822 3822 3822 3822 3822 2847 2697 2490 2081 2029 895 888 831 831 831 831 759 746 721 702 696 669 440 424 347
Geracao 106: 1281688 1281688 1281688 1281688 1281688 1281688 1281688 1281688 1281688 1281688 1281688 1281688 1281688 1281688 1281688 1281688 1281688 1281688 1281688 1281688 1281688 1281688 1281688 1281688 1281688 1281688 1281688 1281688 1281688 1281688 1281688 1281688 1281688 1281688 1281688 1281688 1281688 1281688 1281688 1281688 1281688 1281688 1281688 1281688 1281688 1281688 1281688 1281688 1281688 1281688 1281688 1281688 1281688 1281688 1281688 1281688 1281688 1281688 1281688 1281688 775106 741453 571055 352258 340449 197393 54722 54722 54722 54722 54722 54722 54722 54722 31767 4673 4474 3822 3822 3822 3822 3822 3822 3822 3547 3010 2968 2696 2544 2478 811 783 763 759 721 720 696 679 656 476
Geracao 107: 1281688 1281688 1281688 1281688 1281688 1281688 1281688 1281688 1281688 1281688 1281688 1281688 1281688 1281688 1281688 1281688 1281688 1281688 1281688 1281688 1281688 1281688 1281688 1281688 1281688 1281688 1281688 1281688 1281688 1281688 1281688 1281688 1281688 1281688 1281688 1281688 1281688 1281688 1281688 1281688 496721 496721 352258 352258 340449 340449 340449 132020 106730 105631 54722 54722 54722 54722 54722 54722 54722 54722 54722 54722 54722 54722 54722 54722 54722 54722 54722 54722 54722 54722 54722 54722 54722 54722 54722 54722 54722 32946 5469 4649 4649 4649 4437 3972 3822 3822 3822 2898 2478 2447 2423 840 733 611 591 580 491 477 450 317
Geracao 108: 1281688 1281688 1281688 1281688 1281688 1281688 1281688 1281688 1281688 1281688 1281688 1281688 1281688 1281688 1281688 1281688 1281688 1281688 1281688 1281688 1281688 1281688 1281688 1281688 1281688 1281688 1281688 1281688 1281688 1281688 1281688 1281688 1281688 1281688 1281688 1281688 1281688 1281688 1281688 1281688 1281688 1281688 1281688 1281688 1281688 1281688 1281688 1281688 1281688 701619 496721 496721 402425 352258 352258 296476 159009 54722 54722 54722 54722 54722 54722 54722 54722 54722 54722 54722 54722 54722 54722 54722 54722 54722 54722 28413 12983 12983 12983 4525 3983 3822 2410 1979 1140 835 772 746 738 724 678 576 568 558 483 483 477 464 352 292
Geracao 109: 1281688 1281688 1281688 1281688 1281688 1281688 1281688 1281688 1281688 1281688 1281688 1281688 1281688 1281688 1281688 1281688 1281688 1281688 1281688 1281688 1281688 1281688 1281688 1281688 1281688 1281688 1281688 1281688 1281688 1281688 1281688 1281688 1281688 1281688 1281688 1281688 1281688 1281688 1281688 499454 496721 496721 496721 496721 406060 376392 352258 352258 340449 340449 290176 231198 210561 157297 54722 54722 54722 54722 54722 54722 54722 54722 54722 54722 54722 54722 54722 54722 54722 54722 54722 22934 16855 12983 12983 12983 5992 5370 5152 4649 4649 4293 3822 3822 2763 2697 2697 2515 1754 827 816 746 711 703 703 543 502 436 313 292
Geracao 110: 1281688 1281688 1281688 1281688 1281688 1281688 1281688 1281688 1281688 1281688 1281688 1281688 1281688 1281688 1281688 1281688 1281688 1281688 1281688 1281688 1281688 1281688 1281688 1281688 1281688 1281688 1281688 1281688 1281688 1281688 1281688 1281688 1281688 1281688 1281688 1281688 1281688 1281688 1281688 1281688 1281688 1281688 1281688 1281688 1281688 1281688 496721 496721 496721 467862 340449 340449 192945 184654 157297 157297 54722 54722 54722 54722 54722 54722 54722 54722 54722 54722 54722 54722 12983 12983 12983 12983 12983 7377 5650 4649 4649 4649 4649 4649 4649 4649 4304 3406 3073 2828 2544 2350 1354 746 746 746 720 703 703 649 640 533 302 292
Geracao 111: 1281688 1281688 1281688 1281688 1281688 1281688 1281688 1281688 1281688 1281688 1281688 1281688 1281688 1281688 1281688 1281688 1281688 1281688 1281688 1281688 1281688 1281688 1281688 1281688 1281688 1281688 1281688 1281688 1281688 1281688 1281688 1281688 1281688 1281688 1281688 1281688 1281688 1281688 1281688 1281688 1281688 1281688 1281688 1281688 1281688 1281688 1281688 1281688 1281688 1281688 1281688 1281688 1281688 1281688 1281688 1281688 724447 643198 496721 352258 352258 352258 340449 261872 157297 133612 54722 54722 54722 54722 54722 54722 54722 54722 54722 54722 54722 54722 54722 12983 12983 5152 4649 4649 4649 3822 2544 2333 1104 746 746 746 703 703 703 703 679 529 466 324
Geracao 112: 1388591 1281688 1281688 1281688 1281688 1281688 1281688 1281688 1281688 1281688 1281688 1281688 1281688 1281688 1281688 1281688 1281688 1281688 1281688 1281688 1281688 1281688 1281688 1281688 1281688 1281688 1281688 1281688 1281688 1281688 1281688 1281688 1281688 1281688 1281688 1281688 1281688 1281688 1281688 1281688 1281688 1281688 1281688 1281688 1281688 1281688 496721 396332 347323 306987 288164 76923 54722 54722 54722 54722 54722 54722 54722 54722 54722 54722 54722 54722 54722 54722 54722 54722 54722 54722 35225 16660 12983 12983 12983 12983 12983 4649 4649 3822 2888 2867 2867 2867 2590 2564 2430 963 963 916 877 746 746 746 703 691 660 643 478 428
Geracao 113: 1388591 1388591 1388591 1388591 1388591 1388591 1388591 1388591 1388591 1388591 1388591 1388591 1388591 1388591 1388591 1388591 1388591 1388591 1388591 1388591 1388591 1388591 1388591 1388591 1388591 1388591 1388591 1388591 1388591 1388591 1388591 1388591 1388591 1388591 1388591 1388591 1388591 1388591 1388591 1388591 1388591 1388591 1388591 1388591 1388591 1388591 1388591 1388591 1388591 1388591 1388591 1388591 1281688 1281688 1281688 1281688 1014022 734560 666596 666596 496721 390997 352258 352258 289549 289041 289041 289041 183715 54722 54722 54722 54722 20620 4641 4641 4641 4641 4641 4641 4641 4641 4641 2951 2951 2736 2714 2662 2649 1999 726 709 707 707 698 698 698 698 694 543
Geracao 114: 1388591 1388591 1388591 1388591 1388591 1388591 1388591 1388591 1388591 1388591 1388591 1388591 1388591 1388591 1388591 1388591 1388591 1388591 1388591 1388591 1388591 1388591 1388591 1388591 1388591 1388591 1388591 1388591 1388591 1388591 1388591 1388591 1388591 1388591 1388591 1388591 1388591 1388591 1388591 1388591 1388591 1388591 1388591 1388591 1388591 1388591 1388591 1388591 1388591 1388591 1388591 1388591 1388591 1388591 1281688 1281688 1281688 617420 586652 586652 453004 421498 352258 338202 311864 295296 289041 281833 202435 146290 137165 54722 54722 54722 38314 23657 23657 5152 4641 4641 4641 4641 4641 4641 4641 4641 4163 4163 3640 2723 2701 2699 2675 921 861 819 803 688 658 658
Geracao 115: 1388591 1388591 1388591 1388591 1388591 1388591 1388591 1388591 1388591 1388591 1388591 1388591 1388591 1388591 1388591 1388591 1388591 1388591 1388591 1388591 1388591 1388591 1388591 1388591 1388591 1388591 1388591 1388591 1388591 1388591 1388591 1388591 1388591 1388591 1388591 1388591 1388591 1388591 1388591 1388591 1388591 1388591 1388591 1388591 1388591 1388591 1388591 1388591 1388591 666596 666596 586652 352258 352258 311864 306057 211388 149288 136292 108120 68289 54722 54722 54722 54722 54722 54722 54722 54722 54722 54722 54722 54722 33976 21716 17028 4641 4641 4641 4641 4641 4641 4641 4641 4641 4641 4641 4641 4541 3822 2741 1678 921 921 921 730 726 716 683 591
Geracao 116: 1388591 1388591 1388591 1388591 1388591 1388591 1388591 1388591 1388591 1388591 1388591 1388591 1388591 1388591 1388591 1388591 1388591 1388591 1388591 1388591 1388591 1388591 1388591 1388591 1388591 1388591 1388591 1388591 1388591 1388591 1388591 1388591 1388591 1388591 1388591 1388591 1388591 1388591 1388591 1388591 1388591 1388591 1388591 1388591 1388591 1388591 1388591 1388591 1388591 1388591 1388591 1388591 1388591 1388591 1388591 1388591 496721 490199 395349 352258 338202 290176 289041 268392 165045 165045 150450 128222 126894 112490 71716 54722 54722 54722 54722 54722 12983 8703 7693 4743 4743 4743 4743 4641 4641 4641 4641 4641 4641 4641 4641 4641 4641 2741 2729 1957 1682 798 798 798
Geracao 117: 1388591 1388591 1388591 1388591 1388591 1388591 1388591 1388591 1388591 1388591 1388591 1388591 1388591 1388591 1388591 1388591 1388591 1388591 1388591 1388591 1388591 1388591 1388591 1388591 1388591 1388591 1388591 1388591 1388591 1388591 1388591 1388591 1388591 1388591 1388591 1388591 1388591 1388591 1388591 1388591 1388591 1388591 1388591 1388591 1388591 1388591 1388591 1388591 1388591 1388591 1388591 1388591 1388591 1388591 1388591 1388591 880935 586652 586652 352258 352258 311864 297638 207167 54722 54722 54722 54722 54722 54722 54722 54722 54722 54722 11441 5613 4743 4641 4641 4641 4641 4641 4641 4641 4641 4641 4641 4641 4641 4641 4089 4044 2733 2708 2658 803 789 780 675 651
Geracao 118: 1388591 1388591 1388591 1388591 1388591 1388591 1388591 1388591 1388591 1388591 1388591 1388591 1388591 1388591 1388591 1388591 1388591 1388591 1388591 1388591 1388591 1388591 1388591 1388591 1388591 1388591 1388591 1388591 1388591 1388591 1388591 1388591 1388591 1388591 1388591 1388591 1388591 1388591 1388591 1388591 1388591 1388591 1388591 1388591 1388591 1388591 1388591 1388591 1388591 994167 586652 352258 352258 352258 327857 149288 132510 77759 68534 63676 54722 54722 54722 54722 54722 54722 54722 54722 54722 19111 11789 6764 6579 6579 4762 4649 4647 4641 4641 4641 4641 4641 4242 2708 2658 2658 2658 2658 2658 2658 2658 2539 2422 2378 2301 930 744 690 654 373
Geracao 119: 1388591 1388591 1388591 1388591 1388591 1388591 1388591 1388591 1388591 1388591 1388591 1388591 1388591 1388591 1388591 1388591 1388591 1388591 1388591 1388591 1388591 1388591 1388591 1388591 1388591 1388591 1388591 1388591 1388591 1388591 1388591 1388591 1388591 1388591 1388591 1388591 1388591 1388591 1388591 1388591 1388591 1388591 1388591 1388591 1388591 1388591 1388591 1388591 1388591 1388591 1388591 1388591 1388591 1388591 1388591 841017 666596 352258 328294 202899 129142 83951 83951 82551 81414 81414 81414 80286 54722 54722 54722 54722 54722 20947 15924 6036 5383 4641 4641 4641 4641 4641 4641 4641 4641 4641 2658 2658 2658 2658 2658 2658 2658 2658 1666 886 851 760 760 723
Geracao 120: 1388591 1388591 1388591 1388591 1388591 1388591 1388591 1388591 1388591 1388591 1388591 1388591 1388591 1388591 1388591 1388591 1388591 1388591 1388591 1388591 1388591 1388591 1388591 1388591 1388591 1388591 1388591 1388591 1388591 1388591 1388591 1388591 1388591 1388591 1388591 1388591 1388591 1388591 1388591 1388591 1388591 1388591 1388591 1388591 1388591 1388591 1388591 1388591 1388591 1388591 1388591 1388591 1388591 1388591 1388591 1388591 1388591 1388591 586652 442306 352258 352258 338202 326369 289549 201270 189008 188770 163205 121696 80100 68534 68534 65107 60869 54722 54722 54722 54722 54722 54722 54722 54222 38664 4641 4641 4641 4641 4641 4641 4641 4641 4641 3260 2739 2658 2658 2658 1144 1046
Geracao 121: 1388591 1388591 1388591 1388591 1388591 1388591 1388591 1388591 1388591 1388591 1388591 1388591 1388591 1388591 1388591 1388591 1388591 1388591 1388591 1388591 1388591 1388591 1388591 1388591 1388591 1388591 1388591 1388591 1388591 1388591 1388591 1388591 1388591 1388591 1388591 1388591 1388591 1388591 1388591 1388591 1388591 1388591 1388591 1388591 1388591 1388591 1388591 1388591 1388591 352258 352258 352258 352258 352258 288465 223783 155220 116107 54722 54722 54722 54722 54722 54722 54722 54722 54222 45138 16423 7247 5152 4641 4641 4641 4641 4641 3479 2863 2829 2755 2658 2658 2658 2658 2658 2658 2658 2658 2658 2658 2658 2658 2658 1072 869 859 761 761 761 760
Geracao 122: 1388591 1388591 1388591 1388591 1388591 1388591 1388591 1388591 1388591 1388591 1388591 1388591 1388591 1388591 1388591 1388591 1388591 1388591 1388591 1388591 1388591 1388591 1388591 1388591 1388591 1388591 1388591 1388591 1388591 1388591 1388591 1388591 1388591 1388591 1388591 1388591 1388591 1388591 1388591 1388591 1388591 1388591 1388591 1388591 1388591 1388591 1388591 1388591 1388591 1388591 1388591 1388591 1388591 1388591 1388591 1388591 1388591 1388591 694263 352258 352258 309167 228068 192945 168230 150804 126791 107184 98603 54722 54722 54722 54722 54722 54722 54722 54722 54540 52046 50595 11947 7652 6653 5286 4641 4641 4641 2722 2658 2658 2658 1756 842 842 791 791 791 761 761 732
Geracao 123: 1388591 1388591 1388591 1388591 1388591 1388591 1388591 1388591 1388591 1388591 1388591 1388591 1388591 1388591 1388591 1388591 1388591 1388591 1388591 1388591 1388591 1388591 1388591 1388591 1388591 1388591 1388591 1388591 1388591 1388591 1388591 1388591 1388591 1388591 1388591 1388591 1388591 1388591 1388591 1388591 1388591 1388591 1388591 1388591 1388591 1388591 1388591 1388591 1388591 1388591 1388591 586652 352258 352258 162940 161637 149288 111022 81414 74733 74221 54722 54722 54722 54722 54722 54722 54722 54722 54722 54222 47772 28510 8096 4859 4641 4641 4641 4641 4641 4641 4641 4641 4641 4641 4641 4641 4641 4641 4641 2658 1940 1699 791 791 769 769 746 704 681
Geracao 124: 1388591 1388591 1388591 1388591 1388591 1388591 1388591 1388591 1388591 1388591 1388591 1388591 1388591 1388591 1388591 1388591 1388591 1388591 1388591 1388591 1388591 1388591 1388591 1388591 1388591 1388591 1388591 1388591 1388591 1388591 1388591 1388591 1388591 1388591 1388591 1388591 1388591 1388591 1388591 1388591 1388591 1388591 1388591 1388591 1388591 1388591 1388591 1388591 1388591 1388591 1305324 913672 436894 411583 354156 352258 336114 295296 293560 289549 213279 186240 161637 149288 102964 81414 81414 68289 68094 54722 54722 54722 54722 54722 54722 54722 54222 54222 52046 19363 12983 5152 5152 4641 4641 4641 4641 4641 4641 4641 4641 4441 4294 2658 1055 831 831 746 684 668
Geracao 125: 1388591 1388591 1388591 1388591 1388591 1388591 1388591 1388591 1388591 1388591 1388591 1388591 1388591 1388591 1388591 1388591 1388591 1388591 1388591 1388591 1388591 1388591 1388591 1388591 1388591 1388591 1388591 1388591 1388591 1388591 1388591 1388591 1388591 1388591 1388591 1388591 1388591 1388591 1388591 1388591 1388591 1388591 1388591 1388591 1388591 1388591 1388591 1388591 1388591 1388591 1388591 1388591 1388591 1388591 1388591 1388591 1388591 663952 586652 456238 358481 352258 352258 326369 309176 289041 240130 231314 137590 130652 81414 80542 54722 54722 54722 54722 54722 54722 54722 54424 54222 47987 19111 14514 4641 4641 4641 4641 4066 3653 2658 2658 2553 1940 1733 912 758 746 673 451
Geracao 126: 1388591 1388591 1388591 1388591 1388591 1388591 1388591 1388591 1388591 1388591 1388591 1388591 1388591 1388591 1388591 1388591 1388591 1388591 1388591 1388591 1388591 1388591 1388591 1388591 1388591 1388591 1388591 1388591 1388591 1388591 1388591 1388591 1388591 1388591 1388591 1388591 1388591 1388591 1388591 1388591 1388591 1388591 1388591 1388591 1388591 1388591 1388591 1388591 1388591 1388591 1388591 1388591 1388591 1388591 1388591 586652 442306 442306 352258 352258 290176 170857 149288 54722 54722 54722 54722 54722 54722 54722 54722 54722 54722 54722 54722 28556 8516 8200 6550 4641 4641 4641 4641 4641 4641 4641 4099 2881 2687 2658 2658 2658 1984 1940 1490 1001 893 869 803 673
Geracao 127: 1388591 1388591 1388591 1388591 1388591 1388591 1388591 1388591 1388591 1388591 1388591 1388591 1388591 1388591 1388591 1388591 1388591 1388591 1388591 1388591 1388591 1388591 1388591 1388591 1388591 1388591 1388591 1388591 1388591 1388591 1388591 1388591 1388591 1388591 1388591 1388591 1388591 1388591 1388591 1388591 1388591 1388591 1388591 1388591 1388591 1388591 1388591 1388591 1388591 1388591 1388591 1388591 1388591 1388591 1388591 1388591 1388591 1388591 1388591 1388591 1388591 586652 586652 442306 352258 352258 352258 352258 352258 352258 338202 338202 130172 54722 54722 54222 19111 19111 9631 5383 4962 4641 4641 4641 2708 2658 2658 2658 2658 2658 2658 2658 2658 2658 2646 2248 2226 746 688 688
Geracao 128: 1388591 1388591 1388591 1388591 1388591 1388591 1388591 1388591 1388591 1388591 1388591 1388591 1388591 1388591 1388591 1388591 1388591 1388591 1388591 1388591 1388591 1388591 1388591 1388591 1388591 1388591 1388591 1388591 1388591 1388591 1388591 1388591 1388591 1388591 1388591 1388591 1388591 1388591 1388591 1388591 1388591 1388591 1388591 1388591 1388591 1388591 1388591 1388591 1388591 1388591 1388591 1388591 1388591 1388591 1388591 1388591 1388591 856352 586652 442306 422171 352258 329254 313080 265291 234221 181873 161637 105289 54722 54722 54722 54722 54722 54722 54722 54722 54722 5383 5289 4641 4641 4641 4641 4641 4590 4245 4245 4034 2739 2739 2739 2658 2616 1049 980 773 746 724 675
Geracao 129: 1388591 1388591 1388591 1388591 1388591 1388591 1388591 1388591 1388591 1388591 1388591 1388591 1388591 1388591 1388591 1388591 1388591 1388591 1388591 1388591 1388591 1388591 1388591 1388591 1388591 1388591 1388591 1388591 1388591 1388591 1388591 1388591 1388591 1388591 1388591 1388591 1388591 1388591 1388591 1388591 1388591 1388591 1388591 1388591 594219 496721 422171 352258 352258 352258 352258 329254 289549 186270 140500 59150 54722 54722 54722 54722 54722 54722 54722 54722 54722 54722 54722 54722 28494 25660 19363 8058 5903 5383 5383 5152 4699 4641 4641 4641 4641 4641 4641 3874 3217 2957 2820 2781 2710 2658 2658 2658 2658 2658 2658 1990 770 733 682 679
Geracao 130: 1388591 1388591 1388591 1388591 1388591 1388591 1388591 1388591 1388591 1388591 1388591 1388591 1388591 1388591 1388591 1388591 1388591 1388591 1388591 1388591 1388591 1388591 1388591 1388591 1388591 1388591 1388591 1388591 1388591 1388591 1388591 1388591 1388591 1388591 1388591 1388591 1388591 1388591 1388591 1388591 1388591 1388591 1388591 1388591 1388591 1388591 1388591 1388591 1388591 673289 632008 390997 352258 352258 313017 295296 289041 207167 110230 87387 81414 54722 54722 54722 54722 54722 54722 54722 54722 54722 54722 54722 30301 19111 15739 6822 6387 5383 5152 4641 4641 4641 4641 4245 4211 2893 2824 2781 2781 2700 2658 2658 2658 2281 2106 1940 782 733 724 699
Geracao 131: 1388591 1388591 1388591 1388591 1388591 1388591 1388591 1388591 1388591 1388591 1388591 1388591 1388591 1388591 1388591 1388591 1388591 1388591 1388591 1388591 1388591 1388591 1388591 1388591 1388591 1388591 1388591 1388591 1388591 1388591 1388591 1388591 1388591 1388591 1388591 1388591 1388591 1388591 1388591 1388591 1388591 1388591 1388591 1388591 1388591 1388591 1388591 1388591 1388591 1388591 1388591 1388591 1388591 1388591 1388591 1388591 1388591 1388591 422171 352258 329254 329254 311864 168230 166211 153222 127120 101071 80256 54722 54722 54722 54722 54722 54722 54222 36185 5383 4641 4641 4641 4594 4146 3019 3014 2899 2876 2755 2700 2676 2666 2658 2658 2561 1546 1025 961 876 757 694
Geracao 132: 1388591 1388591 1388591 1388591 1388591 1388591 1388591 1388591 1388591 1388591 1388591 1388591 1388591 1388591 1388591 1388591 1388591 1388591 1388591 1388591 1388591 1388591 1388591 1388591 1388591 1388591 1388591 1388591 1388591 1388591 1388591 1388591 1388591 1388591 1388591 1388591 1388591 1388591 1388591 1388591 1388591 1388591 1388591 1388591 1388591 1388591 1388591 1388591 1388591 1388591 1388591 1388591 1388591 1388591 1388591 1388591 422171 370195 352258 141169 68289 54722 54722 54722 54722 54722 54722 54722 54722 54722 54722 54722 54722 5383 5152 4641 4641 4641 4641 4641 4304 2725 2707 2704 2662 2658 2658 2658 2658 2658 2658 1933 1102 1001 972 917 916 738 738 681
Geracao 133: 1388591 1388591 1388591 1388591 1388591 1388591 1388591 1388591 1388591 1388591 1388591 1388591 1388591 1388591 1388591 1388591 1388591 1388591 1388591 1388591 1388591 1388591 1388591 1388591 1388591 1388591 1388591 1388591 1388591 1388591 1388591 1388591 1388591 1388591 1388591 1388591 1388591 1388591 1388591 1388591 1388591 1388591 1388591 1388591 1388591 1388591 1388591 1388591 1388591 1388591 1388591 1388591 1388591 1388591 1388591 1388591 422171 352258 352258 338202 329254 311864 295296 168230 155220 141087 113289 103542 68289 54722 54722 54722 54722 54722 54722 38834 34100 15856 6701 6701 4641 4641 4641 4641 4641 4641 4641 4641 4641 4641 4641 4641 4641 3207 2854 2658 2658 2658 2647 2032
Geracao 134: 1388591 1388591 1388591 1388591 1388591 1388591 1388591 1388591 1388591 1388591 1388591 1388591 1388591 1388591 1388591 1388591 1388591 1388591 1388591 1388591 1388591 1388591 1388591 1388591 1388591 1388591 1388591 1388591 1388591 1388591 1388591 1388591 1388591 1388591 1388591 1388591 1388591 1388591 1388591 1388591 1388591 1388591 1388591 1388591 1388591 1388591 1388591 1388591 586652 496721 338202 329254 329254 329254 311864 223783 207167 157875 141169 117787 105407 81414 54722 54722 54722 54722 54722 54722 54722 54722 54722 54722 54722 37116 11961 7810 7810 7810 7575 6962 4641 4641 4641 4641 4641 4641 4641 4641 4324 4324 3153 2696 2530 2347 1529 1330 945 682 667 655
Geracao 135: 1512579 1388591 1388591 1388591 1388591 1388591 1388591 1388591 1388591 1388591 1388591 1388591 1388591 1388591 1388591 1388591 1388591 1388591 1388591 1388591 1388591 1388591 1388591 1388591 1388591 1388591 1388591 1388591 1388591 1388591 1388591 1388591 1388591 1388591 1388591 1388591 1388591 1388591 1388591 1388591 1388591 1388591 1388591 1388591 1388591 1388591 1388591 1388591 1388591 352258 340449 176306 151090 111075 105407 74742 54722 54722 54722 54722 54722 54722 54722 54722 54722 54722 54722 54722 54722 15895 12983 11961 7810 4641 4641 4641 4641 4641 4641 4641 4641 4641 4641 4641 4641 4641 4273 3550 3004 2942 2697 2696 2696 2696 2696 2696 2696 2658 2000 712
Geracao 136: 1512579 1512579 1512579 1512579 1512579 1512579 1512579 1512579 1512579 1512579 1512579 1512579 1512579 1512579 1512579 1512579 1512579 1512579 1512579 1512579 1512579 1512579 1512579 1512579 1512579 1512579 1512579 1512579 1512579 1388591 1388591 1388591 1388591 1388591 1388591 1388591 1388591 1388591 1388591 1388591 1388591 1388591 1388591 1388591 1388591 1388591 1388591 1388591 548647 472307 472307 472307 340449 272049 135194 135194 135194 105407 73371 59404 54722 54160 33457 32523 31407 31407 31407 31407 31407 31407 28500 28500 28500 28500 22272 9927 7604 6958 4743 4641 4641 4641 4641 4641 4641 4641 4641 4641 4641 4641 4641 4641 4520 4324 2823 2823 2823 2749 2658 655
Geracao 137: 1512579 1512579 1512579 1512579 1512579 1512579 1512579 1512579 1512579 1512579 1512579 1512579 1512579 1512579 1512579 1512579 1512579 1512579 1512579 1512579 1512579 1512579 1512579 1512579 1512579 1512579 1512579 1512579 1512579 1512579 1512579 1512579 1512579 1512579 1512579 1512579 1512579 1512579 1512579 1512579 1512579 1512579 1512579 1512579 1512579 1512579 1512579 1512579 1512579 1512579 1512579 1512579 1512579 1512579 1512579 1512579 1512579 1512579 707180 632783 543148 472307 352258 349493 288300 194562 135194 135194 135194 135194 135194 135194 132369 114450 54326 31407 31407 31407 31407 31407 31407 31407 29412 28500 6958 6958 4648 4641 4641 4641 4641 4641 4641 4641 4641 4641 3900 3900 2823 814
Geracao 138: 1512579 1512579 1512579 1512579 1512579 1512579 1512579 1512579 1512579 1512579 1512579 1512579 1512579 1512579 1512579 1512579 1512579 1512579 1512579 1512579 1512579 1512579 1512579 1512579 1512579 1512579 1512579 1512579 1512579 1512579 1512579 1512579 1512579 1512579 1512579 1512579 1512579 1512579 1512579 1512579 1512579 1512579 1512579 1512579 1512579 1512579 1512579 1512579 1512579 1512579 1512579 1512579 1512579 1512579 1512579 1512579 472307 472307 423087 352258 352258 135194 135194 135194 135194 135194 135194 135194 135194 135194 135194 135194 60243 31407 31407 31407 31407 19329 14376 8201 4641 4641 4641 4641 4641 4641 4641 4641 4641 4641 4641 3929 3003 2888 2823 2823 2823 2823 2823 2458
Geracao 139: 1512579 1512579 1512579 1512579 1512579 1512579 1512579 1512579 1512579 1512579 1512579 1512579 1512579 1512579 1512579 1512579 1512579 1512579 1512579 1512579 1512579 1512579 1512579 1512579 1512579 1512579 1512579 1512579 1512579 1512579 1512579 1512579 1512579 1512579 1512579 1512579 1512579 1512579 1512579 1512579 1512579 1512579 1512579 1512579 1512579 1512579 1512579 1512579 1512579 1512579 1512579 1512579 1512579 1512579 1512579 1512579 1512579 1512579 1512579 1512579 1512579 1512579 1512579 1512579 645332 562223 472307 472307 352258 352258 341281 240920 139001 135194 135194 135194 54326 41021 31407 31407 31407 31407 31407 28090 12181 6958 6958 5801 5162 4641 4641 4641 4641 4641 4641 4641 4641 2910 931 662
Geracao 140: 1512579 1512579 1512579 1512579 1512579 1512579 1512579 1512579 1512579 1512579 1512579 1512579 1512579 1512579 1512579 1512579 1512579 1512579 1512579 1512579 1512579 1512579 1512579 1512579 1512579 1512579 1512579 1512579 1512579 1512579 1512579 1512579 1512579 1512579 1512579 1512579 1512579 1512579 1512579 1512579 1512579 1512579 1512579 1512579 1512579 1512579 1512579 1512579 1512579 1512579 880861 472307 472307 472307 472307 352258 327026 288300 167209 140074 135194 135194 135194 135194 135194 135194 135194 135194 135194 35474 31407 31407 31407 31407 14421 7528 6958 6958 6958 6958 6013 4641 4641 4641 4641 4641 4641 4641 4641 4641 4641 4641 4641 3654 3514 2823 2764 1875 804 804
Geracao 141: 1512579 1512579 1512579 1512579 1512579 1512579 1512579 1512579 1512579 1512579 1512579 1512579 1512579 1512579 1512579 1512579 1512579 1512579 1512579 1512579 1512579 1512579 1512579 1512579 1512579 1512579 1512579 1512579 1512579 1512579 1512579 1512579 1512579 1512579 1512579 1512579 1512579 1512579 1512579 1512579 1512579 1512579 1512579 1512579 1512579 1512579 1512579 1512579 1512579 1512579 1512579 1512579 1512579 1512579 1512579 1512579 1512579 1512579 764832 352258 352258 302379 291970 288300 280987 242487 135194 128244 108040 68632 54883 54106 39472 31407 31407 31407 31407 31407 31407 31407 20909 6581 4641 4641 4641 4641 4641 4641 4641 4641 4641 3900 3900 2207 1059 848 848 848 775 775
Geracao 142: 1512579 1512579 1512579 1512579 1512579 1512579 1512579 1512579 1512579 1512579 1512579 1512579 1512579 1512579 1512579 1512579 1512579 1512579 1512579 1512579 1512579 1512579 1512579 1512579 1512579 1512579 1512579 1512579 1512579 1512579 1512579 1512579 1512579 1512579 1512579 1512579 1512579 1512579 1512579 1512579 1512579 1512579 1512579 1512579 1512579 1512579 1512579 1512579 1512579 1512579 1512579 554462 476478 472307 472307 352258 327220 300280 265260 264137 135194 135194 135194 68632 49176 31407 31407 31407 31407 31407 31407 31407 31407 22272 22272 10034 9579 7338 6958 6013 5517 4641 4641 4641 4641 4641 4641 4641 4641 4641 4641 4239 2701 2641 1910 1866 1300 953 953 846
Geracao 143: 1512579 1512579 1512579 1512579 1512579 1512579 1512579 1512579 1512579 1512579 1512579 1512579 1512579 1512579 1512579 1512579 1512579 1512579 1512579 1512579 1512579 1512579 1512579 1512579 1512579 1512579 1512579 1512579 1512579 1512579 1512579 1512579 1512579 1512579 1512579 1512579 1512579 1512579 1512579 1512579 1512579 1512579 1512579 1512579 1512579 1512579 1512579 1512579 1512579 1512579 1512579 1512579 1512579 1512579 1512579 1512579 1512579 1512579 1512579 712150 543148 505327 472307 472307 352258 288300 58472 33092 31407 31407 31407 31407 5771 5716 5382 5084 4641 4641 4641 4641 4641 4641 4641 4641 4641 2674 2120 2062 1876 1635 953 953 953 775 775 775 761 691 683 329
Geracao 144: 1512579 1512579 1512579 1512579 1512579 1512579 1512579 1512579 1512579 1512579 1512579 1512579 1512579 1512579 1512579 1512579 1512579 1512579 1512579 1512579 1512579 1512579 1512579 1512579 1512579 1512579 1512579 1512579 1512579 1512579 1512579 1512579 1512579 1512579 1512579 1512579 1512579 1512579 1512579 1512579 1512579 1512579 1512579 1512579 1512579 1512579 1512579 1512579 1512579 1512579 1512579 1512579 1512579 1512579 1512579 1512579 1512579 472307 472307 472307 290176 152201 135194 111259 68632 54326 52628 31407 31407 31407 31407 31407 31407 31407 31407 28500 13441 11174 6013 5197 4641 4641 4641 4641 4641 4641 4641 4641 4641 4641 4641 4641 4641 4129 953 838 821 818 694 641
Geracao 145: 1512579 1512579 1512579 1512579 1512579 1512579 1512579 1512579 1512579 1512579 1512579 1512579 1512579 1512579 1512579 1512579 1512579 1512579 1512579 1512579 1512579 1512579 1512579 1512579 1512579 1512579 1512579 1512579 1512579 1512579 1512579 1512579 1512579 1512579 1512579 1512579 1512579 1512579 1512579 1512579 1512579 1512579 1512579 1512579 1512579 1512579 1512579 1512579 1512579 1512579 1512579 1512579 1512579 1512579 1512579 1512579 1512579 1512579 1512579 1512579 1512579 1512579 1512579 1512579 1512579 1512579 745721 712150 472307 352258 288300 264137 218132 135194 71142 35557 31407 31407 31407 25467 4641 4641 4641 4641 4641 4641 4641 4196 3889 2825 2641 2500 2120 2053 1034 953 953 953 823 805
Geracao 146: 1512579 1512579 1512579 1512579 1512579 1512579 1512579 1512579 1512579 1512579 1512579 1512579 1512579 1512579 1512579 1512579 1512579 1512579 1512579 1512579 1512579 1512579 1512579 1512579 1512579 1512579 1512579 1512579 1512579 1512579 1512579 1512579 1512579 1512579 1512579 1512579 1512579 1512579 1512579 1512579 1512579 1512579 1512579 1512579 1512579 1512579 1512579 1512579 1512579 1512579 1512579 1512579 1512579 1512579 1512579 1512579 1512579 1512579 1512579 1512579 1512579 1512579 712150 450320 352258 352258 329784 290176 228979 212870 136574 135194 54482 31407 31407 31407 31407 31407 31407 6013 4641 4641 4641 4641 4641 4641 4641 4641 4641 4641 4641 4641 4641 3998 2643 2575 2325 2037 791 335
Geracao 147: 1512579 1512579 1512579 1512579 1512579 1512579 1512579 1512579 1512579 1512579 1512579 1512579 1512579 1512579 1512579 1512579 1512579 1512579 1512579 1512579 1512579 1512579 1512579 1512579 1512579 1512579 1512579 1512579 1512579 1512579 1512579 1512579 1512579 1512579 1512579 1512579 1512579 1512579 1512579 1512579 1512579 1512579 1512579 1512579 1512579 1512579 1512579 1512579 1512579 1512579 1512579 1512579 1512579 1512579 1512579 1512579 1512579 1512579 1512579 712150 712150 352258 352258 312387 301831 288300 135194 135194 58518 43390 31407 31407 31407 31407 31407 20665 7901 7901 7901 7901 4641 4641 4641 4641 4641 4641 4641 4641 4641 3900 2697 2657 2657 2643 2458 1122 765 702 688 385
Geracao 148: 1512579 1512579 1512579 1512579 1512579 1512579 1512579 1512579 1512579 1512579 1512579 1512579 1512579 1512579 1512579 1512579 1512579 1512579 1512579 1512579 1512579 1512579 1512579 1512579 1512579 1512579 1512579 1512579 1512579 1512579 1512579 1512579 1512579 1512579 1512579 1512579 1512579 1512579 1512579 1512579 1512579 1512579 1512579 1512579 1512579 1512579 1512579 1512579 1512579 1512579 1512579 1512579 1512579 1512579 1512579 1512579 1512579 1512579 1512579 1512579 1512579 1512579 1512579 1512579 1512579 1512579 1512579 1512579 1512579 1512579 1512579 518281 472307 288300 232036 228934 135219 135194 135194 54326 31407 31407 27838 15545 7826 4641 4641 4641 4641 4641 4641 4641 4641 4641 4641 4556 2676 2676 2662 642
Geracao 149: 1512579 1512579 1512579 1512579 1512579 1512579 1512579 1512579 1512579 1512579 1512579 1512579 1512579 1512579 1512579 1512579 1512579 1512579 1512579 1512579 1512579 1512579 1512579 1512579 1512579 1512579 1512579 1512579 1512579 1512579 1512579 1512579 1512579 1512579 1512579 1512579 1512579 1512579 1512579 1512579 1512579 1512579 1512579 1512579 1512579 1512579 1512579 1512579 1512579 1512579 1512579 1512579 1512579 1512579 1512579 1512579 1512579 1512579 1512579 696810 472307 472307 472307 472307 352258 352258 288300 265994 135194 135194 135194 135194 135194 134738 81658 54326 39269 32707 31407 31407 31407 31407 6870 4641 4641 4641 4641 4641 4641 4641 4641 4641 4119 3900 2752 2690 2676 2278 711 550
Geracao 150: 1512579 1512579 1512579 1512579 1512579 1512579 1512579 1512579 1512579 1512579 1512579 1512579 1512579 1512579 1512579 1512579 1512579 1512579 1512579 1512579 1512579 1512579 1512579 1512579 1512579 1512579 1512579 1512579 1512579 1512579 1512579 1512579 1512579 1512579 1512579 1512579 1512579 1512579 1512579 1512579 1512579 1512579 1512579 1512579 1512579 1512579 1512579 1512579 1512579 1512579 1512579 1512579 1512579 1512579 1512579 1512579 1512579 1512579 1512579 1512579 1512579 562223 352258 352258 352258 288300 204864 148386 135194 135194 84613 57973 31702 31702 31702 31407 31407 31407 31407 28322 23467 19038 9927 5653 4641 4641 4641 4641 4641 4641 4641 4641 4641 4641 2823 2692 2690 2690 1879 712
Geracao 151: 1512579 1512579 1512579 1512579 1512579 1512579 1512579 1512579 1512579 1512579 1512579 1512579 1512579 1512579 1512579 1512579 1512579 1512579 1512579 1512579 1512579 1512579 1512579 1512579 1512579 1512579 1512579 1512579 1512579 1512579 1512579 1512579 1512579 1512579 1512579 1512579 1512579 1512579 1512579 1512579 1512579 1512579 1512579 1512579 1512579 1512579 1512579 1512579 1512579 1512579 1512579 1512579 1512579 1512579 1512579 1512579 1512579 1512579 1512579 1512579 924430 472307 472307 229890 135194 135194 135194 108036 83551 35813 31407 31407 31407 31407 31407 31407 31407 22272 22272 17297 4641 4641 4641 4641 4641 4641 4641 4641 4641 4641 4641 4103 3844 3121 3121 2816 2765 2726 2655 644
Geracao 152: 1512579 1512579 1512579 1512579 1512579 1512579 1512579 1512579 1512579 1512579 1512579 1512579 1512579 1512579 1512579 1512579 1512579 1512579 1512579 1512579 1512579 1512579 1512579 1512579 1512579 1512579 1512579 1512579 1512579 1512579 1512579 1512579 1512579 1512579 1512579 1512579 1512579 1512579 1512579 1512579 1512579 1512579 1512579 1512579 1512579 1512579 1512579 1512579 1512579 1512579 1512579 1512579 1512579 1512579 1512579 1512579 1512579 1512579 1512579 1512579 935307 691985 472307 472307 439539 363198 352258 352258 352258 352258 352258 332618 288300 89032 79929 31407 31407 31407 31407 31407 28500 28500 28500 10122 9927 4641 4641 4641 4641 4641 4641 4641 4641 4641 4641 4641 4641 2662 2660 734
Geracao 153: 1512579 1512579 1512579 1512579 1512579 1512579 1512579 1512579 1512579 1512579 1512579 1512579 1512579 1512579 1512579 1512579 1512579 1512579 1512579 1512579 1512579 1512579 1512579 1512579 1512579 1512579 1512579 1512579 1512579 1512579 1512579 1512579 1512579 1512579 1512579 1512579 1512579 1512579 1512579 1512579 1512579 1512579 1512579 1512579 1512579 1512579 1512579 1512579 1512579 1512579 1512579 1512579 1512579 1512579 1512579 1512579 1512579 1512579 1512579 1512579 1512579 1512579 1512579 1512579 1512579 1512579 1512579 1512579 1512579 712150 472307 472307 352258 228979 177373 144332 135194 128520 31407 31407 31407 7852 4641 4641 4641 4641 4641 4641 4641 4641 4641 4641 4641 4641 3989 3121 2670 2649 2442 645
Geracao 154: 1512579 1512579 1512579 1512579 1512579 1512579 1512579 1512579 1512579 1512579 1512579 1512579 1512579 1512579 1512579 1512579 1512579 1512579 1512579 1512579 1512579 1512579 1512579 1512579 1512579 1512579 1512579 1512579 1512579 1512579 1512579 1512579 1512579 1512579 1512579 1512579 1512579 1512579 1512579 1512579 1512579 1512579 1512579 1512579 1512579 1512579 1512579 1512579 1512579 1512579 1512579 1512579 1512579 1512579 649566 472307 472307 352258 288300 135194 135194 135194 135194 31407 31407 31407 31407 31407 31407 31407 22594 22272 10779 5146 4641 4641 4641 4641 4641 4641 4641 4641 4641 4641 4641 4641 3900 3900 3900 3213 2702 2691 1065 938 757 757 757 757 699 471
Geracao 155: 1512579 1512579 1512579 1512579 1512579 1512579 1512579 1512579 1512579 1512579 1512579 1512579 1512579 1512579 1512579 1512579 1512579 1512579 1512579 1512579 1512579 1512579 1512579 1512579 1512579 1512579 1512579 1512579 1512579 1512579 1512579 1512579 1512579 1512579 1512579 1512579 1512579 1512579 1512579 1512579 1512579 1512579 1512579 1512579 1512579 1512579 1512579 1512579 1512579 1512579 1512579 1512579 1512579 1512579 1512579 1512579 761961 649566 472307 472307 472307 352258 288300 174349 135194 135194 62336 31407 31407 31407 31407 28500 28500 22272 20423 11171 4641 4641 4641 4641 4641 4641 3931 3121 2884 2837 2837 2837 2837 2804 2746 942 887 887 828 828 828 817 756 685
Geracao 156: 1512579 1512579 1512579 1512579 1512579 1512579 1512579 1512579 1512579 1512579 1512579 1512579 1512579 1512579 1512579 1512579 1512579 1512579 1512579 1512579 1512579 1512579 1512579 1512579 1512579 1512579 1512579 1512579 1512579 1512579 1512579 1512579 1512579 1512579 1512579 1512579 1512579 1512579 1512579 1512579 1512579 1512579 1512579 1512579 1512579 1512579 1512579 1512579 1512579 1512579 1512579 1512579 1512579 1512579 1512579 1512579 1512579 1512579 1512579 472307 472307 472307 427210 352258 352258 290176 288300 183442 135194 135194 135194 135194 71421 46937 31407 31407 31407 31407 31407 31407 31407 31407 15841 5318 4641 4641 3121 2837 2837 2549 2377 1784 1204 887 853 843 796 791 774 761
Geracao 157: 1512579 1512579 1512579 1512579 1512579 1512579 1512579 1512579 1512579 1512579 1512579 1512579 1512579 1512579 1512579 1512579 1512579 1512579 1512579 1512579 1512579 1512579 1512579 1512579 1512579 1512579 1512579 1512579 1512579 1512579 1512579 1512579 1512579 1512579 1512579 1512579 1512579 1512579 1512579 1512579 1512579 1512579 1512579 1512579 1512579 1512579 1512579 1512579 1512579 1512579 1512579 1512579 1512579 1512579 1512579 1512579 1512579 1512579 1512579 1512579 1512579 1512579 1512579 712150 512109 472307 352258 352258 352258 352258 288300 183442 157273 135194 135194 133456 128244 31407 31407 31407 31407 31151 7826 5152 4641 4641 4641 4641 4641 4641 4641 4641 4528 4417 3900 916 860 828 828 685
Geracao 158: 1512579 1512579 1512579 1512579 1512579 1512579 1512579 1512579 1512579 1512579 1512579 1512579 1512579 1512579 1512579 1512579 1512579 1512579 1512579 1512579 1512579 1512579 1512579 1512579 1512579 1512579 1512579 1512579 1512579 1512579 1512579 1512579 1512579 1512579 1512579 1512579 1512579 1512579 1512579 1512579 1512579 1512579 1512579 1512579 1512579 1512579 1512579 1512579 1512579 1512579 1512579 1512579 1512579 1512579 1512579 1512579 1512579 1512579 1512579 1512579 1512579 1512579 1512579 1512579 1512579 472307 472307 388312 352258 236551 226548 202746 167572 167572 167572 167572 167572 135194 64376 35883 31407 31407 31407 5152 4641 4641 4641 4641 4641 4641 4641 3900 2697 2661 2330 2001 829 790 771 657
Geracao 159: 1512579 1512579 1512579 1512579 1512579 1512579 1512579 1512579 1512579 1512579 1512579 1512579 1512579 1512579 1512579 1512579 1512579 1512579 1512579 1512579 1512579 1512579 1512579 1512579 1512579 1512579 1512579 1512579 1512579 1512579 1512579 1512579 1512579 1512579 1512579 1512579 1512579 1512579 1512579 1512579 1512579 1512579 1512579 1512579 1512579 1512579 1512579 1512579 1512579 1512579 1512579 1512579 1512579 1512579 660032 472307 352258 343074 288300 288300 246225 167572 167572 167572 167572 167572 167572 157658 135194 135194 135194 132142 132142 124243 109215 80310 58895 56534 31407 28236 22272 10988 5073 4641 4641 4641 4641 4641 4641 4641 4641 4641 4413 3900 3900 2767 2494 1602 729 715
Geracao 160: 1512579 1512579 1512579 1512579 1512579 1512579 1512579 1512579 1512579 1512579 1512579 1512579 1512579 1512579 1512579 1512579 1512579 1512579 1512579 1512579 1512579 1512579 1512579 1512579 1512579 1512579 1512579 1512579 1512579 1512579 1512579 1512579 1512579 1512579 1512579 1512579 1512579 1512579 1512579 1512579 1512579 1512579 1512579 1512579 1512579 1512579 1512579 1512579 1512579 1512579 1512579 1512579 1512579 1512579 1512579 369172 352258 352258 352258 352258 185705 167572 167572 167572 135194 135194 133972 80555 54464 54292 31407 31333 28500 28500 28500 18704 5647 4641 4641 4641 4641 4641 4641 4641 4641 4641 4641 4641 4641 4641 4641 4641 4641 4641 4641 4641 4641 2818 2319 1684
Geracao 161: 1512579 1512579 1512579 1512579 1512579 1512579 1512579 1512579 1512579 1512579 1512579 1512579 1512579 1512579 1512579 1512579 1512579 1512579 1512579 1512579 1512579 1512579 1512579 1512579 1512579 1512579 1512579 1512579 1512579 1512579 1512579 1512579 1512579 1512579 1512579 1512579 1512579 1512579 1512579 1512579 1512579 1512579 1512579 1512579 1512579 1512579 1512579 1512579 1512579 1512579 1512579 1512579 1512579 1512579 1512579 1512579 1512579 1512579 1512579 1512579 494205 472307 445429 352258 352258 288300 194562 167572 167572 167572 167572 167572 167572 151935 140104 135194 132142 102211 83923 80310 75228 39321 31407 31407 21261 7826 4641 4641 4641 4641 4641 4641 4641 4641 4641 4641 4641 4641 4641 2677
Geracao 162: 1512579 1512579 1512579 1512579 1512579 1512579 1512579 1512579 1512579 1512579 1512579 1512579 1512579 1512579 1512579 1512579 1512579 1512579 1512579 1512579 1512579 1512579 1512579 1512579 1512579 1512579 1512579 1512579 1512579 1512579 1512579 1512579 1512579 1512579 1512579 1512579 1512579 1512579 1512579 1512579 1512579 1512579 1512579 1512579 1512579 1512579 1512579 1512579 1512579 1512579 1512579 1512579 1512579 1512579 1512579 691985 614190 472307 472307 352258 352258 352258 352258 265260 233626 183442 167572 167572 167572 167572 167572 167572 167572 135194 135194 132311 132142 119171 31407 28500 27370 20817 20562 7826 4641 4641 4641 4641 4641 4641 4641 4641 4641 4641 4641 4641 3900 3884 3844 892
Geracao 163: 1512579 1512579 1512579 1512579 1512579 1512579 1512579 1512579 1512579 1512579 1512579 1512579 1512579 1512579 1512579 1512579 1512579 1512579 1512579 1512579 1512579 1512579 1512579 1512579 1512579 1512579 1512579 1512579 1512579 1512579 1512579 1512579 1512579 1512579 1512579 1512579 1512579 1512579 1512579 1512579 1512579 1512579 1512579 1512579 1512579 1512579 1512579 1512579 1512579 1512579 1512579 1512579 1512579 1512579 1512579 898136 352258 352258 326363 321387 183442 169094 167572 167572 167572 167572 167572 164338 151935 135194 135194 133175 132142 80310 61377 31407 29201 22430 22272 9927 6173 4641 4641 4641 4641 4641 4641 4641 4641 4641 4641 4641 4641 4641 4641 4641 4015 3701 2458 1942
Geracao 164: 1512579 1512579 1512579 1512579 1512579 1512579 1512579 1512579 1512579 1512579 1512579 1512579 1512579 1512579 1512579 1512579 1512579 1512579 1512579 1512579 1512579 1512579 1512579 1512579 1512579 1512579 1512579 1512579 1512579 1512579 1512579 1512579 1512579 1512579 1512579 1512579 1512579 1512579 1512579 1512579 1512579 1512579 1512579 1512579 1512579 1512579 1512579 1512579 1512579 1512579 1512579 1512579 1512579 1512579 1512579 1512579 653309 518281 352258 288300 183442 167572 167572 167572 135194 135194 135194 132142 93105 70121 54326 54294 35883 31407 28500 28500 22272 19850 12196 4641 4641 4641 4641 4641 4641 4641 4641 4641 4641 4641 4641 4641 4641 4641 4641 4641 3900 3778 1557 716
Geracao 165: 1512579 1512579 1512579 1512579 1512579 1512579 1512579 1512579 1512579 1512579 1512579 1512579 1512579 1512579 1512579 1512579 1512579 1512579 1512579 1512579 1512579 1512579 1512579 1512579 1512579 1512579 1512579 1512579 1512579 1512579 1512579 1512579 1512579 1512579 1512579 1512579 1512579 1512579 1512579 1512579 1512579 1512579 1512579 1512579 1512579 1512579 1512579 1512579 1512579 1512579 1512579 1512579 1512579 1512579 1512579 1512579 444944 424406 352258 352258 183442 167572 167572 167572 167572 167572 135194 132142 58874 49504 31407 22272 5306 4641 4641 4641 4641 4641 4641 4641 4641 4641 4641 4641 4641 4641 4641 4641 4641 4641 4641 4641 4641 4641 4419 3900 3900 1602 1155 866
Geracao 166: 1512579 1512579 1512579 1512579 1512579 1512579 1512579 1512579 1512579 1512579 1512579 1512579 1512579 1512579 1512579 1512579 1512579 1512579 1512579 1512579 1512579 1512579 1512579 1512579 1512579 1512579 1512579 1512579 1512579 1512579 1512579 1512579 1512579 1512579 1512579 1512579 1512579 1512579 1512579 1512579 1512579 1512579 1512579 1512579 1512579 1512579 1512579 1512579 1512579 1512579 1512579 1512579 1512579 1512579 1512579 1512579 1512579 1512579 1512579 1512579 1512579 1512579 1512579 472307 352258 352258 167572 44993 34972 31407 6958 6958 4641 4641 4641 4641 4641 4641 4641 4641 4641 4641 4641 4641 4641 4641 4641 4641 4641 4641 4641 4641 4506 4102 3900 3900 3900 3546 3312 2578
Geracao 167: 1512579 1512579 1512579 1512579 1512579 1512579 1512579 1512579 1512579 1512579 1512579 1512579 1512579 1512579 1512579 1512579 1512579 1512579 1512579 1512579 1512579 1512579 1512579 1512579 1512579 1512579 1512579 1512579 1512579 1512579 1512579 1512579 1512579 1512579 1512579 1512579 1512579 1512579 1512579 1512579 1512579 1512579 1512579 1512579 1512579 1512579 1512579 1512579 1512579 1512579 1512579 1512579 1512579 1512579 1512579 1512579 1512579 1512579 1512579 712150 712150 712150 472307 352258 318607 288300 218353 194562 167572 167572 167572 157273 151935 135194 132142 31407 5020 4641 4641 4641 4641 4641 4641 4641 4641 4641 4641 4641 4641 4641 4641 4641 4641 4641 4641 3900 3354 2738 2142 690
Geracao 168: 1512579 1512579 1512579 1512579 1512579 1512579 1512579 1512579 1512579 1512579 1512579 1512579 1512579 1512579 1512579 1512579 1512579 1512579 1512579 1512579 1512579 1512579 1512579 1512579 1512579 1512579 1512579 1512579 1512579 1512579 1512579 1512579 1512579 1512579 1512579 1512579 1512579 1512579 1512579 1512579 1512579 1512579 1512579 1512579 1512579 1512579 1512579 1512579 1512579 1512579 1512579 1512579 1512579 1512579 1512579 1123451 712150 712150 562223 472307 352258 352258 352258 352258 228979 228979 226548 167572 167572 167572 163705 151935 151935 140104 135194 135194 132142 81700 31407 28500 5018 4700 4641 4641 4641 4641 4641 4641 4641 4641 4641 4641 4641 4641 4641 4641 4641 4641 679 477
Geracao 169: 1512579 1512579 1512579 1512579 1512579 1512579 1512579 1512579 1512579 1512579 1512579 1512579 1512579 1512579 1512579 1512579 1512579 1512579 1512579 1512579 1512579 1512579 1512579 1512579 1512579 1512579 1512579 1512579 1512579 1512579 1512579 1512579 1512579 1512579 1512579 1512579 1512579 1512579 1512579 1512579 1512579 1512579 1512579 1512579 1512579 1512579 1512579 1512579 1512579 1512579 1512579 1512579 1512579 1512579 1512579 1512579 1512579 712150 624274 472307 352258 352258 228979 194562 167572 167572 167572 167572 151935 151935 151935 151935 135194 29870 28500 8523 8025 4641 4641 4641 4641 4641 4641 4641 4641 4641 4641 4641 4641 4641 4641 4641 4641 4641 4641 2599 2401 991 819 726
Geracao 170: 1512579 1512579 1512579 1512579 1512579 1512579 1512579 1512579 1512579 1512579 1512579 1512579 1512579 1512579 1512579 1512579 1512579 1512579 1512579 1512579 1512579 1512579 1512579 1512579 1512579 1512579 1512579 1512579 1512579 1512579 1512579 1512579 1512579 1512579 1512579 1512579 1512579 1512579 1512579 1512579 1512579 1512579 1174168 472307 472307 472307 434864 352258 352258 352258 352258 352258 330338 217953 167572 167572 151935 151935 151935 151935 148884 135194 134896 126945 68933 38095 31407 28337 10122 4641 4641 4641 4641 4641 4641 4641 4641 4641 4641 4641 4641 4641 4641 4641 4641 4641 4641 4641 4641 4641 3900 3900 3900 3900 3900 1866 776 644 451 350
Geracao 171: 1512579 1512579 1512579 1512579 1512579 1512579 1512579 1512579 1512579 1512579 1512579 1512579 1512579 1512579 1512579 1512579 1512579 1512579 1512579 1512579 1512579 1512579 1512579 1512579 1512579 1512579 1512579 1512579 1512579 1512579 1512579 1512579 1512579 1512579 1512579 1512579 1512579 1512579 1512579 1512579 1512579 1512579 1512579 1512579 1512579 1512579 1512579 1512579 1512579 1512579 1512579 1512579 1512579 1512579 712150 712150 457722 352258 339849 247153 201260 167572 167572 167572 132142 71913 28500 14265 7283 6958 5845 5092 4641 4641 4641 4641 4641 4641 4641 4641 4641 4641 4641 4641 4641 4641 4641 4641 4641 4140 3900 3900 3900 3900 3844 3747 3648 2661 2651 2357
Geracao 172: 1512579 1512579 1512579 1512579 1512579 1512579 1512579 1512579 1512579 1512579 1512579 1512579 1512579 1512579 1512579 1512579 1512579 1512579 1512579 1512579 1512579 1512579 1512579 1512579 1512579 1512579 1512579 1512579 1512579 1512579 1512579 1512579 1512579 1512579 1512579 1512579 1512579 1512579 1512579 1512579 1512579 1512579 1512579 1512579 1512579 1512579 1512579 1512579 1512579 1512579 1512579 1512579 1512579 832194 657304 472307 472307 352258 352258 265260 226548 167572 167572 135194 132142 132142 71913 71913 28500 28500 22272 10764 6958 5738 4641 4641 4641 4641 4641 4641 4641 4641 4641 4641 4641 4641 4641 4641 4641 4641 4641 4641 4641 4641 4641 3900 1685 720 535 451
Geracao 173: 1512579 1512579 1512579 929659 794114 543148 543148 352258 352258 313676 301270 247153 247153 247153 226548 226548 226548 169160 167572 167572 167572 167572 167572 167572 150604 133456 132142 132142 132142 132142 132142 132142 132142 132142 132142 132142 132142 132142 132142 132142 132142 132142 132142 132142 132142 132142 132142 132142 132142 132142 132142 132142 132142 132142 132142 132142 132142 132142 132142 132142 132142 132142 132142 132142 132142 132142 132142 132142 132142 132142 132142 132142 132142 132142 94237 55789 55031 54142 54142 30063 30063 20638 17421 8222 4681 4641 4641 4641 4641 4641 4641 4641 4636 2930 2805 2605 1602 1602 1602 641
Geracao 174: 1512579 1512579 1512579 1512579 1512579 1512579 1512579 1512579 1512579 1512579 1512579 1512579 1512579 1512579 1512579 1512579 1512579 1512579 1512579 1512579 1512579 1512579 1512579 1512579 1512579 1512579 1512579 1512579 1512579 1512579 1512579 1512579 1512579 1512579 1512579 1512579 1512579 1512579 1512579 1512579 1512579 1512579 1512579 1512579 1512579 1512579 1512579 1037714 934102 451931 352258 352258 288300 167572 167572 167572 167572 167572 167572 167572 135194 135194 135194 131196 54435 42630 40832 37216 31407 28500 22272 22272 19590 15771 6531 6473 6013 6013 6013 6013 4641 4641 4641 4641 4641 4641 4641 4641 4641 4641 4641 4641 4641 4641 4641 4641 4641 4473 2458 2340
Geracao 175: 1512579 1512579 1512579 1512579 1512579 1512579 1512579 1512579 1512579 1512579 1512579 1512579 1512579 1512579 1512579 1512579 1512579 1512579 1512579 1512579 1512579 1512579 1512579 1512579 1512579 1512579 1512579 1512579 1512579 1512579 1512579 1512579 1512579 1512579 1512579 1512579 1512579 1512579 1512579 1512579 1512579 1512579 1512579 1512579 966520 966520 966520 781256 352258 352258 341997 167572 167572 167572 167572 135194 135194 135194 135194 135194 130406 80521 38285 32527 31407 22272 22272 20493 6013 6013 6013 6013 5550 5197 4641 4641 4641 4641 4641 4641 4641 4641 4641 4641 4641 4641 4641 4641 4641 4641 4641 4641 3997 2605 2061 2061 2061 2061 1766 657
Geracao 176: 1512579 1512579 1512579 1512579 1512579 1512579 1512579 1512579 1512579 1512579 1512579 1512579 1512579 1512579 1512579 1512579 1512579 1512579 1512579 1512579 1512579 1512579 1512579 1512579 1512579 1512579 1512579 1512579 1512579 1512579 1512579 1512579 1512579 1512579 1512579 1512579 1512579 1512579 1512579 1512579 1512579 1512579 1512579 1512579 1512579 1512579 1512579 1512579 1037714 546130 518281 424406 352258 288300 255282 167572 167572 167572 167572 135194 127784 72340 37216 32707 32707 28852 22272 22272 19092 17631 14827 14694 8072 7985 6013 5244 4641 4641 4641 4641 4641 4641 4641 4641 4641 4641 4641 4641 4641 4641 4641 4641 4641 4641 4189 4072 3896 2788 2707 348
Geracao 177: 1512579 1512579 1512579 1512579 1512579 1512579 1512579 1512579 1512579 1512579 1512579 1512579 1512579 1512579 1512579 1512579 1512579 1512579 1512579 1512579 1512579 1512579 1512579 1512579 1512579 1512579 1512579 1512579 1512579 1512579 1512579 1512579 1512579 1512579 1512579 1512579 1512579 1512579 1512579 1512579 1512579 1512579 1512579 1512579 1512579 1512579 1512579 1512579 1512579 1512579 1512579 1512579 1037714 518281 424406 424406 365416 352258 290176 288300 283372 254201 167209 135194 135194 135194 122488 121335 106405 54326 32441 28500 28500 23727 21286 15425 13713 9054 9054 9054 7262 4641 4641 4641 4641 4641 4641 4641 4641 4641 4641 4641 4641 4641 3745 2605 1338 679 661 645
Geracao 178: 1512579 1512579 1512579 1512579 1512579 1512579 1512579 1512579 1512579 1512579 1512579 1512579 1512579 1512579 1512579 1512579 1512579 1512579 1512579 1512579 1512579 1512579 1512579 1512579 1512579 1512579 1512579 1512579 1512579 1512579 1512579 1512579 1512579 1512579 1512579 1512579 1512579 1512579 1512579 1512579 1512579 1512579 1512579 1512579 1512579 1512579 1512579 1512579 1512579 1512579 1512579 1512579 1512579 757413 571267 543148 536246 424406 352258 288300 164130 135194 135194 135194 135194 135194 27226 23417 17631 9054 9054 4641 4641 4641 4641 4641 4641 4641 4641 4641 4641 4641 4641 4641 4641 4641 4641 4641 4641 4641 4641 4641 4641 4641 4641 4641 3944 2761 1463 702
Geracao 179: 1512579 1512579 1512579 1512579 1512579 1512579 1512579 1512579 1512579 1512579 1512579 1512579 1512579 1512579 1512579 1512579 1512579 1512579 1512579 1512579 1512579 1512579 1512579 1512579 1512579 1512579 1512579 1512579 1512579 1512579 1512579 1512579 1512579 1512579 1512579 1512579 1512579 1512579 1512579 1512579 586232 475293 472307 352258 288300 288300 201260 135194 135194 135194 135194 135194 135194 135194 135194 135194 135194 135194 135194 135194 135194 135194 135194 135194 135194 135194 135194 135194 54464 37864 31407 31407 19755 19755 7826 7826 7668 7624 7361 5291 5152 4641 4641 4641 4641 4641 4641 4641 4641 4641 4641 4641 4641 4641 4641 2474 848 645 645 645
Geracao 180: 1512579 1512579 1512579 1512579 1512579 1512579 1512579 1512579 1512579 1512579 1512579 1512579 1512579 1512579 1512579 1512579 1512579 1512579 1512579 1512579 1512579 1512579 1512579 1512579 1512579 1512579 1512579 1512579 1512579 1512579 1512579 1512579 1512579 1512579 1512579 1512579 1512579 1512579 1512579 1512579 1512579 1512579 1512579 1512579 1512579 1512579 1512579 1512579 1512579 1512579 1512579 1512579 1512579 1512579 1512579 1512579 1512579 1512579 1512579 608759 494033 472307 472307 352258 288300 228979 201260 174217 140074 135194 135194 135194 135194 135194 105043 81115 36250 28263 17553 7826 4641 4641 4641 4641 4641 4641 4641 4641 4641 4641 4641 4641 4641 4178 3630 2755 2659 2302 1985 1000
Geracao 181: 1512579 1512579 1512579 1512579 1512579 1512579 1512579 1512579 1512579 1512579 1512579 1512579 1512579 1512579 1512579 1512579 1512579 1512579 1512579 1512579 1512579 1512579 1512579 1512579 1512579 1512579 1512579 1512579 1512579 1512579 1512579 1512579 1512579 1512579 1512579 1512579 1512579 1512579 1512579 1512579 1512579 1512579 1512579 1512579 1512579 1512579 1512579 1512579 1512579 1512579 1512579 1512579 1512579 1512579 1512579 1512579 1512579 1512579 1512579 1512579 472307 472307 472307 472307 472307 367104 352258 352258 256637 135194 135194 135194 135194 135194 135194 54423 49879 37216 31407 23376 17007 4641 4641 4641 4641 4641 4641 4641 4641 4641 4641 4641 4641 4641 4641 4641 4641 4641 4641 4083
Geracao 182: 1512579 1512579 1512579 1512579 1512579 1512579 1512579 1512579 1512579 1512579 1512579 1512579 1512579 1512579 1512579 1512579 1512579 1512579 1512579 1512579 1512579 1512579 1512579 1512579 1512579 1512579 1512579 1512579 1512579 1512579 1512579 1512579 1512579 1512579 1512579 1512579 1512579 1512579 1512579 1512579 1512579 1512579 1512579 1512579 1512579 1512579 1512579 1512579 1512579 1512579 1512579 1512579 1512579 1512579 1512579 1512579 1512579 1512579 1512579 1512579 1512579 1512579 1512579 1512579 1512579 1512579 510172 472307 472307 352258 352258 180147 135194 135194 135194 72119 54326 54186 31407 7826 7826 7826 7826 5152 4921 4641 4641 4641 4641 4641 4641 4641 4641 4641 4641 4641 4641 4641 4641 4641
Geracao 183: 1512579 1512579 1512579 1512579 1512579 1512579 1512579 1512579 1512579 1512579 1512579 1512579 1512579 1512579 1512579 1512579 1512579 1512579 1512579 1512579 1512579 1512579 1512579 1512579 1512579 1512579 1512579 1512579 1512579 1512579 1512579 1512579 1512579 1512579 1512579 1512579 1512579 1512579 1512579 1512579 1512579 1512579 1512579 1512579 1512579 1512579 1512579 1512579 1512579 1512579 1512579 801066 510530 472307 472307 352258 257921 135194 135194 135194 135194 135194 135194 56534 37079 22272 19755 17007 10320 7826 7826 7826 5999 5735 5477 5304 4641 4641 4641 4641 4641 4641 4641 4641 4641 4641 4641 4641 4641 4641 4641 4641 4641 4641 4461 2284 940 696 684 679
Geracao 184: 1512579 1512579 1512579 1512579 1512579 1512579 1512579 1512579 1512579 1512579 1512579 1512579 1512579 1512579 1512579 1512579 1512579 1512579 1512579 1512579 1512579 1512579 1512579 1512579 1512579 1512579 1512579 1512579 1512579 1512579 1512579 1512579 1512579 1512579 1512579 1512579 1512579 1512579 1512579 1512579 1512579 1512579 1512579 1512579 1512579 1512579 1512579 1512579 1512579 1512579 1512579 1512579 1512579 1512579 1512579 1512579 761961 472307 472307 445873 352258 288300 288300 167572 73623 36283 31407 31407 31407 31407 19755 19755 19755 7826 4641 4641 4641 4641 4641 4641 4641 4641 4641 4641 4641 4641 4641 4641 4641 3900 3900 2971 2918 2816 2622 2500 2500 1800 649 646
Geracao 185: 1512579 1512579 1512579 1512579 1512579 1512579 1512579 1512579 1512579 1512579 1512579 1512579 1512579 1512579 1512579 1512579 1512579 1512579 1512579 1512579 1512579 1512579 1512579 1512579 1512579 1512579 1512579 1512579 1512579 1512579 1512579 1512579 1512579 1512579 1512579 1512579 1512579 1512579 1512579 1512579 1512579 1512579 1512579 1512579 1512579 1512579 1512579 1512579 1512579 1512579 1512579 1512579 1512579 1512579 1512579 1512579 1512579 1512579 1512579 1512579 1512579 1512579 1512579 1512579 562223 472307 472307 424519 366627 329784 167572 135194 135194 135194 80310 31407 31407 31407 22272 19755 19755 4641 4641 4641 4641 4641 4641 4641 4641 4641 4641 4641 4641 4641 4641 4036 3900 2823 2500 874
Geracao 186: 1512579 1512579 1512579 1512579 1512579 1512579 1512579 1512579 1512579 1512579 1512579 1512579 1512579 1512579 1512579 1512579 1512579 1512579 1512579 1512579 1512579 1512579 1512579 1512579 1512579 1512579 1512579 1512579 1512579 1512579 1512579 1512579 1512579 1512579 1512579 1512579 1512579 1512579 1512579 1512579 1512579 1512579 1512579 1512579 1512579 1512579 1512579 1512579 1512579 1512579 1512579 1512579 1512579 1512579 1512579 1512579 1512579 1512579 472307 459746 352258 335327 238572 135194 135194 135194 107167 54464 34820 31407 31407 31407 19755 19755 4641 4641 4641 4641 4641 4641 4641 4641 4641 4641 4641 4593 4590 4346 4152 3900 2805 2774 2686 2686 750 750 646 646 646 646
Geracao 187: 1512579 1512579 1512579 1512579 1512579 1512579 1512579 1512579 1512579 1512579 1512579 1512579 1512579 1512579 1512579 1512579 1512579 1512579 1512579 1512579 1512579 1512579 1512579 1512579 1512579 1512579 1512579 1512579 1512579 1512579 1512579 1512579 1512579 1512579 1512579 1512579 1512579 1512579 1512579 1512579 1512579 1512579 1512579 1512579 1512579 1512579 1512579 1512579 1512579 1512579 1512579 1512579 1512579 1512579 1512579 1512579 1512579 472307 472307 352258 255378 161531 142635 135194 135194 126580 54326 31407 31407 31407 31407 31407 7152 4641 4641 4641 4641 4641 4641 4641 4641 4641 4641 4641 3900 3900 3353 2500 2230 1469 1046 1046 1046 1046 800 713 651 650 650 650
Geracao 188: 1512579 1512579 1512579 1512579 1512579 1512579 1512579 1512579 1512579 1512579 1512579 1512579 1512579 1512579 1512579 1512579 1512579 1512579 1512579 1512579 1512579 1512579 1512579 1512579 1512579 1512579 1512579 1512579 1512579 1512579 1512579 1512579 1512579 1512579 1512579 1512579 1512579 1512579 1512579 1512579 1512579 1512579 1512579 1512579 1512579 1512579 1512579 1512579 1512579 1512579 1512579 1512579 1512579 1512579 1169394 801066 472307 472307 352258 297637 288300 265260 265260 80555 71479 53655 31407 31407 31407 31407 31407 31407 31407 31407 31407 31407 10286 5152 4862 4641 4641 4641 4641 4641 3900 3900 3900 3353 3353 3353 3353 3296 2605 1046 779 650 650 650 650 650
Geracao 189: 1512579 1512579 1512579 1512579 1512579 1512579 1512579 1512579 1512579 1512579 1512579 1512579 1512579 1512579 1512579 1512579 1512579 1512579 1512579 1512579 1512579 1512579 1512579 1512579 1512579 1512579 1512579 1512579 1512579 1512579 1512579 1512579 1512579 1512579 1512579 1512579 1512579 1512579 1512579 1512579 1512579 1512579 1512579 1512579 1512579 1512579 1512579 1512579 1512579 1512579 1512579 1512579 1512579 1512579 521243 352258 265260 225921 196410 148531 135194 135194 135194 135194 128244 55754 31407 31407 19931 7826 7826 4641 4641 4641 4641 4641 4641 4641 4641 4641 4641 3900 3900 3353 2927 2784 2743 2500 1346 1346 1285 1178 1046 797 758 680 672 672 650 650
Geracao 190: 1512579 1512579 1512579 1512579 1512579 1512579 1512579 1512579 1512579 1512579 1512579 1512579 1512579 1512579 1512579 1512579 1512579 1512579 1512579 1512579 1512579 1512579 1512579 1512579 1512579 1512579 1512579 1512579 1512579 1512579 1512579 1512579 1512579 1512579 1512579 1512579 1512579 1512579 1512579 1512579 1512579 1512579 1512579 1512579 1512579 1512579 1512579 589402 510172 472307 430617 352258 352258 351413 341434 329784 329784 135194 54090 37429 31407 31407 31407 31407 31407 31407 31407 31407 31407 31407 22272 4713 4641 4641 4641 4641 4641 4641 4641 4241 3900 3900 3900 3900 3900 3900 3259 3259 823 804 762 762 762 762 672 650 650 650 650 647
Geracao 191: 1512579 1512579 1512579 1512579 1512579 1512579 1512579 1512579 1512579 1512579 1512579 1512579 1512579 1512579 1512579 1512579 1512579 1512579 1512579 1512579 1512579 1512579 1512579 1512579 1512579 1512579 1512579 1512579 1512579 1512579 1512579 1512579 1512579 1512579 1512579 1512579 1512579 1512579 1512579 1512579 1512579 1512579 1512579 1512579 1512579 1512579 1512579 1512579 1512579 1512579 1512579 1512579 1512579 1512579 1512579 1512579 1512579 1512579 712150 650362 472307 352258 352258 352258 288300 265260 265260 256637 157377 135194 54447 40521 31407 31407 31407 5913 4641 4641 4641 4641 4641 4641 4641 4641 4641 4641 4641 4641 4641 4641 3900 3900 3900 3900 2814 1205 974 889 815 685
Geracao 192: 1512579 1512579 1512579 1512579 1512579 1512579 1512579 1512579 1512579 1512579 1512579 1512579 1512579 1512579 1512579 1512579 1512579 1512579 1512579 1512579 1512579 1512579 1512579 1512579 1512579 1512579 1512579 1512579 1512579 1512579 1512579 1512579 1512579 1512579 1512579 1512579 1512579 1512579 1512579 1512579 1512579 1512579 1512579 1512579 1512579 1512579 1512579 1512579 1512579 1512579 1512579 1512579 1512579 1512579 1512579 1512579 1512579 1512579 1512579 1512579 367104 367104 352258 352258 329784 288831 265260 167572 152763 134522 80310 64898 54185 54050 31407 31407 31407 5152 4641 4641 4641 4641 4641 4641 4641 4641 4641 4641 4641 4641 4641 4641 4641 3900 3900 3900 895 895 816 713
Geracao 193: 1512579 1512579 1512579 1512579 1512579 1512579 1512579 1512579 1512579 1512579 1512579 1512579 1512579 1512579 1512579 1512579 1512579 1512579 1512579 1512579 1512579 1512579 1512579 1512579 1512579 1512579 1512579 1512579 1512579 1512579 1512579 1512579 1512579 1512579 1512579 1512579 1512579 1512579 1512579 1512579 1512579 1512579 1512579 1512579 1512579 1512579 1512579 1512579 1512579 648841 589402 472307 367104 352258 352258 135194 135194 135194 108031 96570 54326 35596 32057 31407 31407 31407 29248 12533 9927 9927 7969 5111 4641 4641 4641 4641 4641 4641 4444 3900 3900 3900 3900 3900 3900 3900 3120 3120 3120 1963 1127 895 895 895 895 895 895 895 895 895
Geracao 194: 1512579 1512579 1512579 1512579 1512579 1512579 1512579 1512579 1512579 1512579 1512579 1512579 1512579 1512579 1512579 1512579 1512579 1512579 1512579 1512579 1512579 1512579 1512579 1512579 1512579 1512579 1512579 1512579 1512579 1512579 1512579 1512579 1512579 1512579 1512579 1512579 1512579 1512579 1512579 1512579 1512579 1512579 1512579 1512579 1512579 1512579 1512579 1512579 1512579 1512579 1512579 1512579 1512579 614343 518281 352258 139913 133456 76915 68933 31407 31407 31407 31407 31407 31407 31407 31407 31407 31407 31407 20493 5758 4976 4641 4641 4641 4641 4641 4641 4641 4641 4641 4641 4641 4641 4641 4099 3900 2816 2716 2339 895 845 842 820 724 690 690 646
Geracao 195: 1512579 1512579 1512579 1512579 1512579 1512579 1512579 1512579 1512579 1512579 1512579 1512579 1512579 1512579 1512579 1512579 1512579 1512579 1512579 1512579 1512579 1512579 1512579 1512579 1512579 1512579 1512579 1512579 1512579 1512579 1512579 1512579 1512579 1512579 1512579 1512579 1512579 1512579 1512579 1512579 1512579 1512579 1512579 1512579 1512579 1512579 1512579 1512579 1512579 1512579 1512579 1512579 1512579 1512579 1512579 1169394 633575 472307 135194 61291 31407 31407 31407 31407 31407 17007 7769 6231 4957 4641 4641 4641 4641 4641 4641 4641 4641 4641 4641 4641 4641 4641 4641 4641 4641 4641 4316 3900 3338 3054 2771 2026 1791 937 902 892 849 843 822 692
Geracao 196: 1512579 1512579 1512579 1512579 1512579 1512579 1512579 1512579 1512579 1512579 1512579 1512579 1512579 1512579 1512579 1512579 1512579 1512579 1512579 1512579 1512579 1512579 1512579 1512579 1512579 1512579 1512579 1512579 1512579 1512579 1512579 1512579 1512579 1512579 1512579 1512579 1512579 1512579 1512579 1512579 1512579 1512579 1512579 1512579 1512579 1512579 1512579 1512579 1512579 1512579 1512579 1512579 1512579 1512579 1512579 1512579 1512579 1512579 1512579 1512579 1512579 1512579 1512579 1512579 649566 632956 565254 518281 472307 472307 370909 352258 352258 332109 201778 184275 167572 167572 149483 133189 80310 80310 80310 80310 80310 44139 28500 23782 16407 4641 4641 4641 4641 4641 4641 4641 4641 3900 2942 2769
Geracao 197: 1512579 1512579 1512579 1512579 1512579 1512579 1512579 1512579 1512579 1512579 1512579 1512579 1512579 1512579 1512579 1512579 1512579 1512579 1512579 1512579 1512579 1512579 1512579 1512579 1512579 1512579 1512579 1512579 1512579 1512579 1512579 1512579 1512579 1512579 1512579 1512579 1512579 1512579 1512579 1512579 1512579 1512579 1512579 1512579 1512579 1512579 1512579 1512579 1512579 1512579 1512579 1512579 1512579 1512579 649566 518281 424306 352258 277187 167572 135194 133189 124243 118355 80310 80310 80310 80310 80310 80310 55165 31407 28500 19755 19755 19755 11102 7826 5376 4641 4641 4641 4641 4641 4641 4641 4641 4641 4641 4641 4641 3982 3926 2993 2912 2517 1578 810 747 649
Geracao 198: 1512579 1512579 1512579 1512579 1512579 1512579 1512579 1512579 1512579 1512579 1512579 1512579 1512579 1512579 1512579 1512579 1512579 1512579 1512579 1512579 1512579 1512579 1512579 1512579 1512579 1512579 1512579 1512579 1512579 1512579 1512579 1512579 1512579 1512579 1512579 1512579 1512579 1512579 1512579 1512579 1512579 1512579 1512579 1512579 1512579 1512579 1512579 1512579 1512579 1512579 1512579 1512579 1512579 1512579 649566 649566 649566 649566 518281 518281 370909 352258 352258 290176 158125 135194 80310 80310 80310 80310 31407 25621 19755 19755 19755 19755 6013 5903 4641 4641 4641 4641 4641 4641 4641 4641 4641 4641 4641 4641 4641 3993 3445 3309 2391 839 696 696 691 649
Geracao 199: 1512579 1512579 1512579 1512579 1512579 1512579 1512579 1512579 1512579 1512579 1512579 1512579 1512579 1512579 1512579 1512579 1512579 1512579 1512579 1512579 1512579 1512579 1512579 1512579 1512579 1512579 1512579 1512579 1512579 1512579 1512579 1512579 1512579 1512579 1512579 1512579 1512579 1512579 1512579 1512579 1512579 1512579 1512579 1512579 1512579 1512579 1512579 1512579 1512579 1512579 1512579 1512579 1512579 1512579 1512579 707180 649566 649566 649566 518281 352258 352258 110514 80310 37864 32581 28500 23325 19755 7826 6932 6013 6013 5553 4641 4641 4641 4641 4641 4641 4641 4641 4641 4641 4641 4641 4641 4641 4641 4641 2500 792 761 719 703 696 696 696 690 645
Geracao 200: 1512579 1512579 1512579 1512579 1512579 1512579 1512579 1512579 1512579 1512579 1512579 1512579 1512579 1512579 1512579 1512579 1512579 1512579 1512579 1512579 1512579 1512579 1512579 1512579 1512579 1512579 1512579 1512579 1512579 1512579 1512579 1512579 1512579 1512579 1512579 1512579 1512579 1512579 1512579 1512579 1512579 1512579 1512579 1512579 1512579 1512579 1512579 1512579 1512579 1512579 1512579 1512579 1512579 1512579 1512579 1512579 1512579 1512579 1512579 1512579 1512579 1512579 1512579 1512579 1512579 1512579 649566 518281 518281 352258 194562 154291 135194 107446 80310 80310 35137 31407 18971 4641 4641 3422 3377 2723 1571 1485 1432 1423 1423 1278 1196 1013 931 891 820 751 714 694 650 367
Geracao 201: 1512579 1512579 1512579 1512579 1512579 1512579 1512579 1512579 1512579 1512579 1512579 1512579 1512579 1512579 1512579 1512579 1512579 1512579 1512579 1512579 1512579 1512579 1512579 1512579 1512579 1512579 1512579 1512579 1512579 1512579 1512579 1512579 1512579 1512579 1512579 1512579 1512579 1512579 1512579 1512579 1512579 1512579 1512579 1512579 1512579 1512579 1512579 1512579 1512579 1512579 1512579 1512579 1512579 1512579 1512579 1512579 1512579 1512579 1512579 1512579 583803 518281 518281 518281 352258 233626 135194 124243 124243 80310 79741 53963 35202 33156 22628 16670 7826 6444 4959 4641 3411 3314 3312 2790 1436 1432 1421 1414 1392 1388 1357 1324 1275 1275 1259 1253 1200 1143 924 729
Geracao 202: 1512579 1512579 1512579 1512579 1512579 1512579 1512579 1512579 1512579 1512579 1512579 1512579 1512579 1512579 1512579 1512579 1512579 1512579 1512579 1512579 1512579 1512579 1512579 1512579 1512579 1512579 1512579 1512579 1512579 1512579 1512579 1512579 1512579 1512579 1512579 1512579 1512579 1512579 1512579 1512579 1512579 1512579 1512579 1512579 1512579 1512579 1512579 1512579 1512579 1512579 1512579 1512579 1512579 1512579 1512579 1512579 1512579 1512579 762777 431187 352258 352258 288300 260261 80310 80310 80310 80310 80310 69642 15452 12416 7826 7826 4641 4641 4641 4641 4641 4641 4641 3900 3715 3682 3312 2854 2500 1400 1310 1309 1231 1192 1156 1121 924 808 774 774 774 721
Geracao 203: 1512579 1512579 1512579 1512579 1512579 1512579 1512579 1512579 1512579 1512579 1512579 1512579 1512579 1512579 1512579 1512579 1512579 1512579 1512579 1512579 1512579 1512579 1512579 1512579 1512579 1512579 1512579 1512579 1512579 1512579 1512579 1512579 1512579 1512579 1512579 1512579 1512579 1512579 1512579 1512579 1512579 1512579 1512579 1512579 1512579 1512579 1512579 1512579 1512579 1512579 1512579 1512579 1512579 1512579 1512579 866703 649566 649566 649566 518281 518281 431219 260261 80310 80310 80310 80310 80310 31407 26946 21305 14896 7514 6640 5508 4907 4641 3675 3675 3564 1834 1505 1473 1468 1468 1463 1431 1423 1334 1238 1232 1182 1137 1128 1061 907 885 767 746 701
Geracao 204: 1512579 1512579 1512579 1512579 1512579 1512579 1512579 1512579 1512579 1512579 1512579 1512579 1512579 1512579 1512579 1512579 1512579 1512579 1512579 1512579 1512579 1512579 1512579 1512579 1512579 1512579 1512579 1512579 1512579 1512579 1512579 1512579 1512579 1512579 1512579 1512579 1512579 1512579 1512579 1512579 1512579 1512579 1512579 1512579 1512579 1512579 1512579 1512579 1512579 1512579 1512579 1512579 1512579 1512579 1512579 1512579 1512579 1512579 1512579 1512579 1512579 1512579 1512579 1512579 1512579 1512579 1512579 649566 649566 649566 598046 352258 352258 352258 135194 104954 80310 80310 80310 57858 7419 7361 7034 2805 2641 2359 1786 1501 1501 1501 1402 1324 1324 1308 1304 1300 1252 1247 1031 913
Geracao 205: 1512579 1512579 1512579 1512579 1512579 1512579 1512579 1512579 1512579 1512579 1512579 1512579 1512579 1512579 1512579 1512579 1512579 1512579 1512579 1512579 1512579 1512579 1512579 1512579 1512579 1512579 1512579 1512579 1512579 1512579 1512579 1512579 1512579 1512579 1512579 1512579 1512579 1512579 1512579 1512579 1512579 1512579 1512579 1512579 1512579 1512579 1512579 1512579 1512579 1512579 1512579 1512579 1512579 1512579 1512579 1512579 1512579 1512579 1512579 1512579 1512579 1512579 1512579 1512579 1512579 1512579 1512579 649566 649566 649566 518281 352258 352258 352258 280323 106415 80310 80310 80310 80310 80310 28107 19755 19755 14675 3468 3389 3366 2687 2435 1652 1564 1471 1321 1306 1147 1072 1001 732 689
Geracao 206: 1512579 1512579 1512579 1512579 1512579 1512579 1512579 1512579 1512579 1512579 1512579 1512579 1512579 1512579 1512579 1512579 1512579 1512579 1512579 1512579 1512579 1512579 1512579 1512579 1512579 1512579 1512579 1512579 1512579 1512579 1512579 1512579 1512579 1512579 1512579 1512579 1512579 1512579 1512579 1512579 1512579 1512579 1512579 1512579 1512579 1512579 1512579 1512579 1512579 1512579 1512579 1512579 1512579 1512579 1512579 1512579 1512579 1512579 1512579 1512579 736181 649566 551480 518281 370909 352258 260261 224955 135194 89199 80310 80310 79934 79741 31407 28500 17928 4641 4641 4641 4641 4641 4641 4476 3494 3185 2822 2709 2667 2627 1391 1224 1200 1008 936 793 671 652 501 486
Geracao 207: 1512579 1512579 1512579 1512579 1512579 1512579 1512579 1512579 1512579 1512579 1512579 1512579 1512579 1512579 1512579 1512579 1512579 1512579 1512579 1512579 1512579 1512579 1512579 1512579 1512579 1512579 1512579 1512579 1512579 1512579 1512579 1512579 1512579 1512579 1512579 1512579 1512579 1512579 1512579 1512579 1512579 1512579 1512579 1512579 1512579 1512579 1512579 1512579 1512579 1512579 1512579 1512579 1512579 1512579 1512579 1512579 1512579 1512579 1512579 1512579 1512579 1512579 1512579 1169394 109711 54338 54160 53894 28306 22703 19755 19755 19755 19755 11836 7826 7826 7826 7826 7826 7826 5505 4641 4641 4641 4641 4641 4641 3121 2815 2714 2661 2655 2641 966 839 785 725 652 652
Geracao 208: 1512579 1512579 1512579 1512579 1512579 1512579 1512579 1512579 1512579 1512579 1512579 1512579 1512579 1512579 1512579 1512579 1512579 1512579 1512579 1512579 1512579 1512579 1512579 1512579 1512579 1512579 1512579 1512579 1512579 1512579 1512579 1512579 1512579 1512579 1512579 1512579 1512579 1512579 1512579 1512579 1512579 1512579 1512579 1512579 1512579 1512579 1512579 1512579 1512579 1512579 1512579 1512579 1512579 1512579 1512579 1512579 1512579 1512579 712150 649566 589402 538349 518281 518281 352258 288300 288300 269167 122488 83272 80386 70878 70675 47717 28942 15424 7826 7826 7826 7826 7361 4862 4641 4641 4641 4641 4641 4641 4641 3900 3900 2999 2861 2859 2774 2607 1241 874 716 482
Geracao 209: 1512579 1512579 1512579 1512579 1512579 1512579 1512579 1512579 1512579 1512579 1512579 1512579 1512579 1512579 1512579 1512579 1512579 1512579 1512579 1512579 1512579 1512579 1512579 1512579 1512579 1512579 1512579 1512579 1512579 1512579 1512579 1512579 1512579 1512579 1512579 1512579 1512579 1512579 1512579 1512579 1512579 1512579 1512579 1512579 1512579 1512579 1512579 1512579 1512579 1512579 1512579 1512579 1512579 1512579 1512579 1512579 1512579 1512579 1512579 1512579 1512579 649566 649566 546130 518281 518281 518281 472307 413261 352258 352258 290176 269167 269167 269167 232446 170326 124243 62037 51591 34484 7826 7826 7826 5095 4641 4641 4641 4641 4641 4641 4641 3310 3005 3005 2861 2724 1988 1015 926
Geracao 210: 1512579 1512579 1512579 1512579 1512579 1512579 1512579 1512579 1512579 1512579 1512579 1512579 1512579 1512579 1512579 1512579 1512579 1512579 1512579 1512579 1512579 1512579 1512579 1512579 1512579 1512579 1512579 1512579 1512579 1512579 1512579 1512579 1512579 1512579 1512579 1512579 1512579 1512579 1512579 1512579 1512579 1512579 1512579 1512579 1512579 1512579 1512579 1512579 1512579 1512579 1512579 1512579 1512579 1512579 1512579 1512579 1512579 1512579 649566 649566 518281 352258 352258 324586 269167 158544 92132 56341 39503 33460 31407 18924 7826 7826 7826 4641 4641 4641 4641 4641 4641 4641 3900 3900 3900 3796 3201 3005 2917 2917 2861 2861 2861 2861 2859 2859 2859 2458 2259 865
Geracao 211: 1512579 1512579 1512579 1512579 1512579 1512579 1512579 1512579 1512579 1512579 1512579 1512579 1512579 1512579 1512579 1512579 1512579 1512579 1512579 1512579 1512579 1512579 1512579 1512579 1512579 1512579 1512579 1512579 1512579 1512579 1512579 1512579 1512579 1512579 1512579 1512579 1512579 1512579 1512579 1512579 1512579 1512579 1512579 1512579 1512579 1512579 1512579 1512579 1512579 1512579 1512579 1512579 1512579 1512579 1512579 728924 728924 649566 649566 518281 518281 518281 494033 494033 494033 475937 472307 352258 352258 352258 352258 352258 329784 288300 269167 269167 142660 80310 57210 16453 9067 7826 7826 7826 7826 6724 4862 4641 4641 4641 4641 4641 4641 4641 4061 3900 3900 2579 1223 657
Geracao 212: 1512579 1512579 1512579 1512579 1512579 1512579 1512579 1512579 1512579 1512579 1512579 1512579 1512579 1512579 1512579 1512579 1512579 1512579 1512579 1512579 1512579 1512579 1512579 1512579 1512579 1512579 1512579 1512579 1512579 1512579 1512579 1512579 1512579 1512579 1512579 1512579 1512579 1512579 1512579 1512579 1512579 1512579 1512579 1512579 1512579 1512579 1512579 1512579 1512579 1512579 1512579 1512579 1512579 1512579 1512579 1512579 705827 649566 632956 518281 518281 518281 518281 518281 269167 269167 144680 121706 80386 66366 13541 7826 7826 6733 4641 4641 4641 4641 4641 4641 4641 4641 4641 4641 4641 4641 4641 3900 3179 2861 2819 2770 1693 684 677 677 669 646 479 422
Geracao 213: 1512579 1512579 1512579 1512579 1512579 1512579 1512579 1512579 1512579 1512579 1512579 1512579 1512579 1512579 1512579 1512579 1512579 1512579 1512579 1512579 1512579 1512579 1512579 1512579 1512579 1512579 1512579 1512579 1512579 1512579 1512579 1512579 1512579 1512579 1512579 1512579 1512579 1512579 1512579 1512579 1512579 1512579 1512579 1512579 1512579 1512579 1512579 1512579 1512579 1512579 1512579 1512579 1512579 1512579 1512579 1512579 1512579 1512579 1512579 649566 649566 649566 518281 352258 326313 290176 280848 195532 66366 54160 7826 7826 7826 7826 7826 7826 7361 4641 4641 4641 4641 4641 4641 4641 4641 4641 4641 4641 4641 4641 4641 3900 3900 2932 1916 1916 1383 1126 1021 664
Geracao 214: 1512579 1512579 1512579 1512579 1512579 1512579 1512579 1512579 1512579 1512579 1512579 1512579 1512579 1512579 1512579 1512579 1512579 1512579 1512579 1512579 1512579 1512579 1512579 1512579 1512579 1512579 1512579 1512579 1512579 1512579 1512579 1512579 1512579 1512579 1512579 1512579 1512579 1512579 1512579 1512579 1512579 1512579 1512579 1512579 1512579 1512579 1512579 1512579 1512579 1512579 1512579 1512579 1512579 1512579 1512579 1175276 649566 352258 352258 352258 298724 246387 171518 135194 108548 66366 66366 66366 66366 54501 28500 28500 7826 7826 7826 7826 7826 7826 7826 4674 4641 4641 4641 4641 4641 4641 4641 4641 3900 3893 3027 3024 2742 2650 2581 2320 822 741 741 487
Geracao 215: 1512579 1512579 1512579 1512579 1512579 1512579 1512579 1512579 1512579 1512579 1512579 1512579 1512579 1512579 1512579 1512579 1512579 1512579 1512579 1512579 1512579 1512579 1512579 1512579 1512579 1512579 1512579 1512579 1512579 1512579 1512579 1512579 1512579 1512579 1512579 1512579 1512579 1512579 1512579 1512579 1512579 1512579 1512579 1512579 1512579 1512579 1512579 1512579 1512579 1512579 1512579 1512579 1512579 1512579 1512579 1512579 1512579 1512579 649566 518281 518281 422060 352258 269167 269167 269167 269167 269167 157377 124243 123698 31407 31407 27361 9054 7826 7826 7826 7826 7826 7826 7826 6401 4641 4641 4641 4641 4641 4641 4641 4641 4641 4641 4641 4641 4641 4552 2426 941 513
Geracao 216: 1512579 1512579 1512579 1512579 1512579 1512579 1512579 1512579 1512579 1512579 1512579 1512579 1512579 1512579 1512579 1512579 1512579 1512579 1512579 1512579 1512579 1512579 1512579 1512579 1512579 1512579 1512579 1512579 1512579 1512579 1512579 1512579 1512579 1512579 1512579 1512579 1512579 1512579 1512579 1512579 1512579 1512579 1512579 1512579 1512579 1512579 1512579 1512579 1512579 1512579 1512579 1512579 1512579 1512579 1512579 1512579 1512579 1512579 1512579 1512579 1512579 1512579 1512579 1512579 1512579 649566 649566 367104 124243 106139 80708 61973 48314 31407 7826 7826 7826 7826 7826 6645 4641 4641 4641 4641 4641 4641 4641 4641 4641 4641 4641 4641 4641 4641 4641 4641 3900 2234 2181 846
Geracao 217: 1512579 1512579 1512579 1512579 1512579 1512579 1512579 1512579 1512579 1512579 1512579 1512579 1512579 1512579 1512579 1512579 1512579 1512579 1512579 1512579 1512579 1512579 1512579 1512579 1512579 1512579 1512579 1512579 1512579 1512579 1512579 1512579 1512579 1512579 1512579 1512579 1512579 1512579 1512579 1512579 1512579 1512579 1512579 1512579 1512579 1512579 1512579 1512579 1512579 1512579 1512579 1512579 1512579 1512579 1512579 1512579 1512579 1512579 1512579 1512579 1512579 1512579 1512579 1512579 1512579 1512579 712150 518281 518281 518281 367104 352258 352258 352258 352258 194562 124243 53894 7826 7826 7826 7826 5009 4641 4641 4641 4641 4641 4641 4641 4641 4641 4641 4641 4641 3824 3107 2579 2502 2019
Geracao 218: 1512579 1512579 1512579 1512579 1512579 1512579 1512579 1512579 1512579 1512579 1512579 1512579 1512579 1512579 1512579 1512579 1512579 1512579 1512579 1512579 1512579 1512579 1512579 1512579 1512579 1512579 1512579 1512579 1512579 1512579 1512579 1512579 1512579 1512579 1512579 1512579 1512579 1512579 1512579 1512579 1512579 1512579 1512579 1512579 1512579 1512579 1512579 1512579 1512579 1512579 1512579 1512579 1512579 1512579 1512579 705827 705827 705827 705827 649566 649566 558919 518281 407768 367104 352258 352258 352258 352258 329784 253226 135194 119906 83108 81353 54207 37985 31407 24356 15406 7826 7826 7826 7826 7361 4641 4641 4641 4641 4641 4641 4641 4641 4641 4641 4641 4641 4641 1112 715
Geracao 219: 1512579 1512579 1512579 1512579 1512579 1512579 1512579 1512579 1512579 1512579 1512579 1512579 1512579 1512579 1512579 1512579 1512579 1512579 1512579 1512579 1512579 1512579 1512579 1512579 1512579 1512579 1512579 1512579 1512579 1512579 1512579 1512579 1512579 1512579 1512579 1512579 1512579 1512579 1512579 1512579 1512579 1512579 1512579 1512579 1512579 1512579 1512579 1512579 1512579 1512579 1512579 1512579 1512579 1512579 1512579 1512579 1512579 1512579 1512579 649566 518281 518281 352258 352258 305459 235915 203172 81856 53894 31407 7826 7826 7826 7826 4641 4641 4641 4641 4641 4641 4641 4641 4641 4641 4641 4641 4641 4641 4641 4641 4641 3900 2940 2776 2774 2658 2501 947 685 662
Geracao 220: 1512579 1512579 1512579 1512579 1512579 1512579 1512579 1512579 1512579 1512579 1512579 1512579 1512579 1512579 1512579 1512579 1512579 1512579 1512579 1512579 1512579 1512579 1512579 1512579 1512579 1512579 1512579 1512579 1512579 1512579 1512579 1512579 1512579 1512579 1512579 1512579 1512579 1512579 1512579 1512579 1512579 1512579 1512579 1512579 1512579 1512579 1512579 1512579 1512579 1512579 1512579 1512579 1512579 1512579 1512579 1512579 1512579 1512579 1512579 1512579 1512579 1512579 1512579 1512579 1512579 1512579 1512579 1512579 509680 367104 352258 288300 135194 91629 55504 31407 31407 31407 31407 31407 24966 22272 10322 4641 4641 4641 4641 4641 4641 4641 4641 2875 2679 2319 729 679 679 679 679 679
Geracao 221: 1512579 1512579 1512579 1512579 1512579 1512579 1512579 1512579 1512579 1512579 1512579 1512579 1512579 1512579 1512579 1512579 1512579 1512579 1512579 1512579 1512579 1512579 1512579 1512579 1512579 1512579 1512579 1512579 1512579 1512579 1512579 1512579 1512579 1512579 1512579 1512579 1512579 1512579 1512579 1512579 1512579 1512579 1512579 1512579 1512579 1512579 1512579 1512579 1512579 1512579 1512579 803438 472307 352258 352258 329784 288300 288300 271711 269167 269167 269167 153156 135194 135194 135194 81042 54326 51792 44679 31407 31407 31407 28500 7826 5415 4641 4641 4641 4641 4641 4641 4641 4641 4641 4641 4641 4641 4641 4393 4009 3605 2888 2718 2697 2697 2697 754 681 660
Geracao 222: 1512579 1512579 1512579 1512579 1512579 1512579 1512579 1512579 1512579 1512579 1512579 1512579 1512579 1512579 1512579 1512579 1512579 1512579 1512579 1512579 1512579 1512579 1512579 1512579 1512579 1512579 1512579 1512579 1512579 1512579 1512579 1512579 1512579 1512579 1512579 1512579 1512579 1512579 1512579 1512579 1512579 1512579 1512579 1512579 1512579 1512579 1512579 1512579 1512579 1512579 1512579 1512579 1512579 1512579 1512579 1512579 1512579 1512579 352258 352258 317138 288300 269167 269167 269167 262289 135194 135194 135194 93153 93153 84244 31407 31407 7802 5502 4641 4641 4641 4641 4641 4641 4641 4641 4641 4641 4418 2804 2679 2634 2034 1230 935 910 841 707 704 681 681 681
Geracao 223: 1512579 1512579 1512579 1512579 1512579 1512579 1512579 1512579 1512579 1512579 1512579 1512579 1512579 1512579 1512579 1512579 1512579 1512579 1512579 1512579 1512579 1512579 1512579 1512579 1512579 1512579 1512579 1512579 1512579 1512579 1512579 1512579 1512579 1512579 1512579 1512579 1512579 1512579 1512579 1512579 1512579 1512579 1512579 1512579 1512579 1512579 1512579 1512579 1512579 1512579 1512579 1512579 1512579 1512579 1512579 569189 494033 472307 472307 352258 352258 339414 290176 288300 269167 269167 269167 194586 135194 135194 93153 35422 33434 31407 31407 31407 31407 31407 28500 6083 4641 4641 4641 4641 4641 4641 4641 4641 3855 2918 2918 971 768 733 733 706 706 706 693 682
Geracao 224: 1512579 1512579 1512579 1512579 1512579 1512579 1512579 1512579 1512579 1512579 1512579 1512579 1512579 1512579 1512579 1512579 1512579 1512579 1512579 1512579 1512579 1512579 1512579 1512579 1512579 1512579 1512579 1512579 1512579 1512579 1512579 1512579 1512579 1512579 1512579 1512579 1512579 1512579 1512579 1512579 1512579 1512579 1512579 1512579 1512579 1512579 1512579 1512579 472307 472307 472307 470382 352258 269167 269167 269167 269167 194562 135194 135194 135194 128244 93153 54326 31407 31407 23283 18978 15185 7826 5344 4734 4641 4641 4641 4641 3156 3108 2991 2991 2991 2991 2834 2184 973 973 953 953 953 953 953 953 941 899 885 875 874 734 644 455
Geracao 225: 1512579 1512579 1512579 1512579 1512579 1512579 1512579 1512579 1512579 1512579 1512579 1512579 1512579 1512579 1512579 1512579 1512579 1512579 1512579 1512579 1512579 1512579 1512579 1512579 1512579 1512579 1512579 1512579 1512579 1512579 1512579 1512579 1512579 1512579 1512579 1512579 1512579 1512579 1512579 1512579 1512579 1512579 1512579 1512579 1512579 1512579 1512579 1512579 1512579 1512579 1512579 1512579 1512579 1512579 1512579 1512579 1512579 1512579 649566 543148 472307 472307 352258 269167 269167 269167 269167 269167 135194 135194 54233 31407 31407 31407 28500 7826 7826 7826 7826 7826 7826 7826 7826 6337 4641 4641 4641 4641 4641 4641 4641 3382 3151 1184 883 779 779 752 695 658
Geracao 226: 1512579 1512579 1512579 1512579 1512579 1512579 1512579 1512579 1512579 1512579 1512579 1512579 1512579 1512579 1512579 1512579 1512579 1512579 1512579 1512579 1512579 1512579 1512579 1512579 1512579 1512579 1512579 1512579 1512579 1512579 1512579 1512579 1512579 1512579 1512579 1512579 1512579 1512579 1512579 1512579 1512579 1512579 1512579 1512579 1512579 1512579 1512579 1512579 1512579 1512579 1512579 1512579 518281 472307 352258 352258 352258 352258 269167 269167 194562 135194 123306 54326 32523 31407 31407 28500 28500 9139 7826 7826 7826 5965 4641 4641 4641 4641 4018 3774 3097 2959 2745 2544 1597 1445 1101 1082 1064 1039 999 999 999 945 943 887 887 711 709 654
Geracao 227: 1556921 1512579 1512579 1512579 1512579 1512579 1512579 1512579 1512579 1512579 1512579 1512579 1512579 1512579 1512579 1512579 1512579 1512579 1512579 1512579 1512579 1512579 1512579 1512579 1512579 1512579 1512579 1512579 1512579 1512579 1512579 1512579 1512579 1512579 1512579 1512579 1512579 1512579 1512579 1512579 1512579 1512579 1512579 1512579 1512579 1512579 1512579 1512579 1512579 1512579 1512579 1512579 1512579 1512579 1512579 1512579 1512579 1512579 1512579 1512579 1512579 1512579 1512579 1512579 1512579 472307 472307 472307 434991 288300 135194 129954 64098 32523 31407 28623 28623 22272 22272 19911 5038 4641 4268 4074 2964 2862 2114 1291 1230 1077 1004 1004 941 903 844 829 800 731 657 643
Geracao 228: 1556921 1556921 1556921 1556921 1556921 1556921 1556921 1556921 1556921 1556921 1556921 1556921 1556921 1556921 1556921 1556921 1556921 1556921 1556921 1556921 1556921 1556921 1556921 1556921 1556921 1556921 1556921 1556921 1556921 1556921 1556921 1556921 1556921 1556921 1556921 1556921 1556921 1512579 1512579 1512579 1512579 1512579 1512579 1512579 1512579 1512579 1512579 1512579 1512579 1512579 1512579 1512579 1512579 1512579 1512579 770774 689066 689066 518281 416574 352258 352258 319842 269167 269167 268987 240229 240229 209514 180320 180320 180320 180320 175392 91548 31407 27256 27256 17288 7826 7826 7826 5659 5474 5474 4641 4074 3699 2882 2134 1429 1426 1292 1257 1108 1015 990 987 829 704
Geracao 229: 1556921 1556921 1556921 1556921 1556921 1556921 1556921 1556921 1556921 1556921 1556921 1556921 1556921 1556921 1556921 1556921 1556921 1556921 1556921 1556921 1556921 1556921 1556921 1556921 1556921 1556921 1556921 1556921 1556921 1556921 1556921 1556921 1556921 1556921 1556921 1556921 1556921 1556921 1556921 1556921 1556921 1556921 1556921 1556921 1556921 1556921 1556921 1556921 1556921 1556921 1556921 1556921 1556921 1556921 1556921 1556921 1556921 1556921 1556921 1556921 870724 689066 689066 497508 352258 352258 332629 240229 220866 189882 180320 175392 175392 120728 118818 81643 40169 27256 27256 6271 5374 5034 4711 4037 3224 3062 2870 2501 1790 1316 1227 1227 1168 1113 1091 951 893 795 763 746
Geracao 230: 1556921 1556921 1556921 1556921 1556921 1556921 1556921 1556921 1556921 1556921 1556921 1556921 1556921 1556921 1556921 1556921 1556921 1556921 1556921 1556921 1556921 1556921 1556921 1556921 1556921 1556921 1556921 1556921 1556921 1556921 1556921 1556921 1556921 1556921 1556921 1556921 1556921 1556921 1556921 1556921 1556921 1556921 1556921 1556921 689066 689066 616363 553402 352258 352258 352258 352258 352258 352258 268987 240229 240229 175392 175392 175392 175392 161415 117741 80249 52472 35351 35172 27256 27256 22070 16171 12498 7773 6918 6060 5974 5812 5282 4641 4641 2787 2710 2246 1368 1227 1227 1227 1227 1139 1137 1113 966 954 913 886 763 763 708 698 697
Geracao 231: 1556921 1556921 1556921 1556921 1556921 1556921 1556921 1556921 1556921 1556921 1556921 1556921 1556921 1556921 1556921 1556921 1556921 1556921 1556921 1556921 1556921 1556921 1556921 1556921 1556921 1556921 1556921 1556921 1556921 1556921 1556921 1556921 1556921 1556921 1556921 1556921 1556921 1556921 1556921 1556921 1556921 1556921 1556921 1556921 1556921 1556921 1556921 1556921 1556921 1556921 1556921 689066 689066 689066 497508 352258 352258 292331 268987 180320 180320 175392 175392 175392 175392 175392 163344 161590 161415 106569 55011 30286 27256 15745 5474 5434 4649 4641 4641 4641 4641 4641 4641 4641 4641 4641 3947 3699 3403 2813 2406 1573 1064 1056 735 725 703 693 691 691
Geracao 232: 1556921 1556921 1556921 1556921 1556921 1556921 1556921 1556921 1556921 1556921 1556921 1556921 1556921 1556921 1556921 1556921 1556921 1556921 1556921 1556921 1556921 1556921 1556921 1556921 1556921 1556921 1556921 1556921 1556921 1556921 1556921 1556921 1556921 1556921 1556921 1556921 1556921 1556921 1556921 1556921 1556921 1556921 1556921 1556921 1556921 1556921 1556921 1556921 1556921 1556921 1556921 689066 689066 689066 689066 631948 597470 465835 352258 240229 240229 240229 223685 180320 180320 175392 175392 175392 175392 175392 175392 175392 155106 117741 85123 36504 27256 15918 5474 5374 4649 4641 4641 4641 4641 4641 3699 3659 1106 861 858 772 711 698 698 698 644 644 644 644
Geracao 233: 1556921 1556921 1556921 1556921 1556921 1556921 1556921 1556921 1556921 1556921 1556921 1556921 1556921 1556921 1556921 1556921 1556921 1556921 1556921 1556921 1556921 1556921 1556921 1556921 1556921 1556921 1556921 1556921 1556921 1556921 1556921 1556921 1556921 1556921 1556921 1556921 1556921 1556921 1556921 1556921 1556921 1556921 1556921 1556921 1556921 1556921 1556921 1556921 1556921 1556921 1556921 1556921 1556921 1556921 1556921 1556921 1556921 689066 689066 352258 352258 277979 268987 240229 207219 207219 180320 175392 175392 175392 175392 175392 92731 31048 27256 17766 16533 7800 4641 4641 4378 3322 3015 2850 2850 2850 2850 2786 2778 2778 2670 1220 1121 902 841 822 702 698 675 668
Geracao 234: 1556921 1556921 1556921 1556921 1556921 1556921 1556921 1556921 1556921 1556921 1556921 1556921 1556921 1556921 1556921 1556921 1556921 1556921 1556921 1556921 1556921 1556921 1556921 1556921 1556921 1556921 1556921 1556921 1556921 1556921 1556921 1556921 1556921 1556921 1556921 1556921 1556921 1556921 1556921 1556921 1556921 1556921 1556921 1556921 1556921 1556921 1556921 1556921 1556921 1556921 1556921 1556921 1556921 1556921 1556921 1556921 1556921 1556921 1556921 1556921 689066 689066 352258 352258 352258 240229 240229 240229 180320 175392 175392 175392 89442 81142 27256 27256 27256 14787 8406 7471 6974 4891 4641 4641 4337 3755 3580 2897 2850 2850 2778 2778 2778 2778 1788 1765 1284 1090 698 639
Geracao 235: 1556921 1556921 1556921 1556921 1556921 1556921 1556921 1556921 1556921 1556921 1556921 1556921 1556921 1556921 1556921 1556921 1556921 1556921 1556921 1556921 1556921 1556921 1556921 1556921 1556921 1556921 1556921 1556921 1556921 1556921 1556921 1556921 1556921 1556921 1556921 1556921 1556921 1556921 1556921 1556921 1556921 1556921 1556921 1556921 1556921 1556921 1556921 1556921 1556921 1556921 1556921 1556921 1556921 1556921 786309 402677 352258 352258 352258 240229 240229 240229 233984 180320 180320 180320 180320 180320 175392 175392 175392 175392 80343 36515 35351 31268 12498 6062 5451 5434 4641 4641 4641 4641 4641 4641 4534 3708 3699 3045 2850 2845 2778 1617 936 929 826 663 662 652
Geracao 236: 1556921 1556921 1556921 526268 436907 382234 352258 76901 76901 76901 76901 76901 76901 76901 76901 76901 76901 76901 76901 76901 76901 76901 76901 76901 76901 76901 76901 76901 76901 76901 76901 76901 76901 76901 76901 76901 76901 76901 76901 76901 76901 76901 76901 76901 76901 76901 76901 76901 76901 76901 76901 76901 76901 76901 76901 76901 76901 76901 76901 76901 76901 76901 76901 76901 76901 76901 54336 54336 54336 49275 43848 37355 37355 35642 18886 18081 11515 7908 7908 7908 7908 7908 7908 7908 4641 4641 4641 4641 4641 4366 2907 2907 2907 2805 2805 2561 1839 1436 1245 970
Geracao 237: 1556921 1556921 1556921 1556921 1556921 1556921 1556921 1556921 1556921 1556921 1556921 1556921 1556921 1556921 1556921 1556921 1556921 1556921 1556921 1556921 1556921 1556921 1556921 1556921 1556921 1556921 1556921 1556921 1556921 1556921 1556921 1556921 1556921 1556921 1556921 1556921 1556921 1556921 1556921 1556921 1556921 1556921 1556921 1556921 1556921 1556921 1556921 1556921 1556921 1556921 1556921 1556921 1556921 497508 366403 268987 245613 240229 180320 175392 175392 175392 175392 134038 100105 93137 76901 56543 5374 4932 4719 4641 4641 4641 4641 4641 4641 4641 4641 4641 4641 4641 4641 4337 3823 3699 3023 2480 2361 1048 1009 963 785 772 767 753 753 735 728 660
Geracao 238: 1556921 1556921 1556921 1556921 1556921 1556921 1556921 1556921 1556921 1556921 1556921 1556921 1556921 1556921 1556921 1556921 1556921 1556921 1556921 1556921 1556921 1556921 1556921 1556921 1556921 1556921 1556921 1556921 1556921 1556921 1556921 1556921 1556921 1556921 1556921 1556921 1556921 1556921 1556921 1556921 1556921 1556921 1556921 1556921 1556921 1556921 1556921 1556921 1556921 1556921 1556921 1556921 1556921 689066 689066 640192 473567 292182 180320 175392 175392 175392 175392 125322 112699 108527 108527 108527 80343 80343 80343 78598 78598 35351 21667 20254 5474 5374 4641 4641 4641 4641 4641 4641 4641 4641 4641 3663 2869 2705 2653 2653 2653 2653 2653 2653 1926 1778 1168 689
Geracao 239: 1556921 1556921 1556921 1556921 1379356 529911 382234 360518 352258 240229 106432 80302 76901 76901 76901 76901 76901 76901 76901 76901 76901 76901 76901 76901 76901 76901 76901 76901 76901 76901 76901 76901 76901 76901 76901 76901 76901 76901 76901 76901 76901 76901 76901 76901 76901 76901 76901 76901 76901 76901 76901 76901 76901 76901 76901 76901 76901 76901 76901 76901 76901 76901 62415 62415 61733 61733 37355 18081 7908 7908 7908 6689 5195 4846 4819 4658 4641 4641 4641 4641 4641 4641 4641 4641 4641 4316 3335 2746 2746 2746 2704 2561 2545 1715 1245 970 873 774 757 716
Geracao 240: 1556921 1556921 1556921 1556921 1556921 1556921 1556921 1556921 1556921 1556921 1556921 1556921 1556921 1556921 1556921 1556921 1556921 1556921 1556921 1556921 1556921 1556921 1556921 1556921 1556921 1556921 1556921 1556921 1556921 1556921 1556921 1556921 1556921 1556921 1556921 1556921 1556921 1556921 1556921 1556921 1556921 1556921 1556921 1024110 689066 352258 352258 292182 180320 175392 175392 175392 175392 137912 105041 105041 96719 89564 80425 80425 80343 76901 76901 76901 76901 76901 76901 76901 76901 76901 54336 47792 46007 29112 5152 4673 4641 4641 4641 4641 4641 4641 4641 4641 4641 4641 3908 3383 3180 3023 2870 2673 2653 2653 2653 2276 1472 1464 711 711
Geracao 241: 1556921 1556921 1556921 1556921 1556921 1556921 1556921 1556921 1556921 1556921 1556921 1556921 1556921 1556921 1556921 1556921 1556921 1556921 1556921 1556921 1556921 1556921 1556921 1556921 1556921 1556921 1556921 1556921 1556921 1556921 1556921 1556921 1556921 1556921 1556921 1556921 1556921 1556921 1556921 1556921 1556921 1556921 1556921 1556921 1556921 1556921 1556921 1556921 1556921 1556921 1556921 1556921 1556921 1556921 1556921 1556921 1556921 1556921 1556921 689066 689066 689066 473567 471071 352258 352258 345100 267134 240229 218477 180320 175392 175392 108636 80425 80343 78598 47169 20515 13275 9431 5671 5532 4641 4641 4641 4641 4641 4641 4641 4641 4641 4527 3790 3035 2658 2603 1296 739 674
Geracao 242: 1556921 1556921 1556921 1556921 1556921 1556921 1556921 1556921 1556921 1556921 1556921 1556921 1556921 1556921 1556921 1556921 1556921 1556921 1556921 1556921 1556921 1556921 1556921 1556921 1556921 1556921 1556921 1556921 1556921 1556921 1556921 1556921 1556921 1556921 1556921 1556921 1556921 1556921 1556921 1556921 1556921 1556921 1556921 1556921 1556921 1556921 1556921 1556921 1556921 1556921 1556921 1556921 1556921 1556921 1556921 689066 689066 352258 273740 268987 245468 218477 180320 175392 175392 175392 113097 108527 108527 105041 80425 78598 76901 76901 76901 62415 62415 58771 56525 47169 38036 8482 4641 4641 4641 4641 4641 4641 4641 4641 4641 4641 3699 2008 698 698 674 667 667 667
Geracao 243: 1556921 1556921 1556921 1556921 1556921 1556921 1556921 1556921 1556921 1556921 1556921 1556921 1556921 1556921 1556921 1556921 1556921 1556921 1556921 1556921 1556921 1556921 1556921 1556921 1556921 1556921 1556921 1556921 1556921 1556921 1556921 1556921 1556921 1556921 1556921 1556921 1556921 1556921 1556921 1556921 1556921 1556921 1556921 1556921 1556921 1556921 1556921 1556921 1556921 1556921 1556921 689066 689066 529826 473567 180320 180320 180320 180320 175392 175392 112775 105041 80425 80425 47879 47169 47169 23223 10190 9431 9148 7620 6806 6100 5451 5131 4651 4641 4641 4641 4641 4641 4641 4641 4641 4641 4641 4641 4641 4641 4641 4294 4159 4033 3534 2920 2907 2657 658
Geracao 244: 1556921 1556921 1556921 1556921 1556921 1556921 1556921 1556921 1556921 1556921 1556921 1556921 1556921 1556921 1556921 1556921 1556921 1556921 1556921 1556921 1556921 1556921 1556921 1556921 1556921 1556921 1556921 1556921 1556921 1556921 1556921 1556921 1556921 1556921 1556921 1556921 1556921 1556921 1556921 1556921 1556921 1556921 1556921 1556921 1556921 1556921 1556921 1556921 1556921 1556921 1556921 1556921 1556921 1556921 1556921 352258 180320 175392 175392 175392 175392 146177 108527 80425 78598 78598 78598 76901 76901 76901 76901 76901 60692 47169 23651 7025 6208 5282 4688 4641 4641 4641 4641 4641 4641 4641 4641 4641 4641 4641 4641 4428 3992 2822 2776 2470 713 683 664 647
Geracao 245: 1556921 1556921 1556921 1556921 1556921 1556921 1556921 1556921 1556921 1556921 1556921 1556921 1556921 1556921 1556921 1556921 1556921 1556921 1556921 1556921 1556921 1556921 1556921 1556921 1556921 1556921 1556921 1556921 1556921 1556921 1556921 1556921 1556921 1556921 1556921 1556921 1556921 1556921 1556921 1556921 1556921 1556921 1556921 1556921 1556921 1556921 1556921 689066 689066 473567 473567 352258 352258 352258 315054 283791 218477 175392 175392 175392 175392 140185 133919 108527 108527 104768 102071 80425 80425 75397 74498 35351 8320 6715 4641 4641 4641 4641 4641 4641 4641 4641 4641 4641 4641 4641 4641 4432 3784 3699 2866 2678 2628 2628 2628 713 698 668 664 664
Geracao 246: 1556921 1556921 1556921 1556921 1556921 1556921 1556921 1556921 1556921 1556921 1556921 1556921 1556921 1556921 1556921 1556921 1556921 1556921 1556921 1556921 1556921 1556921 1556921 1556921 1556921 1556921 1556921 1556921 1556921 1556921 1556921 1556921 1556921 1556921 1556921 1556921 1556921 1556921 1556921 1556921 1556921 1556921 1556921 1556921 1556921 1556921 1556921 1556921 1556921 1556921 689066 689066 473567 366102 352258 352258 175392 175392 175392 175392 139119 108527 108527 80425 80343 78598 78598 76901 76901 60895 47169 42427 20933 16533 9431 8908 6995 4641 4641 4641 4641 4641 4641 4641 4641 4641 4641 4641 4641 4641 4641 4641 4641 4641 3699 3663 2345 732 698 663
Geracao 247: 1556921 1556921 1556921 1556921 1556921 1556921 1556921 1556921 1556921 1556921 1556921 1556921 1556921 1556921 1556921 1556921 1556921 1556921 1556921 1556921 1556921 1556921 1556921 1556921 1556921 1556921 1556921 1556921 1556921 1556921 1556921 1556921 1556921 1556921 1556921 1556921 1556921 1556921 1556921 1556921 1556921 1556921 1556921 1556921 1556921 1556921 1556921 1556921 1556921 1556921 1556921 1556921 1556921 1556921 1556921 1556921 1556921 1556921 1556921 1556921 1556921 689066 687204 507147 473567 352258 352258 302081 301513 218477 175392 175392 175392 175392 175392 132337 105041 86246 80425 76901 47169 47169 35351 32211 24552 10845 5374 4996 4641 4641 4641 4641 4641 4641 4641 4379 3743 2742 704 701
Geracao 248: 1556921 1556921 1556921 1556921 1556921 1556921 1556921 1556921 1556921 1556921 1556921 1556921 1556921 1556921 1556921 1556921 1556921 1556921 1556921 1556921 1556921 1556921 1556921 1556921 1556921 1556921 1556921 1556921 1556921 1556921 1556921 1556921 1556921 1556921 1556921 1556921 1556921 1556921 1556921 1556921 1556921 1556921 1556921 1556921 1556921 1556921 1556921 1556921 1556921 1556921 1556921 1556921 1556921 689066 689066 689066 366102 348128 301351 241379 180320 180320 175392 175392 175392 175392 175392 175392 108527 108527 108527 108527 105041 78598 76901 76901 75235 5624 5052 4641 4641 4641 4641 4641 4641 4641 4641 4641 4641 4641 4641 4641 4641 3074 2909 2711 2221 1529 716 647
Geracao 249: 1556921 1556921 1556921 1024110 1024110 1024110 1024110 1024110 1024110 1024110 1024110 1024110 1024110 1024110 1024110 1024110 1024110 1024110 1024110 1024110 1024110 1024110 1024110 1024110 914817 364941 364941 352258 352258 352258 352258 352258 290176 278366 239975 188254 175392 159519 130441 108527 108527 108527 108527 107669 87925 81184 79990 76901 54170 43416 38119 28443 28443 26303 21649 20760 10551 8639 8639 8639 8639 6673 6293 6225 4641 4641 4641 4641 4641 4641 4641 4641 4641 4574 4489 4276 4221 4040 3777 3345 3285 2741 2529 2349 2316 2316 2316 2198 2187 2175 2172 2166 2166 2166 2139 1731 1013 670 670 670
Geracao 250: 1556921 1556921 1556921 1556921 1556921 1556921 1556921 1556921 1556921 1556921 1556921 1556921 1556921 1556921 1556921 1556921 1556921 1556921 1556921 1556921 1556921 1556921 1556921 1556921 1556921 1556921 1556921 1556921 1556921 1556921 1556921 1556921 1556921 1556921 1556921 1556921 1556921 1556921 1556921 1556921 1556921 1024110 1024110 898178 728022 473567 473567 473567 352258 279288 216359 180320 180320 175392 175392 175392 175392 175392 175392 108527 105041 100296 84200 80343 78598 76901 70256 52216 44625 43416 38036 34820 33968 27256 15296 8639 7319 5483 4641 4641 4641 4641 4641 4641 4641 4432 2686 2356 2256 2239 2187 2182 2166 1726 1289 737 733 733 713 670
Geracao 251: 1556921 1556921 1556921 1556921 1556921 1556921 1556921 1556921 1556921 1556921 1556921 1556921 1556921 1556921 1556921 1556921 1556921 1556921 1556921 1556921 1556921 1556921 1556921 1556921 1556921 1556921 1556921 1556921 1556921 1556921 1556921 1556921 1556921 1556921 1556921 1556921 1556921 1556921 1556921 1556921 1556921 1556921 1556921 1556921 1556921 1556921 1556921 1556921 1556921 1556921 1556921 1556921 1556921 712309 689066 507147 327160 241379 175392 175392 175392 108527 108527 105041 80425 80343 80129 80083 78598 76901 76901 60767 40190 38036 38036 27256 10796 4641 4641 4641 4641 4641 4641 4641 4641 4641 4641 4641 3035 2866 2745 2745 2745 2686 1783 1521 815 745 730 679
Geracao 252: 1556921 1556921 1556921 1556921 1556921 1556921 1556921 1556921 1556921 1556921 1556921 1556921 1556921 1556921 1556921 1556921 1556921 1556921 1556921 1556921 1556921 1556921 1556921 1556921 1556921 1556921 1556921 1556921 1556921 1556921 1556921 1556921 1556921 1556921 1556921 1556921 1556921 1556921 1556921 1556921 1556921 1556921 1024110 1024110 985819 957354 689066 689066 473567 352258 268987 254627 180320 180320 175392 175392 175392 175392 130226 108527 108527 78598 78598 78598 61772 50723 46817 33451 16038 6239 5253 5253 5160 5152 4958 4641 4641 4641 4641 4641 4641 4641 4641 4641 4641 4641 4641 4641 4641 4641 4641 4641 4641 3699 2744 2609 2433 2232 664 661
Geracao 253: 1556921 1556921 1556921 1556921 1556921 1556921 1556921 1556921 1556921 1556921 1556921 1556921 1556921 1556921 1556921 1556921 1556921 1556921 1556921 1556921 1556921 1556921 1556921 1556921 1556921 1556921 1556921 1556921 1556921 1556921 1556921 1556921 1556921 1556921 1556921 1556921 1556921 1556921 1556921 1556921 1556921 1556921 1556921 1556921 851979 689066 689066 352258 290176 274192 268987 263873 223330 180320 175392 175392 175392 175392 175392 175392 114181 113879 113879 108527 108527 78598 76901 45356 19519 7908 5374 5374 5282 4641 4641 4641 4641 4641 4641 4641 4641 4641 4641 4641 4641 4641 4641 4641 3413 3111 2800 2777 2725 2686 2405 1965 1588 892 697 694
Geracao 254: 1556921 1556921 1556921 1556921 1556921 1556921 1556921 1556921 1556921 1556921 1556921 1556921 1556921 1556921 1556921 1556921 1556921 1556921 1556921 1556921 1556921 1556921 1556921 1556921 1556921 1556921 1556921 1556921 1556921 1556921 1556921 1556921 1556921 1556921 1556921 1556921 1556921 1556921 1556921 1556921 1556921 1556921 1556921 1556921 1556921 1556921 1556921 1556921 689066 352258 268987 180320 175392 175392 175392 175392 175392 175392 175392 175392 175392 175392 175392 117741 113120 78598 76901 76901 76901 56606 47169 38036 38036 38036 33256 16533 16533 6639 4641 4641 4641 4641 4641 4641 4641 4641 4641 4641 4641 4641 4641 4641 4641 4641 4641 4445 3815 3663 2891 828
Geracao 255: 1556921 1556921 1556921 1556921 1556921 1556921 1556921 1556921 1556921 1556921 1556921 1556921 1556921 1556921 1556921 1556921 1556921 1556921 1556921 1556921 1556921 1556921 1556921 1556921 1556921 1556921 1556921 1556921 1556921 1556921 1556921 1556921 1556921 1556921 1556921 1556921 1556921 1556921 1556921 1556921 1556921 870980 689066 460600 413752 404376 352258 352258 347646 288406 176515 175392 175392 175392 175392 175392 153023 105041 80343 78598 77996 76901 76901 76901 69282 38036 38036 38036 37355 22070 16533 10100 5451 5374 5314 5312 4649 4641 4641 4641 4641 4641 4641 4641 4641 4641 4641 4641 4641 4641 4421 4421 4337 4122 3753 3359 2894 2850 2755 692
Geracao 256: 1556921 1556921 1556921 1556921 1556921 1556921 1556921 1556921 1556921 1556921 1556921 1556921 1556921 1556921 1556921 1556921 1556921 1556921 1556921 1556921 1556921 1556921 1556921 1556921 1556921 1556921 1556921 1556921 1556921 1556921 1556921 1556921 1556921 1556921 1556921 1556921 1556921 1556921 1556921 1556921 1556921 1556921 1556921 1556921 1556921 1556921 1556921 1556921 1556921 1556921 1556921 1556921 1556921 689066 689066 689066 352258 352258 268987 180320 180320 175392 175392 175392 175392 175392 175392 105041 80343 76901 47169 38036 38036 37656 20317 16533 9362 8933 8320 8022 5312 4784 4641 4641 4641 4641 4641 4641 4641 4641 4641 4421 4337 2704 1803 842 842 822 698 603
Geracao 257: 1556921 1556921 1556921 1556921 1556921 1556921 1556921 1556921 1556921 1556921 1556921 1556921 1556921 1556921 1556921 1556921 1556921 1556921 1556921 1556921 1556921 1556921 1556921 1556921 1556921 1556921 1556921 1556921 1556921 1556921 1556921 1556921 1556921 1556921 1556921 1556921 1556921 1556921 1556921 1556921 1556921 1556921 1556921 1556921 1556921 1556921 1556921 1556921 1556921 1556921 689066 689066 689066 498670 352258 341291 293283 287215 268987 175392 175392 175392 175392 175392 125093 87179 80425 80279 47169 47169 47169 46007 38036 21512 20771 16533 16533 16533 16380 4641 4641 4641 4641 4641 4641 4641 4641 4641 4641 4641 4641 4641 4641 3698 2647 1803 842 698 686 394
Geracao 258: 1556921 1556921 1556921 1556921 1556921 1556921 1556921 1556921 1556921 1556921 1556921 1556921 1556921 1556921 1556921 1556921 1556921 1556921 1556921 1556921 1556921 1556921 1556921 1556921 1556921 1556921 1556921 1556921 1556921 1556921 1556921 1556921 1556921 1556921 1556921 1556921 1556921 1556921 1556921 1556921 1556921 1556921 1556921 1556921 1556921 1556921 1556921 1556921 1556921 1556921 1556921 887460 806438 689066 689066 432103 424303 352258 352258 268987 249123 175392 175392 175392 127836 105041 80425 76901 76901 38036 33020 16533 11992 6143 5374 5312 4675 4641 4641 4641 4641 4641 4641 4641 4641 4641 4641 4641 4641 4641 4641 4641 4421 3699 2713 2645 2006 837 824 712
Geracao 259: 1556921 1556921 1556921 1556921 1556921 1556921 1556921 1556921 1556921 1556921 1556921 1556921 1556921 1556921 1556921 1556921 1556921 1556921 1556921 1556921 1556921 1556921 1556921 1556921 1556921 1556921 1556921 1556921 1556921 1556921 1556921 1556921 1556921 1556921 1556921 1556921 1556921 1556921 1556921 1556921 1556921 1556921 1556921 1556921 1556921 1556921 1556921 1556921 689066 689066 689066 689066 689066 689066 670607 352258 352258 352258 352258 268987 175392 175392 175392 175392 175392 134038 106235 105041 80425 80425 80343 76901 76901 56606 48150 47169 47169 38036 38036 16533 5748 5374 5374 5374 4649 4641 4641 4641 4641 4641 4641 4641 4533 4282 3502 2819 698 698 698 698
Geracao 260: 1556921 1556921 1556921 1556921 1556921 1556921 1556921 1556921 1556921 1556921 1556921 1556921 1556921 1556921 1556921 1556921 1556921 1556921 1556921 1556921 1556921 1556921 1556921 1556921 1556921 1556921 1556921 1556921 1556921 1556921 1556921 1556921 1556921 1556921 1556921 1556921 1556921 1556921 1556921 1556921 1556921 1556921 1556921 1556921 1556921 1556921 1556921 1556921 1556921 1556921 1556921 1556921 1556921 1556921 689066 689066 366102 330581 290176 287215 255456 180320 180320 175392 175392 168843 105041 83023 76901 54432 52065 47169 47169 47169 47169 38036 27256 22722 13073 5451 5312 4641 4641 4641 4641 4641 4641 4641 4641 4641 4641 4641 4641 2845 2821 2455 1995 1803 698 659
Geracao 261: 1556921 1556921 1556921 1556921 1556921 1556921 1556921 1556921 1556921 1556921 1556921 1556921 1556921 1556921 1556921 1556921 1556921 1556921 1556921 1556921 1556921 1556921 1556921 1556921 1556921 1556921 1556921 1556921 1556921 1556921 1556921 1556921 1556921 1556921 1556921 1556921 1556921 1556921 1556921 1556921 1556921 1556921 1556921 1556921 1556921 1556921 1556921 1556921 1556921 806438 794257 689066 689066 501097 352258 175392 175392 175392 175392 157568 105041 91852 80425 76901 76901 72989 48150 47169 18151 17274 6181 5374 5374 5374 5374 5147 4641 4641 4641 4641 4641 4641 4641 4641 4641 4641 4641 4641 4641 4641 4615 4414 1803 1803 713 708 698 698 698 693
Geracao 262: 1556921 1556921 1556921 1556921 1556921 1556921 1556921 1556921 1556921 1556921 1556921 1556921 1556921 1556921 1556921 1556921 1556921 1556921 1556921 1556921 1556921 1556921 1556921 1556921 1556921 1556921 1556921 1556921 1556921 1556921 1556921 1556921 1556921 1556921 1556921 1556921 1556921 1556921 1556921 1556921 1556921 1556921 1556921 1556921 1556921 1556921 1556921 1556921 1556921 1556921 1556921 1556921 689066 689066 526030 352258 352258 307319 206585 180320 175392 175392 175392 175392 175392 175392 175392 156421 106220 86483 76901 76901 66266 60895 47169 38036 38036 16277 6225 5374 5374 5254 4641 4641 4641 4641 4641 4641 4641 4641 4641 4641 4641 4641 4641 4641 3417 1803 991 698
Geracao 263: 1556921 1556921 1556921 1556921 1556921 1556921 1556921 1556921 1556921 1556921 1556921 1556921 1556921 1556921 1556921 1556921 1556921 1556921 1556921 1556921 1556921 1556921 1556921 1556921 1556921 1556921 1556921 1556921 1556921 1556921 1556921 1556921 1556921 1556921 1556921 1556921 1556921 1556921 1556921 1556921 1556921 1556921 689066 689066 352258 352258 180320 175392 175392 175392 175392 175392 112131 105041 76901 76901 76901 68332 62704 47169 41466 38036 38036 5954 5374 5374 5374 5374 5186 4641 4641 4641 4641 4641 4641 4641 4641 4641 4641 4641 4641 4641 4641 4641 4641 4641 4641 4421 4282 3921 3377 2673 1803 795 698 698 698 698 698 698
Geracao 264: 1556921 1556921 1556921 1556921 1556921 1556921 1556921 1556921 1556921 1556921 1556921 1556921 1556921 1556921 1556921 1556921 1556921 1556921 1556921 1556921 1556921 1556921 1556921 1556921 1556921 1556921 1556921 1556921 1556921 1556921 1556921 1556921 1556921 1556921 1556921 1556921 1556921 1556921 1556921 1556921 1556921 1556921 1556921 1556921 1556921 1556921 1556921 1556921 1556921 689066 689066 689066 352258 352258 270955 268987 231451 191654 180320 175392 106731 105041 80425 38518 38036 18262 16533 9270 7517 5474 5374 5374 5374 5374 5374 4645 4641 4641 4641 4641 4641 4641 4641 4641 4641 4641 4641 4641 4185 2749 2749 2694 709 698 698 698 698 698 698 389
Geracao 265: 1556921 1556921 1556921 1556921 1556921 1556921 1556921 1556921 1556921 1556921 1556921 1556921 1556921 1556921 1556921 1556921 1556921 1556921 1556921 1556921 1556921 1556921 1556921 1556921 1556921 1556921 1556921 1556921 1556921 1556921 1556921 1556921 1556921 1556921 1556921 1556921 1556921 1556921 1556921 1556921 1556921 1556921 1556921 1556921 1556921 1556921 1556921 1556921 1556921 1556921 397819 352258 268987 268987 175392 175392 175392 175392 175392 175392 175392 175392 175392 118536 101378 83023 38036 27222 14278 14071 13275 5624 5451 5374 5374 5374 5312 4841 4641 4641 4641 4641 4641 4641 4641 4641 4641 4421 4247 2990 2749 2749 2090 1885 698 698 698 698 634 574
Geracao 266: 1556921 1556921 1556921 1556921 1556921 1556921 1556921 1556921 1556921 1556921 1556921 1556921 1556921 1556921 1556921 1556921 1556921 1556921 1556921 1556921 1556921 1556921 1556921 1556921 1556921 1556921 1556921 1556921 1556921 1556921 1556921 1556921 1556921 1556921 1556921 1556921 1556921 1556921 1556921 1556921 1556921 1556921 1556921 1556921 1556921 1556921 1556921 1556921 1556921 899635 767949 689066 689066 689066 352258 292182 268987 222180 175392 175392 175392 93904 86483 50059 38036 38036 31822 21839 17324 17152 16533 5897 5374 5374 5374 5312 4641 4641 4641 4641 4641 4641 4641 4641 4080 3025 3025 2844 2787 2749 2069 1803 1414 901 901 832 734 734 698 698
Geracao 267: 1556921 1556921 1556921 1556921 1556921 1556921 1556921 1556921 1556921 1556921 1556921 1556921 1556921 1556921 1556921 1556921 1556921 1556921 1556921 1556921 1556921 1556921 1556921 1556921 1556921 1556921 1556921 1556921 1556921 1556921 1556921 1556921 1556921 1556921 1556921 1556921 1556921 1556921 1556921 1556921 1556921 1556921 1556921 1556921 1556921 1556921 1556921 1556921 1556921 1556921 1556921 1556921 1556921 1556921 1556921 1556921 899704 689066 689066 352258 175392 175392 175392 175392 108988 105041 66450 54247 38036 38036 5526 5374 5374 5374 5312 4641 4641 4641 4641 4641 4641 4641 4641 4641 2857 2755 2749 2678 2651 2480 1497 1021 924 844 827 726 698 671 667 642
Geracao 268: 1556921 1556921 1556921 1556921 1556921 1556921 1556921 1556921 1556921 1556921 1556921 1556921 1556921 1556921 1556921 1556921 1556921 1556921 1556921 1556921 1556921 1556921 1556921 1556921 1556921 1556921 1556921 1556921 1556921 1556921 1556921 1556921 1556921 1556921 1556921 1556921 1556921 1556921 1556921 1556921 1556921 689066 689066 641143 218477 195442 175392 175392 175392 175392 175392 175392 175392 175392 138377 105041 76901 38036 38036 27256 22518 16706 16533 6100 5474 5374 5374 5374 5374 5374 5374 5374 4641 4641 4641 4641 4421 4421 4421 3677 3562 2858 2857 2787 2755 2755 2712 2408 2350 1803 1803 1803 1641 821 756 741 741 698 686 662
Geracao 269: 1556921 1556921 1556921 1556921 1556921 1556921 1556921 1556921 1556921 1556921 1556921 1556921 1556921 1556921 1556921 1556921 1556921 1556921 1556921 1556921 1556921 1556921 1556921 1556921 1556921 1556921 1556921 1556921 1556921 1556921 1556921 1556921 1556921 1556921 1556921 1556921 1556921 1556921 1556921 1556921 1556921 1556921 1556921 1556921 1556921 1556921 1556921 1556921 1556921 1556921 855943 689066 689066 352258 352258 287215 175392 175392 175392 175392 175392 175392 175392 175392 175392 109559 105041 105041 105041 54203 38036 38036 35351 28077 10766 9670 5374 4641 4641 4641 4641 4641 4497 4421 3904 3873 2857 2655 1803 1322 1044 991 875 832 821 763 741 741 740 593
Geracao 270: 1556921 1556921 1556921 1556921 1556921 1556921 1556921 1556921 1556921 1556921 1556921 1556921 1556921 1556921 1556921 1556921 1556921 1556921 1556921 1556921 1556921 1556921 1556921 1556921 1556921 1556921 1556921 1556921 1556921 1556921 1556921 1556921 1556921 1556921 1556921 1556921 1556921 1556921 1556921 1556921 1556921 1556921 689066 665106 503135 403023 366489 352258 268987 175392 175392 175392 175392 105041 91460 80425 76901 61733 38441 38036 38036 30272 18929 15948 7321 6635 5374 5374 5374 5374 5374 5374 5374 4641 4641 4641 4641 4641 4641 4641 4641 4641 4641 4641 4641 4641 4203 3589 2702 1893 1803 1707 1483 1068 881 863 863 749 698 698
Geracao 271: 1556921 1556921 1556921 1556921 1556921 1556921 1556921 1556921 1556921 1556921 1556921 1556921 1556921 1556921 1556921 1556921 1556921 1556921 1556921 1556921 1556921 1556921 1556921 1556921 1556921 1556921 1556921 1556921 1556921 1556921 1556921 1556921 1556921 1556921 1556921 1556921 1556921 1556921 1556921 1556921 1556921 1556921 1556921 1556921 1556921 1556921 1333134 839192 249120 239136 233984 207219 207219 180320 175392 175392 175392 175392 175392 155638 105041 96417 80802 76901 76901 38036 35351 16533 15608 13410 10704 9670 8492 7629 5374 5312 5282 4688 4641 4641 4641 4641 4641 4641 4641 4558 4533 3911 2785 2741 2713 2103 1803 1038 689 678 662 662 662 653
Geracao 272: 1556921 1556921 1556921 1556921 1556921 1556921 1556921 1556921 1556921 1556921 1556921 1556921 1556921 1556921 1556921 1556921 1556921 1556921 1556921 1556921 1556921 1556921 1556921 1556921 1556921 1556921 1556921 1556921 1556921 1556921 1556921 1556921 1556921 1556921 1556921 1556921 1556921 1556921 1556921 1556921 1556921 1556921 1556921 806438 689066 689066 533601 471071 352258 352258 352258 292182 270546 268987 207219 175392 175392 175392 175392 175392 175392 156421 112940 102339 91460 83023 79768 50735 38036 22070 7775 5790 5374 5374 5374 4641 4641 4641 4641 4641 4641 4641 4641 4641 4533 3699 2920 2765 2734 2649 2208 1803 1144 908 770 759 698 662 662 653
Geracao 273: 1556921 1556921 1556921 1556921 1556921 1556921 1556921 1556921 1556921 1556921 1556921 1556921 1556921 1556921 1556921 1556921 1556921 1556921 1556921 1556921 1556921 1556921 1556921 1556921 1556921 1556921 1556921 1556921 1556921 1556921 1556921 1556921 1556921 1556921 1556921 1556921 1556921 1556921 1556921 1556921 1556921 1556921 1556921 1556921 689066 534851 308751 240229 184125 175392 175392 175392 156317 113230 105041 80343 76901 76901 76901 74719 73009 73009 65322 38036 35740 35351 23870 19082 7858 7858 7391 5756 5451 5374 5312 5312 5312 5312 4641 4641 4641 4641 4641 4641 4421 4421 4285 4080 3910 3320 2791 2669 2649 2597 2508 2072 1726 936 808 738
Geracao 274: 1556921 1556921 1556921 1556921 1556921 1556921 1556921 1556921 1556921 1556921 1556921 1556921 1556921 1556921 1556921 1556921 1556921 1556921 1556921 1556921 1556921 1556921 1556921 1556921 1556921 1556921 1556921 1556921 1556921 1556921 1556921 1556921 1556921 1556921 1556921 1556921 856707 689066 689066 352258 352258 352258 180320 180320 175392 175392 168843 134160 105041 88329 80425 76901 76901 76901 59063 38653 38036 38036 8234 8032 7723 6571 6571 6301 6205 5756 5756 5312 4641 4606 4421 4421 4421 4421 4421 4153 2857 2717 2575 2180 1726 909 898 898 859 857 852 842 834 797 745 740 740 740 736 730 726 712 710 645
Geracao 275: 1556921 1556921 1556921 1556921 1556921 1556921 1556921 1556921 1556921 1556921 1556921 1556921 1556921 1556921 1556921 1556921 1556921 1556921 1556921 1556921 1556921 1556921 1556921 1556921 1556921 1556921 1556921 1556921 1556921 1556921 1556921 1556921 1556921 1556921 1556921 1556921 1556921 1556921 1556921 1556921 1556921 689066 352258 352258 352258 348128 240229 240229 180320 175392 175392 175392 115676 108200 105041 91460 91460 76901 55811 37847 29900 20771 11975 11295 10523 7518 6571 5897 5451 5451 5152 4641 4421 4421 3663 3076 3073 2761 2743 2471 2408 1726 1632 898 898 898 881 874 828 825 797 774 748 740 740 740 740 740 736 697
Geracao 276: 1556921 1556921 1556921 1556921 1556921 1556921 1556921 1556921 1556921 1556921 1556921 1556921 1556921 1556921 1556921 1556921 1556921 1556921 1556921 1556921 1556921 1556921 1556921 1556921 1556921 1556921 1556921 1556921 1556921 1556921 1556921 1556921 1556921 1556921 1556921 1556921 1556921 1556921 1556921 1556921 1556921 1556921 1556921 1556921 1556921 1556921 1556921 1556921 1556921 818467 754131 689066 689066 448172 352258 289244 270546 175392 175392 175392 175392 175392 101628 76901 73009 57835 38591 38036 18654 10916 6571 6435 6235 5282 5161 4649 4421 4421 4421 4421 3023 1836 1765 936 898 898 898 898 797 761 740 740 740 736 734 712 706 705 701 428
Geracao 277: 1556921 1556921 1556921 1556921 1556921 1556921 1556921 1556921 1556921 1556921 1556921 1556921 1556921 1556921 1556921 1556921 1556921 1556921 1556921 1556921 1556921 1556921 1556921 1556921 1556921 1556921 1556921 1556921 1556921 1556921 1556921 1556921 1556921 1556921 1556921 1556921 1556921 1556921 1556921 1556921 1556921 1556921 1556921 1556921 1556921 1556921 1556921 969101 689066 240229 240229 240229 189834 180320 180320 175392 175392 101628 97443 91460 80343 73009 61422 39080 38039 6881 5374 5374 5374 5329 5312 4950 4641 4641 4641 4421 4421 4248 4192 2874 2717 2690 2480 1109 898 898 826 796 779 749 748 748 740 730 709 706 691 683 680 657
Geracao 278: 1556921 1556921 1556921 1556921 1556921 1556921 1556921 1556921 1556921 1556921 1556921 1556921 1556921 1556921 1556921 1556921 1556921 1556921 1556921 1556921 1556921 1556921 1556921 1556921 1556921 1556921 1556921 1556921 1556921 1556921 1556921 1556921 1556921 1556921 1556921 1556921 1556921 1556921 1556921 1556921 1556921 1556921 1556921 1556921 1556921 1556921 1556921 1556921 1556921 1556921 1556921 1556921 822370 689066 352258 240229 240229 180320 180320 175392 175392 105556 105041 91441 76901 76901 76901 76901 38036 35946 28507 19538 5374 5340 5339 4711 4641 4641 4421 3769 2756 2756 2738 2715 2696 2676 2051 1933 1649 1085 1062 1008 829 829 817 732 716 697 662 656
Geracao 279: 1556921 1556921 1556921 1556921 1556921 1556921 1556921 1556921 1556921 1556921 1556921 1556921 1556921 1556921 1556921 1556921 1556921 1556921 1556921 1556921 1556921 1556921 1556921 1556921 1556921 1556921 1556921 1556921 1556921 1556921 1556921 1556921 1556921 1556921 1556921 1556921 1556921 1556921 1556921 1556921 1556921 1556921 1556921 1556921 1556921 1556921 1556921 1556921 1556921 1556921 1556921 1556921 1556921 1556921 352258 352258 264532 240229 230245 180320 175392 175392 86626 83023 64170 61422 51043 38036 37355 37355 10834 5095 4918 4724 4649 4641 4641 4641 4641 4641 4641 4421 4421 4421 4421 4021 2746 2731 2714 2682 2673 2445 2302 1954 1908 1053 914 783 728 698
Geracao 280: 1556921 1556921 1556921 1556921 1556921 1556921 1556921 1556921 1556921 1556921 1556921 1556921 1556921 1556921 1556921 1556921 1556921 1556921 1556921 1556921 1556921 1556921 1556921 1556921 1556921 1556921 1556921 1556921 1556921 1556921 1556921 1556921 1556921 1556921 1556921 1556921 1556921 1556921 1556921 1556921 1556921 1556921 1556921 1556921 1556921 1556921 1556921 1556921 689066 649392 352258 352258 290176 269526 240229 240229 211567 175392 175392 175392 175392 105041 80425 80425 80425 69533 61422 55395 28652 28652 27256 21608 7728 5374 5374 4641 4641 4641 4641 4641 4641 4641 4438 4421 4421 4421 4421 4421 4197 4114 3442 1829 983 871 700 693 693 667 661 652
Geracao 281: 1556921 1556921 1556921 1556921 1556921 1556921 1556921 1556921 1556921 1556921 1556921 1556921 1556921 1556921 1556921 1556921 1556921 1556921 1556921 1556921 1556921 1556921 1556921 1556921 1556921 1556921 1556921 1556921 1556921 1556921 1556921 1556921 1556921 1556921 1556921 1556921 1556921 1556921 1556921 1556921 1556921 1556921 1556921 1556921 1556921 1556921 1556921 1556921 1556921 1556921 1556921 689066 689066 689066 352258 352258 352258 287215 240229 240229 175392 175392 175392 175392 113879 101628 101628 80425 76901 76901 76901 67279 65692 49024 38036 12950 6178 5374 5374 5374 4649 4641 4641 4641 4421 2878 2732 2493 2057 1441 994 813 802 792 790 783 780 780 698 441
Geracao 282: 1001601 902242 777570 644998 473567 432260 352258 347664 345220 290176 228487 135983 114166 76901 76901 76901 76901 76901 76901 76901 76901 76901 76901 76901 76901 76901 76901 76901 76901 76901 76901 76901 76901 76901 76901 76901 76901 76901 76901 76901 76901 76901 76901 76901 76901 76901 76901 76901 76901 76901 76901 76901 76901 76901 76901 76901 76901 76901 76901 61733 61733 61733 61733 60358 37355 22208 22208 19557 16340 16340 13991 4421 4421 4421 4421 3409 3409 3409 3409 3148 3051 2856 2806 2707 2411 2144 1141 1115 1112 1095 1000 996 912 903 821 704 693 665 650 648
Geracao 283: 1356278 1024365 1024365 1001601 1001601 1001601 1001601 1001601 1001601 1001601 1001601 1001601 1001601 1001601 1001601 1001601 1001601 1001601 1001601 1001601 1001601 1001601 1001601 1001601 1001601 1001601 1001601 1001601 1001601 902242 902242 902242 902242 772280 253514 228487 198363 106490 98196 81092 76901 76901 76901 76901 76901 76901 76901 76901 76901 76901 76901 60514 60514 51404 30925 30925 30925 30925 30925 30925 23188 19896 19896 19896 4743 4649 4641 4641 4641 4641 4641 4641 4641 4299 4010 3902 3902 3902 3902 3409 2911 2809 2662 2653 2649 2568 2516 2419 1644 984 847 798 787 787 718 688 688 688 688 681
Geracao 284: 739358 674171 659155 514025 395049 352258 258878 253245 247190 202556 202556 202556 202556 202556 202556 202556 202556 202556 202556 202556 202556 105130 105130 105130 105130 105130 105130 105130 105130 105130 105130 105130 105130 105130 105130 105130 105130 105130 105130 105130 105130 105130 105130 105130 105130 105130 105130 105130 105130 105130 105130 105130 105130 105130 105130 105130 105130 105130 104914 97782 89731 89731 89731 89731 89731 89731 89731 80246 51555 48049 46921 37652 37652 21965 21965 19437 13587 8677 8663 6797 4641 4641 4641 4641 4459 3499 2905 2725 2725 1777 1596 991 991 991 991 912 882 781 688 656
Geracao 285: 1497531 985973 985973 985973 985973 965042 739358 739358 739358 739358 739358 739358 739358 739358 739358 739358 739358 739358 739358 739358 739358 739358 739358 739358 739358 739358 739358 739358 739358 739358 739358 739358 739358 739358 739358 739358 739358 739358 739358 739358 739358 739358 739358 739358 739358 739358 674171 634189 551799 446172 446172 352258 323914 303801 263228 186897 122626 108939 102223 82991 72982 52796 52796 52796 52796 52796 52796 52796 52796 52796 52796 52796 52796 17872 14350 14350 14350 14350 14350 11713 8536 8237 4410 4171 3948 2789 2783 2512 2470 1149 971 922 877 877 795 709 697 494 486 484
Geracao 286: 1497531 1497531 1497531 1497531 1497531 1497531 1497531 1497531 1497531 1497531 1497531 1497531 1497531 1497531 1497531 1497531 1497531 1497531 1497531 1497531 1497531 1497531 1497531 1497531 1497531 1497531 1497531 1497531 1497531 1497531 1497531 985973 985973 985973 985973 985973 739358 739358 739358 739358 739358 739358 739358 739358 739358 739358 739358 739358 739358 739358 439899 368197 368197 368197 352258 352258 352258 352258 352258 291605 282157 239940 239940 162941 161737 157314 151975 122626 107527 107527 107527 107527 107527 107527 107527 75228 68116 41772 36115 33750 22954 14350 10262 9295 9295 8765 7236 6614 6614 3801 2655 2576 2520 884 858 679 594 583 494 479
Geracao 287: 1497531 1497531 1497531 1497531 1497531 1497531 1497531 1497531 1497531 1497531 1497531 1497531 1497531 1497531 1497531 1497531 1497531 1497531 1497531 1497531 1497531 1497531 1497531 1497531 1497531 1497531 1497531 1497531 1497531 1497531 1497531 1497531 1497531 1497531 1497531 1497531 1497531 1497531 1497531 1497531 1497531 1497531 1497531 1497531 1497531 1497531 1497531 1497531 1497531 1497531 1497531 1497531 1497531 927666 663135 368197 368197 368197 368197 368197 352258 349645 239940 239940 192608 192608 192608 191072 175910 166238 161737 107527 107527 107527 68116 52397 51126 33568 15813 9295 4916 3010 2841 2723 2714 2419 1802 1517 954 896 702 679 679 679 679 649 513 474 442 373
Geracao 288: 1497531 1497531 1497531 1497531 1497531 1497531 1497531 1497531 1497531 1497531 1497531 1497531 1497531 1497531 1497531 1497531 1497531 1497531 1497531 1497531 1497531 1497531 1497531 1497531 1497531 1497531 1497531 1497531 1497531 1497531 1497531 1497531 1497531 1497531 1497531 1497531 1497531 1497531 1497531 1497531 1497531 1497531 1497531 1497531 424905 392104 368197 368197 368197 368197 368197 368197 352258 352258 352258 268649 239940 134216 108498 107527 107527 107527 107527 107527 89021 72567 72567 72567 72567 68116 68116 54729 44192 39087 33568 15813 9749 9295 9295 4641 2732 2565 2542 2531 2475 948 841 841 841 813 757 731 711 710 703 679 679 646 626 529
Geracao 289: 1497531 1497531 1497531 1497531 1497531 1497531 1497531 1497531 1497531 1497531 1497531 1497531 1497531 1497531 1497531 1497531 1497531 1497531 1497531 1497531 1497531 1497531 1497531 1497531 1497531 1497531 1497531 1497531 1497531 1497531 1497531 1497531 1497531 1497531 1497531 1497531 1497531 1497531 1497531 1497531 1497531 1497531 1497531 1497531 1497531 1497531 1497531 945547 680347 650284 603977 439899 368197 368197 368197 368197 368197 352258 282157 268772 251780 239940 239940 185073 161737 153272 153272 134073 107527 107527 68116 68116 44915 31948 22954 22954 15813 15813 9749 9749 9295 9295 9295 9256 4186 2952 2861 2814 2026 1802 807 727 679 679 679 571 536 463 448 448
Geracao 290: 1497531 1497531 1497531 1497531 1497531 1497531 1497531 1497531 1497531 1497531 1497531 1497531 1497531 1497531 1497531 1497531 1497531 1497531 1497531 1497531 1497531 1497531 1497531 1497531 1497531 1497531 1497531 1497531 1497531 1497531 1497531 1497531 1497531 1497531 1497531 1497531 1497531 1497531 1497531 1497531 1497531 1497531 1497531 1497531 1497531 1497531 1497531 1497531 563168 538484 507568 392104 368197 368197 368197 368197 352258 352258 334130 239940 192608 153272 132949 107527 107527 81648 72567 68116 68116 68116 54273 37601 33568 33568 22954 21264 9749 5902 3483 2868 2607 2519 2515 2512 2512 2415 1149 981 942 934 838 804 797 679 679 679 679 679 628 533
Geracao 291: 1497531 1497531 1497531 1497531 1497531 1497531 1497531 1497531 1497531 1497531 1497531 1497531 1497531 1497531 1497531 1497531 1497531 1497531 1497531 1497531 1497531 1497531 1497531 1497531 1497531 1497531 1497531 1497531 1497531 1497531 1497531 1497531 1497531 1497531 1497531 1497531 1497531 1497531 1497531 1497531 1497531 1497531 1497531 1497531 1497531 1497531 1497531 1497531 1497531 1497531 794292 565028 407252 368197 368197 368197 368197 368197 368197 368197 352258 320211 279165 161737 107527 107527 72567 72567 68116 54994 54729 54297 33568 33568 31586 28608 22954 22954 22954 9749 9749 9295 4272 2912 2907 2863 2519 2519 2512 1802 1701 1183 745 737 736 679 679 679 655 588
Geracao 292: 1497531 1497531 1497531 1497531 1497531 1497531 1497531 1497531 1497531 1497531 1497531 1497531 1497531 1497531 1497531 1497531 1497531 1497531 1497531 1497531 1497531 1497531 1497531 1497531 1497531 1497531 1497531 1497531 1497531 1497531 1497531 1497531 1497531 1497531 1497531 1497531 1497531 1497531 1497531 1497531 1497531 1497531 1497531 1497531 1497531 614401 612220 602430 517302 439899 424361 382990 368197 368197 352258 279208 239940 134792 121506 121506 121506 112134 107527 107527 96202 90517 77626 73631 68116 57952 43039 28763 22954 22954 22954 22077 17694 9749 9295 9295 5545 3482 2862 2701 2622 2591 2546 2468 2462 1242 718 679 679 679 679 661 622 580 554 525
Geracao 293: 1497531 1497531 1497531 1497531 1497531 1497531 1497531 1497531 1497531 1497531 1497531 1497531 1497531 1497531 1497531 1497531 1497531 1497531 1497531 1497531 1497531 1497531 1497531 1497531 1497531 1497531 1497531 1497531 1497531 1497531 1497531 1497531 1497531 1497531 1497531 1497531 1497531 1497531 1497531 1497531 1497531 1497531 1497531 1497531 1497531 1497531 1497531 1497531 1497531 1497531 1497531 1497531 1497531 1497531 1497531 1497531 1497531 1497531 945547 721405 606058 441186 368197 368197 368197 368197 368197 368197 352258 239940 239940 202076 188197 185390 161737 132423 107527 107527 107527 107527 76691 68116 31745 21264 9749 9295 6954 2984 2728 2635 2541 2527 702 702 679 679 676 638 578 566
Geracao 294: 1497531 1497531 1497531 1497531 1497531 1497531 1497531 1497531 1497531 1497531 1497531 1497531 1497531 1497531 1497531 1497531 1497531 1497531 1497531 1497531 1497531 1497531 1497531 1497531 1497531 1497531 1497531 1497531 1497531 1497531 1497531 1497531 1497531 1497531 1497531 1497531 1497531 1497531 1497531 1497531 1497531 1497531 1497531 1497531 1497531 1497531 1497531 1497531 1497531 1497531 859264 519162 407252 368197 368197 368197 368197 352258 352258 352258 352258 318389 282157 239940 239940 239940 162256 162256 162256 132949 107527 107527 107527 107527 107527 107527 77996 68116 54729 54233 45274 22954 15813 9749 9295 9295 9295 4674 2755 2511 2459 741 679 679 593 593 566 503 446 390
Geracao 295: 1497531 1497531 1497531 1497531 1497531 1497531 1497531 1497531 1497531 1497531 1497531 1497531 1497531 1497531 1497531 1497531 1497531 1497531 1497531 1497531 1497531 1497531 1497531 1497531 1497531 1497531 1497531 1497531 1497531 1497531 1497531 1497531 1497531 1497531 1497531 1497531 1497531 1497531 1497531 1497531 1497531 1497531 1497531 1497531 1497531 1497531 1497531 1497531 1497531 1497531 1497531 1497531 1497531 1497531 507568 439899 407252 380257 368197 368197 368197 368197 368197 368197 358083 352258 352258 239940 234368 107527 107527 107527 68116 68116 58034 56235 53939 22954 9749 9749 9295 9295 8659 4640 4494 4150 2684 2586 2417 2243 1698 1363 1246 905 688 679 679 614 609 429
Geracao 296: 1497531 1497531 1497531 1497531 1497531 1497531 1497531 1497531 1497531 1497531 1497531 1497531 1497531 1497531 1497531 1497531 1497531 1497531 1497531 1497531 1497531 1497531 1497531 1497531 1497531 1497531 1497531 1497531 1497531 1497531 1497531 1497531 1497531 1497531 1497531 1497531 1497531 1497531 1497531 1497531 1497531 1497531 1497531 1497531 1497531 1497531 1497531 1497531 1497531 1497531 1497531 1497531 1497531 1497531 650223 550326 392104 368197 368197 368197 368197 368197 368197 364353 352258 294237 279165 259265 239940 239940 222735 142691 130309 130309 107527 107527 107527 101400 88476 68116 54262 36115 33044 28576 22954 9295 9295 6859 5545 4679 3679 2846 2640 1807 1242 696 679 530 517 471
Geracao 297: 1497531 1497531 1497531 1497531 1497531 1497531 1497531 1497531 1497531 1497531 1497531 1497531 1497531 1497531 1497531 1497531 1497531 1497531 1497531 1497531 1497531 1497531 1497531 1497531 1497531 1497531 1497531 1497531 1497531 1497531 1497531 1497531 1497531 1497531 1497531 1497531 1497531 1497531 1497531 1497531 1497531 1497531 1497531 1497531 1497531 1497531 1497531 1497531 1497531 1497531 1497531 1497531 1497531 1497531 1497531 1497531 1497531 1497531 1497531 1497531 1497531 1497531 922251 895252 445350 439899 439899 424905 380257 368197 368197 368197 352258 352258 352258 286116 234368 234368 234368 145157 107527 107527 74417 68116 68116 68116 54369 18721 9295 6954 5180 3622 2803 2660 2538 1839 679 679 586 499
Geracao 298: 1497531 1497531 1497531 1497531 1497531 1497531 1497531 1497531 1497531 1497531 1497531 1497531 1497531 1497531 1497531 1497531 1497531 1497531 1497531 1497531 1497531 1497531 1497531 1497531 1497531 1497531 1497531 1497531 1497531 1497531 1497531 1497531 1497531 1497531 1497531 1497531 1497531 1497531 1497531 1497531 1497531 1497531 1497531 1497531 1497531 1497531 1497531 1497531 1497531 1497531 1497531 1497531 945547 477445 368197 368197 368197 352258 352258 239940 234368 234368 234368 159394 150484 130309 130309 107527 107527 107527 68116 46298 28113 13066 9749 9749 7166 5152 2542 2530 1242 688 679 679 679 679 679 679 673 620 533 533 533 525 465 462 460 450 410 402
Geracao 299: 1497531 1497531 1497531 1497531 1497531 1497531 1497531 1497531 1497531 1497531 1497531 1497531 1497531 1497531 1497531 1497531 1497531 1497531 1497531 1497531 1497531 1497531 1497531 1497531 1497531 1497531 1497531 1497531 1497531 1497531 1497531 1497531 1497531 1497531 1497531 1497531 1497531 1497531 1497531 1497531 1497531 1497531 1497531 1497531 1497531 1497531 1497531 1497531 1497531 1497531 1497531 1497531 1497531 1497531 1497531 1497531 1146350 945547 945547 945547 526444 368197 368197 352258 352258 267774 234368 168226 161737 138519 121060 114865 114865 107527 107527 107527 75232 68116 60218 46298 43647 15813 9749 3243 3021 2680 2533 679 679 679 679 676 676 676 610 533 479 473 437 419
Geracao 300: 1497531 1497531 1497531 1497531 1497531 1497531 1497531 1497531 1497531 1497531 1497531 1497531 1497531 1497531 1497531 1497531 1497531 1497531 1497531 1497531 1497531 1497531 1497531 1497531 1497531 1497531 1497531 1497531 1497531 1497531 1497531 1497531 1497531 1497531 1497531 1497531 1497531 1497531 1497531 1497531 1497531 1497531 1497531 1497531 1497531 1497531 1497531 1497531 1497531 1497531 1497531 1497531 516433 498098 439899 368197 368197 368197 368197 368197 368197 368197 358083 352258 282488 279165 239940 239940 148458 107527 107527 107527 101442 96580 72567 68116 68116 68116 54729 30325 22954 18038 16412 8250 6262 6262 4641 3034 2901 2841 2555 1670 910 679 679 639 602 545 423 386
Geracao 301: 1497531 1497531 1497531 1497531 1497531 1497531 1497531 1497531 1497531 1497531 1497531 1497531 1497531 1497531 1497531 1497531 1497531 1497531 1497531 1497531 1497531 1497531 1497531 1497531 1497531 1497531 1497531 1497531 1497531 1497531 1497531 1497531 1497531 1497531 1497531 1497531 1497531 1497531 1497531 1497531 1497531 1497531 1497531 1497531 1497531 1497531 1497531 1497531 1497531 1497531 1497531 1497531 1497531 1497531 1497531 1497531 1497531 1497531 1497531 1497531 556905 385534 368197 368197 282157 232221 166406 151731 130309 130309 107527 81996 68116 62961 35299 32970 22954 15813 9295 9295 9295 9295 6262 4641 2819 2796 2768 2768 2512 679 679 679 679 594 480 472 468 468 449 384
Geracao 302: 1497531 1497531 1497531 1497531 1497531 1497531 1497531 1497531 1497531 1497531 1497531 1497531 1497531 1497531 1497531 1497531 1497531 1497531 1497531 1497531 1497531 1497531 1497531 1497531 1497531 1497531 1497531 1497531 1497531 1497531 1497531 1497531 1497531 1497531 1497531 1497531 1497531 1497531 1497531 1497531 1497531 1497531 1497531 1497531 1497531 1497531 1497531 1497531 1497531 1497531 1497531 1497531 1497531 1497531 1497531 1497531 1497531 1497531 1497531 1497531 1497531 507568 406879 392104 368197 368197 368197 368197 368197 368197 352258 352258 290176 239940 239940 239940 107527 107527 107527 107527 68116 68116 28576 22954 22954 5438 4641 2784 2770 2633 2543 2398 723 679 679 676 579 536 434 422
Geracao 303: 1497531 1497531 1497531 1497531 1497531 1497531 1497531 1497531 1497531 1497531 1497531 1497531 1497531 1497531 1497531 1497531 1497531 1497531 1497531 1497531 1497531 1497531 1497531 1497531 1497531 1497531 1497531 1497531 1497531 1497531 1497531 1497531 1497531 1497531 1497531 1497531 1497531 1497531 1497531 1497531 1497531 1497531 1497531 1497531 1497531 1497531 1497531 1497531 1497531 1497531 1497531 1497531 407364 368197 368197 368197 368197 368197 368197 368197 352258 290176 282488 245179 239940 239940 192608 161737 107527 107527 107527 107527 107527 107527 82901 79837 68116 54633 39120 15813 12702 9749 9438 9295 8783 8783 6262 6262 5638 2567 2517 2407 2243 2185 679 679 602 566 492 460
Geracao 304: 1497531 1497531 1497531 1497531 1497531 1497531 1497531 1497531 1497531 1497531 1497531 1497531 1497531 1497531 1497531 1497531 1497531 1497531 1497531 1497531 1497531 1497531 1497531 1497531 1497531 1497531 1497531 1497531 1497531 1497531 1497531 1497531 1497531 1497531 1497531 1497531 1497531 1497531 1497531 1497531 1497531 1497531 1497531 1497531 1497531 1497531 1497531 1497531 1497531 1497531 1497531 1497531 1497531 1497531 1497531 1497531 1497531 1497531 1497531 1497531 1497531 1497531 368197 368197 368197 368197 352258 350156 239940 239940 239940 161737 107527 107527 107343 106437 54729 45274 15813 9295 9295 6262 5748 4679 3976 2593 1198 1181 727 715 687 679 679 676 643 634 519 519 469 406
Geracao 305: 1497531 1497531 1497531 1497531 1497531 1497531 1497531 1497531 1497531 1497531 1497531 1497531 1497531 1497531 1497531 1497531 1497531 1497531 1497531 1497531 1497531 1497531 1497531 1497531 1497531 1497531 1497531 1497531 1497531 1497531 1497531 1497531 1497531 1497531 1497531 1497531 1497531 1497531 1497531 1497531 1497531 1497531 1497531 1497531 1497531 1497531 1497531 1497531 1497531 1497531 1497531 1497531 1497531 1497531 1497531 1497531 1497531 945547 422381 368197 368197 368197 368197 368197 352258 239940 197048 130309 107527 107527 107527 107527 68116 54175 31736 26728 9295 9295 6262 6262 5438 2809 2806 2577 2577 2540 1560 982 980 939 844 702 695 679 679 676 676 566 551 494
Geracao 306: 1497531 1497531 1497531 1497531 1497531 1497531 1497531 1497531 1497531 1497531 1497531 1497531 1497531 1497531 1497531 1497531 1497531 1497531 1497531 1497531 1497531 1497531 1497531 1497531 1497531 1497531 1497531 1497531 1497531 1497531 1497531 1497531 1497531 1497531 1497531 1497531 1497531 1497531 1497531 1497531 1497531 1497531 1497531 1497531 1497531 1497531 1497531 1497531 1497531 1497531 1497531 1497531 1497531 1497531 1497531 1497531 1497531 674122 449935 439899 368197 368197 368197 368197 368197 368197 368197 322621 290176 285281 168817 107527 83613 82255 28876 25375 22954 20077 15813 15813 15813 9749 9749 9295 6262 5152 3909 2603 2543 2522 1802 1612 1242 931 679 679 676 550 516 404
Geracao 307: 1497531 1497531 1497531 1497531 1497531 1497531 1497531 1497531 1497531 1497531 1497531 1497531 1497531 1497531 1497531 1497531 1497531 1497531 1497531 1497531 1497531 1497531 1497531 1497531 1497531 1497531 1497531 1497531 1497531 1497531 1497531 1497531 1497531 1497531 1497531 1497531 1497531 1497531 1497531 1497531 1497531 1497531 1497531 1497531 1497531 1497531 1497531 1497531 1497531 1497531 1497531 1497531 638061 439899 368197 368197 368197 368197 368197 368197 368197 368197 352258 352258 282157 239940 239940 180515 110607 110545 107527 107527 107527 46964 29939 27949 22954 16531 15813 9749 9749 9295 6262 5564 3611 3132 2726 2707 2690 2686 2416 702 679 676 676 619 498 498 404 331
Geracao 308: 1497531 1497531 1497531 1497531 1497531 1497531 1497531 1497531 1497531 1497531 1497531 1497531 1497531 1497531 1497531 1497531 1497531 1497531 1497531 1497531 1497531 1497531 1497531 1497531 1497531 1497531 1497531 1497531 1497531 1497531 1497531 1497531 1497531 1497531 1497531 1497531 1497531 1497531 1497531 1497531 1497531 1497531 1497531 1497531 1497531 1497531 1497531 1497531 1497531 1497531 1497531 945547 791350 477445 468332 403894 368197 368197 368197 368197 352258 352258 352258 352258 244295 239940 239940 180515 168235 107527 107527 107527 107527 67638 54209 46298 40294 22954 16758 9749 6954 6262 5723 4817 3872 2806 2779 2706 2434 2403 2361 1242 735 679 679 498 498 498 495 424
Geracao 309: 1497531 1497531 1497531 1497531 1497531 1497531 1497531 1497531 1497531 1497531 1497531 1497531 1497531 1497531 1497531 1497531 1497531 1497531 1497531 1497531 1497531 1497531 1497531 1497531 1497531 1497531 1497531 1497531 1497531 1497531 1497531 1497531 1497531 1497531 1497531 1497531 1497531 1497531 1497531 1497531 1497531 1497531 1497531 1497531 1497531 1497531 1497531 1497531 1497531 718093 612340 507568 507568 507568 368197 368197 368197 368197 352258 343596 311677 271413 244295 241844 161737 161737 161737 107527 107527 80280 75927 22954 22580 11944 9295 9295 6262 6262 4679 2820 2760 2655 2364 2103 2004 1273 1105 963 856 752 685 676 676 605 605 563 539 519 489 390
Geracao 310: 1497531 1497531 1497531 1497531 1497531 1497531 1497531 1497531 1497531 1497531 1497531 1497531 1497531 1497531 1497531 1497531 1497531 1497531 1497531 1497531 1497531 1497531 1497531 1497531 1497531 1497531 1497531 1497531 1497531 1497531 1497531 1497531 1497531 1497531 1497531 1497531 1497531 1497531 1497531 1497531 1497531 1497531 1497531 1497531 1497531 1497531 1497531 1497531 1497531 1497531 1497531 1497531 1497531 1497531 622386 507568 380257 380257 368197 352258 352258 324202 314239 239940 161737 161737 161737 161737 161737 161737 161737 161737 156997 106102 105997 86928 54549 54291 43302 10588 9295 9295 7783 4679 3232 2713 2683 2642 2445 2379 772 690 679 679 676 605 605 531 443 398
Geracao 311: 1497531 1497531 1497531 1497531 1497531 1497531 1497531 1497531 1497531 1497531 1497531 1497531 1497531 1497531 1497531 1497531 1497531 1497531 1497531 1497531 1497531 1497531 1497531 1497531 1497531 1497531 1497531 1497531 1497531 1497531 1497531 1497531 1497531 1497531 1497531 1497531 1497531 1497531 1497531 1497531 1497531 1497531 1497531 1497531 1497531 1497531 1497531 1497531 1497531 1497531 1497531 1497531 1497531 1497531 1497531 1497531 1497531 1138535 933239 612340 517302 507568 352258 352258 301088 244295 244295 244295 244295 228206 193155 161737 161737 161737 115348 105382 54936 22954 22954 6262 6262 4891 4641 2792 2720 2583 2499 2484 2418 724 679 679 679 679 679 616 540 538 523 440
Geracao 312: 1497531 1497531 1497531 1497531 1497531 1497531 1497531 1497531 1497531 1497531 1497531 1497531 1497531 1497531 1497531 1497531 1497531 1497531 1497531 1497531 1497531 1497531 1497531 1497531 1497531 1497531 1497531 1497531 1497531 1497531 1497531 1497531 1497531 1497531 1497531 1497531 1497531 1497531 1497531 1497531 1497531 1497531 1497531 1497531 1497531 1497531 1497531 1497531 1497531 1497531 1497531 1497531 1497531 1497531 1497531 1497531 1497531 1497531 507568 507568 507568 368197 368197 352258 352258 350006 319033 244295 224351 199599 188972 161737 161737 161737 161737 144590 106347 56084 54737 53896 9295 6262 5680 4225 3089 2511 2500 1902 679 679 679 679 643 643 620 579 579 536 459 448
Geracao 313: 1497531 1497531 1497531 1497531 1497531 1497531 1497531 1497531 1497531 1497531 1497531 1497531 1497531 1497531 1497531 1497531 1497531 1497531 1497531 1497531 1497531 1497531 1497531 1497531 1497531 1497531 1497531 1497531 1497531 1497531 1497531 1497531 1497531 1497531 1497531 1497531 1497531 1497531 1497531 1497531 1497531 1497531 1497531 1497531 1497531 1497531 1497531 1497531 984521 670268 579091 558603 517302 507568 507568 507568 507568 507568 380257 352258 352258 350006 350006 244295 244295 244295 216993 161737 161737 161737 161737 161737 132597 83445 44347 37842 22954 15813 15813 11829 9295 9295 9295 4907 4068 2757 2722 2667 2519 2491 1202 769 730 701 701 679 612 582 579 579
Geracao 314: 1497531 1497531 1497531 1497531 1497531 1497531 1497531 1497531 1497531 1497531 1497531 1497531 1497531 1497531 1497531 1497531 1497531 1497531 1497531 1497531 1497531 1497531 1497531 1497531 1497531 1497531 1497531 1497531 1497531 1497531 1497531 1497531 1497531 1497531 1497531 1497531 1497531 1497531 1497531 1497531 1497531 1497531 1497531 1497531 1497531 1497531 1497531 1497531 1497531 1497531 1497531 1497531 1304515 639129 525239 517302 517302 507568 368197 368197 357095 352258 352258 352258 290176 161737 161737 161737 54341 31922 22954 22954 22954 11816 10263 9295 6954 6262 6262 5680 4694 3002 2848 2819 2793 2723 2701 706 706 705 702 679 679 679 496 475 456 372 372 316
Geracao 315: 1497531 1497531 1497531 1497531 1497531 1497531 1497531 1497531 1497531 1497531 1497531 1497531 1497531 1497531 1497531 1497531 1497531 1497531 1497531 1497531 1497531 1497531 1497531 1497531 1497531 1497531 1497531 1497531 1497531 1497531 1497531 1497531 1497531 1497531 1497531 1497531 1497531 1497531 1497531 1497531 1497531 1497531 1497531 1497531 1497531 1497531 1497531 1497531 1497531 1497531 1497531 1497531 1497531 1497531 1497531 517302 507568 507568 507568 407252 368197 368197 368197 352258 351465 228256 161737 161737 161737 161737 161737 161737 161737 138540 134073 114865 106488 74149 36115 36046 25863 22954 22954 22797 6590 5485 2785 2541 2518 2412 907 799 679 679 679 640 631 562 529 374
Geracao 316: 1497531 1497531 1497531 1497531 1497531 1497531 1497531 1497531 1497531 1497531 1497531 1497531 1497531 1497531 1497531 1497531 1497531 1497531 1497531 1497531 1497531 1497531 1497531 1497531 1497531 1497531 1497531 1497531 1497531 1497531 1497531 1497531 1497531 1497531 1497531 1497531 1497531 1497531 1497531 1497531 1497531 1497531 1497531 1497531 1497531 1497531 1497531 1497531 1497531 1497531 1497531 1497531 1497531 1497531 1497531 1497531 1497531 1304515 1304515 1304515 1304515 517302 407252 380257 380257 352258 352258 352258 352258 244295 161737 161737 161737 161737 86928 55055 32504 22954 22954 17754 10340 9295 9295 8820 4039 2901 2648 2595 2519 1705 679 679 679 679 679 676 610 591 553 540
Geracao 317: 1497531 1497531 1497531 1497531 1497531 1497531 1497531 1497531 1497531 1497531 1497531 1497531 1497531 1497531 1497531 1497531 1497531 1497531 1497531 1497531 1497531 1497531 1497531 1497531 1497531 1497531 1497531 1497531 1497531 1497531 1497531 1497531 1497531 1497531 1497531 1497531 1497531 1497531 1497531 1497531 1497531 1497531 1497531 1497531 1497531 1497531 1497531 1497531 1497531 1497531 717146 414198 380257 380257 380257 380257 352258 352258 352258 352258 304173 242421 221111 161737 161737 161737 159394 31915 22954 15813 9295 9295 9295 7703 5680 5097 2956 2881 2755 2693 2692 2687 2651 2506 2499 2479 1436 910 842 760 757 745 745 738 725 706 686 679 679 679
Geracao 318: 1497531 1497531 1497531 1497531 1497531 1497531 1497531 1497531 1497531 1497531 1497531 1497531 1497531 1497531 1497531 1497531 1497531 1497531 1497531 1497531 1497531 1497531 1497531 1497531 1497531 1497531 1497531 1497531 1497531 1497531 1497531 1497531 1497531 1497531 1497531 1497531 1497531 1497531 1497531 1497531 1497531 1497531 1497531 1497531 1497531 1497531 1497531 1497531 1497531 1497531 866425 517302 507568 507568 352258 244295 244295 244295 244295 244295 188786 177418 161737 161737 135077 132317 96352 47035 45725 28130 22954 15813 11733 9749 9295 6078 5618 4039 2897 2897 2855 2651 2580 2534 1658 699 679 676 676 676 676 676 676 663 646 613 569 561 538 520
Geracao 319: 1497531 1497531 1497531 1497531 1497531 1497531 1497531 1497531 1497531 1497531 1497531 1497531 1497531 1497531 1497531 1497531 1497531 1497531 1497531 1497531 1497531 1497531 1497531 1497531 1497531 1497531 1497531 1497531 1497531 1497531 1497531 1497531 1497531 1497531 1497531 1497531 1497531 1497531 1497531 1497531 1497531 1497531 1497531 1497531 1497531 1497531 1497531 1497531 1497531 1497531 1497531 1497531 1497531 1497531 1497531 1497531 1497531 1497531 1497531 1497531 1497531 1497531 1497531 1497531 1497531 529925 517302 517302 392104 380257 350006 295709 244295 161737 161737 28505 25778 15813 9749 9295 4469 3705 2948 2597 2552 2515 2483 2374 2374 785 710 710 679 679 679 679 679 614 550 512
Geracao 320: 1497531 1497531 1497531 1497531 1497531 1497531 1497531 1497531 1497531 1497531 1497531 1497531 1497531 1497531 1497531 1497531 1497531 1497531 1497531 1497531 1497531 1497531 1497531 1497531 1497531 1497531 1497531 1497531 1497531 1497531 1497531 1497531 1497531 1497531 1497531 1497531 1497531 1497531 1497531 1497531 1497531 1497531 1497531 1497531 1497531 1497531 1497531 1497531 1497531 1497531 1497531 1497531 1497531 1497531 1497531 1497531 1497531 517302 507568 507568 422101 406879 393269 380257 380257 380257 368197 352258 352258 352258 289261 203226 203226 171693 161737 161737 161737 109865 74850 65490 47439 33294 18002 9295 8110 2625 2616 2612 2567 869 869 679 679 679 679 676 666 553 512 413
Geracao 321: 1497531 1497531 1497531 1497531 1497531 1497531 1497531 1497531 1497531 1497531 1497531 1497531 1497531 1497531 1497531 1497531 1497531 1497531 1497531 1497531 1497531 1497531 1497531 1497531 1497531 1497531 1497531 1497531 1497531 1497531 1497531 1497531 1497531 1497531 1497531 1497531 1497531 1497531 1497531 1497531 1497531 1497531 1497531 1497531 1497531 1497531 1497531 1497531 1497531 1304515 899352 525802 517302 507568 507568 392104 380257 380257 380257 380257 352258 164421 161737 161737 125107 56245 55055 54994 25037 22954 22954 22954 22954 9295 8856 7385 4379 3941 2648 2589 2584 2457 2363 2190 1509 924 742 702 679 679 679 676 642 575 551 551 551 518 469 411
Geracao 322: 1497531 1497531 1497531 1497531 1497531 1497531 1497531 1497531 1497531 1497531 1497531 1497531 1497531 1497531 1497531 1497531 1497531 1497531 1497531 1497531 1497531 1497531 1497531 1497531 1497531 1497531 1497531 1497531 1497531 1497531 1497531 1497531 1497531 1497531 1497531 1497531 1497531 1497531 1497531 1497531 1497531 1497531 1497531 1497531 1497531 1497531 1497531 1497531 1497531 1497531 1497531 517302 507568 392104 380257 380257 352258 352258 339548 289261 271504 244295 244295 244295 161737 161737 148606 97038 66825 57435 54487 54487 54487 54487 29288 28348 24996 22954 9295 6483 5977 5680 5680 5680 5568 2648 2543 2487 2438 2438 2369 2244 1978 1625 733 679 679 679 654 366
Geracao 323: 1497531 1497531 1497531 1497531 1497531 1497531 1497531 1497531 1497531 1497531 1497531 1497531 1497531 1497531 1497531 1497531 1497531 1497531 1497531 1497531 1497531 1497531 1497531 1497531 1497531 1497531 1497531 1497531 1497531 1497531 1497531 1497531 1497531 1497531 1497531 1497531 1497531 1497531 1497531 1497531 1497531 1497531 1497531 1497531 1497531 1497531 1497531 1497531 1497531 1497531 1497531 1497531 1497531 1497531 1497531 1497531 1497531 1497531 1497531 1497531 1497531 1314571 517302 517302 507568 352258 352258 288067 244295 244295 161737 161737 161737 161737 54487 54487 22954 21729 16995 16626 9295 3368 3153 2938 2791 2791 2791 2644 2438 809 809 793 702 702 702 671 509 509 500 477
Geracao 324: 1497531 1497531 1497531 1497531 1497531 1497531 1497531 1497531 1497531 1497531 1497531 1497531 1497531 1497531 1497531 1497531 1497531 1497531 1497531 1497531 1497531 1497531 1497531 1497531 1497531 1497531 1497531 1497531 1497531 1497531 1497531 1497531 1497531 1497531 1497531 1497531 1497531 1497531 1497531 1497531 1497531 1497531 1497531 1497531 1497531 1497531 1497531 1497531 1497531 1497531 1497531 1497531 1497531 1497531 1497531 1497531 1497531 653378 517302 517302 507568 424905 396081 380257 380257 380257 352258 352258 352258 331315 284549 190053 185074 161737 161737 158197 81540 54487 54487 54487 14850 14850 9295 9295 4674 2951 2575 2543 2518 862 854 819 809 809 773 703 702 702 637 493
Geracao 325: 1497531 1497531 1497531 1497531 1497531 1497531 1497531 1497531 1497531 1497531 1497531 1497531 1497531 1497531 1497531 1497531 1497531 1497531 1497531 1497531 1497531 1497531 1497531 1497531 1497531 1497531 1497531 1497531 1497531 1497531 1497531 1497531 1497531 1497531 1497531 1497531 1497531 1497531 1497531 1497531 1497531 1497531 1497531 1497531 1497531 1497531 1497531 1497531 1497531 1497531 1497531 1497531 1497531 730026 623213 352258 352258 350006 244295 161737 161737 161737 161737 101924 70681 54487 53188 53188 53188 30541 22954 22954 20207 9749 9295 6557 5152 4276 4114 3995 2708 2586 2475 2462 2458 2418 858 732 702 702 702 702 702 679 679 679 679 496 496 407
Geracao 326: 1497531 1497531 1497531 1497531 1497531 1497531 1497531 1497531 1497531 1497531 1497531 1497531 1497531 1497531 1497531 1497531 1497531 1497531 1497531 1497531 1497531 1497531 1497531 1497531 1497531 1497531 1497531 1497531 1497531 1497531 1497531 1497531 1497531 1497531 1497531 1497531 1497531 1497531 1497531 1497531 1497531 1497531 1497531 1497531 1497531 1497531 1497531 1497531 1304515 599559 507568 497674 418354 407252 392104 352258 352258 246901 244295 244295 244295 224482 218525 181629 174571 164160 161737 161737 161737 161737 161737 161737 54487 53188 30801 15813 9295 7085 5693 4426 4081 2839 2578 2453 2326 1779 679 679 679 679 679 679 679 623 623 602 564 551 467 452
Geracao 327: 1497531 1497531 1497531 1497531 1497531 1497531 1497531 1497531 1497531 1497531 1497531 1497531 1497531 1497531 1497531 1497531 1497531 1497531 1497531 1497531 1497531 1497531 1497531 1497531 1497531 1497531 1497531 1497531 1497531 1497531 1497531 1497531 1497531 1497531 1497531 1497531 1497531 1497531 1497531 1497531 1497531 1497531 1497531 1497531 1497531 1497531 1497531 1497531 1497531 1497531 1497531 1497531 1497531 1497531 599559 507568 455125 407252 289261 289261 244295 244295 244295 244295 198333 161737 161737 161737 161737 155832 112620 103276 70343 57592 54487 45361 32621 22954 10340 9295 9295 9295 9295 7563 5197 2839 2781 2761 2439 2430 2419 735 702 679 676 514 496 496 417 410
Geracao 328: 1497531 1497531 1497531 1497531 1497531 1497531 1497531 1497531 1497531 1497531 1497531 1497531 1497531 1497531 1497531 1497531 1497531 1497531 1497531 1497531 1497531 1497531 1497531 1497531 1497531 1497531 1497531 1497531 1497531 1497531 1497531 1497531 1497531 1497531 1497531 1497531 1497531 1497531 1497531 1497531 1497531 1497531 1497531 1497531 1497531 1497531 1497531 1497531 1497531 1497531 1497531 1497531 1497531 1497531 1497531 1497531 1497531 1497531 812596 599559 507568 422101 368197 368197 352258 215663 177290 177290 161737 161737 161737 161737 58846 24889 22954 22954 21822 9295 9295 5618 4420 2828 2814 2628 2460 2424 1977 1123 791 679 661 661 661 661 549 546 522 516 360 341
Geracao 329: 1497531 1497531 1497531 1497531 1497531 1497531 1497531 1497531 1497531 1497531 1497531 1497531 1497531 1497531 1497531 1497531 1497531 1497531 1497531 1497531 1497531 1497531 1497531 1497531 1497531 1497531 1497531 1497531 1497531 1497531 1497531 1497531 1497531 1497531 1497531 1497531 1497531 1497531 1497531 1497531 1497531 1497531 1497531 1497531 1497531 1497531 1497531 1497531 1497531 1497531 1497531 1497531 1497531 1497531 1497531 1497531 1497531 1497531 1497531 1497531 650284 407252 368197 368197 368197 368197 352258 161737 161737 161737 161737 161737 161737 161737 134096 112620 72403 64820 54195 32509 9295 9295 5075 4674 2993 2601 2524 893 785 729 709 694 642 536 528 525 525 525 525 522
Geracao 330: 1497531 1497531 1497531 1497531 1497531 1497531 1497531 1497531 1497531 1497531 1497531 1497531 1497531 1497531 1497531 1497531 1497531 1497531 1497531 1497531 1497531 1497531 1497531 1497531 1497531 1497531 1497531 1497531 1497531 1497531 1497531 1497531 1497531 1497531 1497531 1497531 1497531 1497531 1497531 1497531 1497531 1497531 1497531 1497531 1497531 1497531 1497531 1497531 1497531 1497531 1497531 1497531 1497531 1497531 1497531 1497531 1497531 1497531 524351 441244 382904 368197 368197 352258 352258 352258 161737 161737 161737 161737 69097 56245 22954 9295 9295 9295 9069 6868 3598 2685 2594 2584 1487 861 783 702 702 702 676 676 662 607 590 552 551 519 440 397 369 310
Geracao 331: 1497531 1497531 1497531 1497531 1497531 1497531 1497531 1497531 1497531 1497531 1497531 1497531 1497531 1497531 1497531 1497531 1497531 1497531 1497531 1497531 1497531 1497531 1497531 1497531 1497531 1497531 1497531 1497531 1497531 1497531 1497531 1497531 1497531 1497531 1497531 1497531 1497531 1497531 1497531 1497531 1497531 1497531 1497531 1497531 1497531 1497531 507568 507568 483498 424905 412862 382904 370898 368197 368197 368197 367820 352258 352258 352258 312477 182007 176174 161737 161737 161737 22954 10961 9295 9295 6954 4546 2751 2655 2597 2451 2390 812 777 753 702 702 702 702 702 702 702 702 686 676 676 673 649 636 556 555 537 487 426 414
Geracao 332: 1497531 1497531 1497531 1497531 1497531 1497531 1497531 1497531 1497531 1497531 1497531 1497531 1497531 1497531 1497531 1497531 1497531 1497531 1497531 1497531 1497531 1497531 1497531 1497531 1497531 1497531 1497531 1497531 1497531 1497531 1497531 1497531 1497531 1497531 1497531 1497531 1497531 1497531 1497531 1497531 1497531 1497531 1497531 1497531 1497531 1497531 1497531 1497531 1497531 1497531 1497531 1497531 1497531 1497531 1497531 1497531 726803 612220 507568 507568 466239 452854 368197 368197 368197 368197 368197 352258 265528 219644 161737 161737 161737 112314 98288 58846 54316 9553 9295 9295 9295 6744 4964 4303 2614 1710 911 775 766 766 718 706 676 614 584 578 549 544 512 494
Geracao 333: 1497531 1497531 1497531 1497531 1497531 1497531 1497531 1497531 1497531 1497531 1497531 1497531 1497531 1497531 1497531 1497531 1497531 1497531 1497531 1497531 1497531 1497531 1497531 1497531 1497531 1497531 1497531 1497531 1497531 1497531 1497531 1497531 1497531 1497531 1497531 1497531 1497531 1497531 1497531 1497531 1497531 1497531 1497531 1497531 1497531 1497531 1497531 1497531 1497531 1497531 1497531 1497531 1497531 1497531 1497531 1497531 1497531 822300 622562 368197 368197 368197 368197 366952 352258 352258 352258 279208 173496 161737 161737 161737 158746 60130 58846 22954 15685 9553 9295 9295 4678 4606 3049 2779 2769 2736 1710 785 712 702 702 702 680 679 602 578 578 546 496 402
Geracao 334: 1497531 1497531 1497531 1497531 1497531 1497531 1497531 1497531 1497531 1497531 1497531 1497531 1497531 1497531 1497531 1497531 1497531 1497531 1497531 1497531 1497531 1497531 1497531 1497531 1497531 1497531 1497531 1497531 1497531 1497531 1497531 1497531 1497531 1497531 1497531 1497531 1497531 1497531 1497531 1497531 1497531 1497531 1497531 1497531 1497531 1497531 1497531 368197 368197 368197 368197 368197 352258 341126 307270 192850 161737 161737 161737 161737 161737 161737 161737 161737 161737 157314 157314 132597 112314 58846 56245 28100 24371 22954 22954 15813 10435 9295 9295 9069 6590 4678 4625 2796 2470 1564 902 827 694 573 555 555 546 534 520 489 477 442 299 290
Geracao 335: 1497531 1497531 1497531 1497531 1497531 1497531 1497531 1497531 1497531 1497531 1497531 1497531 1497531 1497531 1497531 1497531 1497531 1497531 1497531 1497531 1497531 1497531 1497531 1497531 1497531 1497531 1497531 1497531 1497531 1497531 1497531 1497531 1497531 1497531 1497531 1497531 1497531 1497531 1497531 1497531 1497531 1497531 1497531 1497531 1497531 1497531 1497531 1497531 1497531 1497531 614401 599559 507568 507568 473106 422101 368197 368197 352258 352258 352258 352258 161737 161737 161737 161737 158197 36317 29522 22954 22954 15813 15813 15813 11307 10435 9553 9553 6590 5662 5662 5662 5662 2714 2670 1208 1118 799 799 762 743 721 663 622 622 622 616 564 555 452
Geracao 336: 1497531 1497531 1497531 1497531 1497531 1497531 1497531 1497531 1497531 1497531 1497531 1497531 1497531 1497531 1497531 1497531 1497531 1497531 1497531 1497531 1497531 1497531 1497531 1497531 1497531 1497531 1497531 1497531 1497531 1497531 1497531 1497531 1497531 1497531 1497531 1497531 1497531 1497531 1497531 1497531 1497531 1497531 1497531 1497531 1497531 1497531 1497531 1497531 650284 513098 441244 368197 368197 368197 317340 275330 259183 161737 161737 161737 161737 161737 161737 157314 144577 114865 22954 15813 13378 10095 9295 6590 6590 6590 5968 5662 5662 5662 5662 4741 4741 3631 2496 2377 1539 1248 914 859 778 706 702 625 624 622 622 622 596 555 489 488
Geracao 337: 1497531 1497531 1497531 1497531 1497531 1497531 1497531 1497531 1497531 1497531 1497531 1497531 1497531 1497531 1497531 1497531 1497531 1497531 1497531 1497531 1497531 1497531 1497531 1497531 1497531 1497531 1497531 1497531 1497531 1497531 1497531 1497531 1497531 1497531 1497531 1497531 1497531 1497531 1497531 1497531 1497531 1497531 1497531 1497531 1497531 1497531 871172 650284 599559 507568 385000 368197 368197 368197 368197 368197 368197 366952 366952 366952 352258 327175 175691 161737 161737 161737 161737 161737 161737 161737 161737 157314 157314 157314 124041 113384 112314 88476 66825 27531 18761 9295 9295 9295 5662 5662 3244 2866 2853 2481 2463 1312 769 743 642 623 622 622 591 555
Geracao 338: 1497531 1497531 1497531 1497531 1497531 1497531 1497531 1497531 1497531 1497531 1497531 1497531 1497531 1497531 1497531 1497531 1497531 1497531 1497531 1497531 1497531 1497531 1497531 1497531 1497531 1497531 1497531 1497531 1497531 1497531 1497531 1497531 1497531 1497531 1497531 1497531 1497531 1497531 1497531 1497531 1497531 1497531 1497531 1497531 1497531 1497531 1497531 1497531 1497531 1497531 1497531 1497531 1497531 1497531 1497531 612220 470137 368197 368197 368197 368197 352258 352258 161737 161737 157314 112314 40386 32509 25359 22954 22954 18761 9295 9295 9039 6954 6237 5662 3676 2710 2678 2668 2611 2516 2514 2099 2046 1015 996 863 838 799 787 753 665 622 619 619 520
Geracao 339: 1497531 1497531 1497531 1497531 1497531 1497531 1497531 1497531 1497531 1497531 1497531 1497531 1497531 1497531 1497531 1497531 1497531 1497531 1497531 1497531 1497531 1497531 1497531 1497531 1497531 1497531 1497531 1497531 1497531 1497531 1497531 1497531 1497531 1497531 1497531 1497531 1497531 1497531 1497531 1497531 1497531 1497531 1497531 1497531 1497531 1497531 1497531 1497531 1497531 1497531 1497531 1497531 1497531 1497531 1497531 1497531 1497531 1497531 1497531 1497531 1497531 1497531 1497531 1497531 578513 507568 368197 368197 368197 368197 352258 352258 352258 279208 208873 161737 161737 157314 143054 117454 94848 53013 48757 22787 12211 9295 9295 9069 9069 4641 1901 828 748 685 675 643 619 561 473 446
Geracao 340: 1497531 1497531 1497531 1497531 1497531 1497531 1497531 1497531 1497531 1497531 1497531 1497531 1497531 1497531 1497531 1497531 1497531 1497531 1497531 1497531 1497531 1497531 1497531 1497531 1497531 1497531 1497531 1497531 1497531 1497531 1497531 1497531 1497531 1497531 1497531 1497531 1497531 1497531 1497531 1497531 1497531 1497531 1497531 1497531 1497531 1497531 1497531 1497531 1497531 1497531 1497531 1497531 1497531 1497531 1497531 507568 392104 385569 368197 368197 368197 368197 368197 368197 368197 368197 352258 352258 352258 311298 270322 161737 161737 157314 157314 157314 85507 78936 55055 54518 10435 4641 4063 2796 2731 2660 2526 2525 787 787 787 654 631 619 619 559 538 446 331 318
Geracao 341: 1497531 1497531 1497531 1497531 1497531 1497531 1497531 1497531 1497531 1497531 1497531 1497531 1497531 1497531 1497531 1497531 1497531 1497531 1497531 1497531 1497531 1497531 1497531 1497531 1497531 1497531 1497531 1497531 1497531 1497531 1497531 1497531 1497531 1497531 1497531 1497531 1497531 1497531 1497531 1497531 1497531 1497531 1497531 1497531 1497531 1497531 1497531 1497531 1497531 1497531 1497531 1497531 1497531 1497531 1497531 1497531 1497531 1497531 1497531 1497531 1497531 392104 368197 368197 368197 362346 352258 198124 178848 161737 161737 161737 161737 161737 112314 91856 54158 28374 23165 22954 15813 9295 6859 6590 4674 2626 2597 2597 2597 886 829 799 763 758 707 633 544 537 520 362
Geracao 342: 1497531 1497531 1497531 1497531 1497531 1497531 1497531 1497531 1497531 1497531 1497531 1497531 1497531 1497531 1497531 1497531 1497531 1497531 1497531 1497531 1497531 1497531 1497531 1497531 1497531 1497531 1497531 1497531 1497531 1497531 1497531 1497531 1497531 1497531 1497531 1497531 1497531 1497531 1497531 1497531 1497531 1497531 1497531 1497531 1497531 1497531 1497531 1497531 1497531 1497531 1497531 1497531 1497531 1497531 1497531 1497531 1497531 1497531 1497531 1497531 1497531 1497531 1497531 599559 503375 368197 368197 368197 352258 352258 352258 161737 161737 161737 161737 161737 161737 94848 94848 58550 55055 22954 22954 10435 5498 3659 2679 2659 2621 2371 1048 814 656 656 656 639 565 530 406 341
Geracao 343: 1497531 1497531 1497531 1497531 1497531 1497531 1497531 1497531 1497531 1497531 1497531 1497531 1497531 1497531 1497531 1497531 1497531 1497531 1497531 1497531 1497531 1497531 1497531 1497531 1497531 1497531 1497531 1497531 1497531 1497531 1497531 1497531 1497531 1497531 1497531 1497531 1497531 1497531 1497531 1497531 1497531 1497531 1497531 1497531 1497531 1497531 1497531 1497531 1497531 1497531 1497531 441244 424905 380257 380257 380257 380257 380257 368197 368197 352258 352258 161737 161737 161737 161737 118222 112620 112314 70316 58846 55055 37114 22954 22954 14115 10435 9069 6590 6590 4364 4288 3577 3572 2599 2438 2438 2368 942 858 794 733 702 702 702 682 680 558 534 386
Geracao 344: 1497531 1497531 1497531 1497531 1497531 1497531 1497531 1497531 1497531 1497531 1497531 1497531 1497531 1497531 1497531 1497531 1497531 1497531 1497531 1497531 1497531 1497531 1497531 1497531 1497531 1497531 1497531 1497531 1497531 1497531 1497531 1497531 1497531 1497531 1497531 1497531 1497531 1497531 1497531 1497531 1497531 1497531 1497531 1497531 612220 507568 384724 380257 380257 380257 368197 368197 352258 352258 330192 309360 172216 161737 161737 161737 161737 150263 112314 94848 87259 72435 58846 36115 31118 22954 22954 15813 10435 10435 10435 10025 9553 9295 9295 5831 4679 2531 2453 2443 2395 2350 2025 1925 811 787 702 702 702 702 682 682 679 649 649 472
Geracao 345: 1497531 1497531 1497531 1497531 1497531 1497531 1497531 1497531 1497531 1497531 1497531 1497531 1497531 1497531 1497531 1497531 1497531 1497531 1497531 1497531 1497531 1497531 1497531 1497531 1497531 1497531 1497531 1497531 1497531 1497531 1497531 1497531 1497531 1497531 1497531 1497531 1497531 1497531 1497531 1497531 1497531 1497531 1497531 1497531 1497531 1497531 1497531 1497531 1497531 1497531 1497531 1497531 1497531 507568 455848 439899 380257 368197 352258 161737 161737 161737 161737 130577 112620 112620 55055 49187 28478 26994 21918 15813 10435 10435 9295 9069 6590 6590 5831 4641 2784 2606 2487 2471 2453 2438 2438 1018 702 702 702 701 682 682 679 676 627 453 432 369
Geracao 346: 1497531 1497531 1497531 1497531 1497531 1497531 1497531 1497531 1497531 1497531 1497531 1497531 1497531 1497531 1497531 1497531 1497531 1497531 1497531 1497531 1497531 1497531 1497531 1497531 1497531 1497531 1497531 1497531 1497531 1497531 1497531 1497531 1497531 1497531 1497531 1497531 1497531 1497531 1497531 1497531 1497531 1497531 1497531 1497531 1497531 1497531 1497531 1497531 1497531 1497531 1497531 1497531 1497531 1497531 1497531 1497531 1497531 507568 488293 468459 417210 380257 380257 380257 380257 380257 352258 352258 352258 161737 161737 161737 161737 161737 133918 118222 63279 22954 22954 15813 12792 10435 10435 6307 5368 4674 3948 2993 2993 2993 2920 2746 2746 2398 2240 926 702 702 702 679
Geracao 347: 1497531 1497531 1497531 1497531 1497531 1497531 1497531 1497531 1497531 1497531 1497531 1497531 1497531 1497531 1497531 1497531 1497531 1497531 1497531 1497531 1497531 1497531 1497531 1497531 1497531 1497531 1497531 1497531 1497531 1497531 1497531 1497531 1497531 1497531 1497531 1497531 1497531 1497531 1497531 1497531 1497531 1497531 1497531 1497531 1497531 1497531 1497531 1497531 1497531 1497531 1497531 1497531 1497531 1497531 1497531 1497531 1497531 1497531 1497531 1497531 1497531 612220 507568 380257 380257 352258 352258 352258 314877 161737 161737 161737 132190 85507 81648 81648 72567 66378 32415 28876 22954 10435 7282 7273 6480 6302 5831 5527 4679 3851 3264 2524 2438 861 702 408 402 382 335 321
Geracao 348: 1497531 1497531 1497531 1497531 1497531 1497531 1497531 1497531 1497531 1497531 1497531 1497531 1497531 1497531 1497531 1497531 1497531 1497531 1497531 1497531 1497531 1497531 1497531 1497531 1497531 1497531 1497531 1497531 1497531 1497531 1497531 1497531 1497531 1497531 1497531 1497531 1497531 1497531 1497531 1497531 1497531 1497531 1497531 1497531 1497531 1497531 1497531 1497531 1497531 1497531 1497531 1497531 1497531 1497531 1497531 1497531 1497531 1497531 1497531 1497531 1497531 1497531 1497531 686774 612220 507568 507568 507568 380257 380257 380257 368197 368197 368197 352258 215622 164421 164421 161737 81648 61046 56245 36051 20394 15472 7908 2520 2286 2269 1947 937 763 564 449 435 374 364 340 339 320
Geracao 349: 1497531 1497531 1497531 1497531 1497531 1497531 1497531 1497531 1497531 1497531 1497531 1497531 1497531 1497531 1497531 1497531 1497531 1497531 1497531 1497531 1497531 1497531 1497531 1497531 1497531 1497531 1497531 1497531 1497531 1497531 1497531 1497531 1497531 1497531 1497531 1497531 1497531 1497531 1497531 1497531 1497531 1497531 1497531 1497531 1497531 1497531 1497531 1497531 1497531 1497531 1497531 1497531 1497531 1497531 1497531 1497531 1497531 958059 689509 665138 422101 380257 380257 352258 279208 164421 161737 81648 68049 66825 54209 53013 22954 10435 10435 9295 7390 6325 5680 4718 3116 2550 2548 2516 2512 2456 2438 2436 1498 1027 935 935 935 788 788 788 737 705 449 434
Geracao 350: 1497531 1497531 1497531 1497531 1497531 1497531 1497531 1497531 1497531 1497531 1497531 1497531 1497531 1497531 1497531 1497531 1497531 1497531 1497531 1497531 1497531 1497531 1497531 1497531 1497531 1497531 1497531 1497531 1497531 1497531 1497531 1497531 1497531 1497531 1497531 1497531 1497531 1497531 1497531 1497531 1497531 1497531 1497531 1497531 1497531 1497531 1497531 1497531 1497531 1497531 1497531 1497531 1497531 1497531 1497531 1497531 1497531 650284 496116 380257 380257 368197 352258 352258 352258 352258 352258 164421 161737 161737 161737 153436 99199 81648 66825 66825 41699 40112 27874 22954 21497 20470 18128 17984 10435 4478 3428 3209 788 720 699 679 679 679 679 504 470 470 359 328
Geracao 351: 1497531 1497531 1497531 1497531 1497531 1497531 1497531 1497531 1497531 1497531 1497531 1497531 1497531 1497531 1497531 1497531 1497531 1497531 1497531 1497531 1497531 1497531 1497531 1497531 1497531 1497531 1497531 1497531 1497531 1497531 1497531 1497531 1497531 1497531 1497531 1497531 1497531 1497531 1497531 1497531 1497531 1497531 1497531 1497531 1497531 1497531 507568 507568 392104 380257 380257 380257 380257 352258 352258 352258 161737 161737 161737 161737 160219 132597 113384 112620 81648 60132 58846 22954 22954 22954 22954 21149 15813 15813 10435 10435 9295 6954 4425 4046 2689 2665 2439 2438 725 682 679 605 554 547 545 531 520 504 472 470 470 459 431 392
Geracao 352: 1497531 1497531 1497531 1497531 1497531 1497531 1497531 1497531 1497531 1497531 1497531 1497531 1497531 1497531 1497531 1497531 1497531 1497531 1497531 1497531 1497531 1497531 1497531 1497531 1497531 1497531 1497531 1497531 1497531 1497531 1497531 1497531 1497531 1497531 1497531 1497531 1497531 1497531 1497531 1497531 1497531 1497531 1497531 1497531 1497531 1497531 1497531 1497531 1497531 1497531 1497531 1396418 641401 599559 507568 507568 507568 507568 380257 380257 380257 380257 367820 352258 164421 161737 161737 161737 161737 161737 134200 81648 76897 39645 22954 22954 10435 9295 9295 9295 8720 2698 2552 2552 2512 2314 971 947 820 766 679 679 679 503 484 470 470 470 470 291
Geracao 353: 1497531 1497531 1497531 1497531 1497531 1497531 1497531 1497531 1497531 1497531 1497531 1497531 1497531 1497531 1497531 1497531 1497531 1497531 1497531 1497531 1497531 1497531 1497531 1497531 1497531 1497531 1497531 1497531 1497531 1497531 1497531 1497531 1497531 1497531 1497531 1497531 1497531 1497531 1497531 1497531 1497531 1497531 1497531 1497531 1497531 1497531 1497531 1497531 1497531 1497531 1497531 1497531 1497531 1497531 1497531 1497531 1497531 1497531 1497531 1497531 1497531 671193 380257 380257 366952 352258 347182 290279 290279 252257 161737 98890 98890 94848 70357 69428 66825 61046 22954 22954 21822 15813 9295 9295 9295 6954 5508 5048 4679 2930 2845 955 679 679 639 603 549 470 338 319
Geracao 354: 1497531 1497531 1497531 1497531 1497531 1497531 1497531 1497531 1497531 1497531 1497531 1497531 1497531 1497531 1497531 1497531 1497531 1497531 1497531 1497531 1497531 1497531 1497531 1497531 1497531 1497531 1497531 1497531 1497531 1497531 1497531 1497531 1497531 1497531 1497531 1497531 1497531 1497531 1497531 1497531 1497531 1497531 1497531 1497531 1497531 1497531 1497531 1497531 1497531 1497531 1497531 1497531 599559 454922 454922 367820 352258 352258 352258 352258 352258 347022 161737 161737 161737 140394 98890 98890 81648 66825 58760 12093 10435 9295 9295 9295 9295 4641 4348 4303 2830 2753 2742 2587 2587 2587 2587 2587 2333 1567 931 775 679 679 675 624 555 445 374 324
Geracao 355: 1497531 1497531 1497531 1497531 1497531 1497531 1497531 1497531 1497531 1497531 1497531 1497531 1497531 1497531 1497531 1497531 1497531 1497531 1497531 1497531 1497531 1497531 1497531 1497531 1497531 1497531 1497531 1497531 1497531 1497531 1497531 1497531 1497531 1497531 1497531 1497531 1497531 1497531 1497531 1497531 1497531 1497531 1497531 1497531 1497531 1497531 1497531 1497531 1497531 1497531 1497531 1497531 1497531 1497531 1497531 1497531 1497531 1497531 599559 507568 424905 368197 367820 352258 352258 352258 291960 290176 262775 173379 161737 161737 154846 150936 141383 127436 67363 61046 61046 22954 22954 21521 20174 9295 7012 5488 1678 826 731 717 697 679 679 679 463 424 306 306 306 270
Geracao 356: 1497531 1497531 1497531 1497531 1497531 1497531 1497531 1497531 1497531 1497531 1497531 1497531 1497531 1497531 1497531 1497531 1497531 1497531 1497531 1497531 1497531 1497531 1497531 1497531 1497531 1497531 1497531 1497531 1497531 1497531 1497531 1497531 1497531 1497531 1497531 1497531 1497531 1497531 1497531 1497531 1497531 1497531 1497531 1497531 1497531 1497531 1497531 1497531 1497531 1497531 1497531 1497531 799021 511065 507568 368197 352258 352258 352258 173379 161737 161737 161737 161737 161737 161737 158197 133593 98890 81648 70357 54768 54245 52176 22954 22954 22954 22954 10435 9295 7984 7757 5488 4756 2428 2107 957 916 844 833 820 679 679 676 676 676 644 644 508 415
Geracao 357: 1497531 1497531 1497531 1497531 1497531 1497531 1497531 1497531 1497531 1497531 1497531 1497531 1497531 1497531 1497531 1497531 1497531 1497531 1497531 1497531 1497531 1497531 1497531 1497531 1497531 1497531 1497531 1497531 1497531 1497531 1497531 1497531 1497531 1497531 1497531 1497531 1497531 1497531 1497531 1497531 1497531 1497531 1497531 1497531 1497531 1497531 1497531 1497531 1497531 1497531 1497531 1497531 1497531 1497531 1497531 1497531 1497531 902508 650284 507568 407364 407364 352258 161737 161737 161737 161737 161737 161737 72273 72273 72273 72273 72273 54245 40749 20814 10435 10435 9749 9295 6954 6733 3204 2700 2469 2382 951 884 735 735 735 698 698 698 698 471 398 340 314
Geracao 358: 1497531 1497531 1497531 1497531 1497531 1497531 1497531 1497531 1497531 1497531 1497531 1497531 1497531 1497531 1497531 1497531 1497531 1497531 1497531 1497531 1497531 1497531 1497531 1497531 1497531 1497531 1497531 1497531 1497531 1497531 1497531 1497531 1497531 1497531 1497531 1497531 1497531 1497531 1497531 1497531 1497531 1497531 1497531 1497531 1497531 1497531 1497531 1497531 1497531 786550 525802 507568 507568 501511 439899 407364 368197 358083 352258 352258 352258 291960 291960 192065 161737 161737 161737 161737 161737 133362 72273 72273 72273 72273 72273 51963 22954 22954 19286 15813 10435 9295 3087 3064 2702 2702 2432 2376 2292 868 756 756 750 750 720 688 676 454 424 416
Geracao 359: 1497531 1497531 1497531 1497531 1497531 1497531 1497531 1497531 1497531 1497531 1497531 1497531 1497531 1497531 1497531 1497531 1497531 1497531 1497531 1497531 1497531 1497531 1497531 1497531 1497531 1497531 1497531 1497531 1497531 1497531 1497531 1497531 1497531 1497531 1497531 1497531 1497531 1497531 1497531 1497531 1497531 1497531 1497531 1497531 1497531 1497531 1304515 1171708 599559 507568 507568 368197 352258 352258 352258 352258 279208 277860 190751 161737 161737 161737 161737 83822 72273 72273 54729 28576 23942 16328 11416 11416 11416 9749 9749 9749 9749 9749 9295 9295 9295 5488 4679 4125 3119 2762 2653 1201 958 822 702 679 679 679 676 676 669 608 574 482
Geracao 360: 1497531 1497531 1497531 1497531 1497531 1497531 1497531 1497531 1497531 1497531 1497531 1497531 1497531 1497531 1497531 1497531 1497531 1497531 1497531 1497531 1497531 1497531 1497531 1497531 1497531 1497531 1497531 1497531 1497531 1497531 1497531 1497531 1497531 1497531 1497531 1497531 1497531 1497531 1497531 1497531 1497531 1497531 1497531 1497531 1497531 1497531 1497531 1497531 1497531 1497531 1497531 1497531 1497531 1497531 903111 864368 507568 368975 352258 352258 286370 161737 161737 161737 161737 161737 134050 118222 108191 69466 69466 64015 54729 54729 27621 22954 18128 10435 9546 9295 9295 9295 7520 3893 3718 2785 2758 2617 1152 965 956 880 783 717 679 679 679 568 437 406
Geracao 361: 1497531 1497531 1497531 1497531 1497531 1497531 1497531 1497531 1497531 1497531 1497531 1497531 1497531 1497531 1497531 1497531 1497531 1497531 1497531 1497531 1497531 1497531 1497531 1497531 1497531 1497531 1497531 1497531 1497531 1497531 1497531 1497531 1497531 1497531 1497531 1497531 1497531 1497531 1497531 1497531 1497531 1497531 1497531 1497531 1497531 857372 633954 599559 590303 507568 469348 469348 432232 432232 380257 352258 352258 206059 161737 161737 157314 133963 117680 79461 78135 69466 45836 41070 35440 22954 9295 9295 9295 9295 4641 2924 2734 2524 2519 2500 2438 1507 914 810 793 790 789 788 709 692 680 679 679 679 679 679 679 679 652 548
Geracao 362: 1497531 1497531 1497531 1497531 1497531 1497531 1497531 1497531 1497531 1497531 1497531 1497531 1497531 1497531 1497531 1497531 1497531 1497531 1497531 1497531 1497531 1497531 1497531 1497531 1497531 1497531 1497531 1497531 1497531 1497531 1497531 1497531 1497531 1497531 1497531 1497531 1497531 1497531 1497531 1497531 1497531 1497531 1497531 1497531 1497531 1497531 1497531 1497531 1275355 650284 612340 507568 392104 389330 380257 367819 352258 161737 161737 161737 117680 83188 69466 69466 54729 54729 28576 27929 24425 22954 22954 19802 15807 12150 5152 3176 3171 2543 2486 2448 2435 2408 2393 2375 2338 1419 842 835 755 698 683 679 679 679 679 642 618 562 554 437
Geracao 363: 1497531 1497531 1497531 1497531 1497531 1497531 1497531 1497531 1497531 1497531 1497531 1497531 1497531 1497531 1497531 1497531 1497531 1497531 1497531 1497531 1497531 1497531 1497531 1497531 1497531 1497531 1497531 1497531 1497531 1497531 1497531 1497531 1497531 1497531 1497531 1497531 1497531 1497531 1497531 1497531 1497531 1497531 1497531 1497531 1497531 1497531 1497531 1497531 1497531 1497531 1497531 1497531 1497531 1497531 1497531 849381 521905 512322 507568 445069 352258 307270 259603 161737 161737 161737 161737 161737 157314 86862 54729 38841 26516 25934 24009 22954 22954 22954 22954 22954 22954 10952 9749 9295 9295 3301 2424 2424 2364 2364 2184 1430 702 688 679 679 679 676 498 413
Geracao 364: 1497531 1497531 1497531 1497531 1497531 1497531 1497531 1497531 1497531 1497531 1497531 1497531 1497531 1497531 1497531 1497531 1497531 1497531 1497531 1497531 1497531 1497531 1497531 1497531 1497531 1497531 1497531 1497531 1497531 1497531 1497531 1497531 1497531 1497531 1497531 1497531 1497531 1497531 1497531 1497531 1497531 1497531 1497531 1497531 1497531 1497531 1497531 1497531 1497531 1497531 1497531 1497531 1497531 1497531 1497531 1497531 718968 718968 507568 507568 424905 390924 367819 352258 352258 352258 314369 234368 161737 161737 161737 161737 117934 114865 28121 22954 15813 9749 9295 8042 4679 4679 3746 3553 2728 2469 1415 1100 979 793 788 720 703 679 679 679 675 516 485 313
Geracao 365: 1497531 1497531 1497531 1497531 1497531 1497531 1497531 1497531 1497531 1497531 1497531 1497531 1497531 1497531 1497531 1497531 1497531 1497531 1497531 1497531 1497531 1497531 1497531 1497531 1497531 1497531 1497531 1497531 1497531 1497531 1497531 1497531 1497531 1497531 1497531 1497531 1497531 1497531 1497531 1497531 1497531 1497531 1497531 1497531 1497531 1497531 1497531 1497531 1497531 1497531 1497531 1125268 826107 612340 521905 507568 507568 424905 422101 405080 352258 328440 185545 161737 161737 161737 161737 161737 157314 133918 114865 81012 72567 36317 31047 22954 22954 22954 9553 6345 2468 2445 2438 2331 2318 897 844 679 679 679 679 679 679 679 679 555 517 517 449 340
Geracao 366: 1497531 1497531 1497531 1497531 1497531 1497531 1497531 1497531 1497531 1497531 1497531 1497531 1497531 1497531 1497531 1497531 1497531 1497531 1497531 1497531 1497531 1497531 1497531 1497531 1497531 1497531 1497531 1497531 1497531 1497531 1497531 1497531 1497531 1497531 1497531 1497531 1497531 1497531 1497531 1497531 1497531 1497531 1497531 1497531 1497531 1497531 1497531 1497531 1497531 1497531 1497531 1497531 857361 718968 718968 630470 592926 538287 523479 439899 439899 352258 352258 352258 352258 161737 161737 161737 161737 138594 114865 81086 80535 54729 54729 44804 39376 22954 7089 2634 2634 2634 2634 2631 2539 2367 2038 1969 948 808 739 682 679 679 679 679 679 676 600 475
Geracao 367: 1497531 1497531 1497531 1497531 1497531 1497531 1497531 1497531 1497531 1497531 1497531 1497531 1497531 1497531 1497531 1497531 1497531 1497531 1497531 1497531 1497531 1497531 1497531 1497531 1497531 1497531 1497531 1497531 1497531 1497531 1497531 1497531 1497531 1497531 1497531 1497531 1497531 1497531 1497531 1497531 1497531 1497531 1497531 1497531 1497531 1497531 1497531 1497531 1497531 1497531 1497531 1497531 1497531 1497531 1497531 1497531 1497531 1497531 613459 612340 612220 592926 592926 507568 422101 405080 352258 352258 352258 275515 266400 179227 177458 170157 161737 161737 161737 161737 161737 135663 132597 46415 35687 12156 9295 9295 9295 2566 1720 781 739 702 679 679 679 679 619 422 413 320
Geracao 368: 1497531 1497531 1497531 1497531 1497531 1497531 1497531 1497531 1497531 1497531 1497531 1497531 1497531 1497531 1497531 1497531 1497531 1497531 1497531 1497531 1497531 1497531 1497531 1497531 1497531 1497531 1497531 1497531 1497531 1497531 1497531 1497531 1497531 1497531 1497531 1497531 1497531 1497531 1497531 1497531 1497531 1497531 1497531 1497531 1497531 1497531 882550 784942 647662 612340 507568 465063 424905 369101 352258 181990 169881 169881 169881 169881 161737 161737 114865 114865 114865 60921 54480 46333 40450 40450 22954 21028 15813 10721 10584 9749 9749 6391 5680 5545 5510 4516 4216 3252 2543 2493 2476 2401 2397 2394 1920 932 684 676 676 584 491 488 422 365
Geracao 369: 1497531 1497531 1497531 1497531 1497531 1497531 1497531 1497531 1497531 1497531 1497531 1497531 1497531 1497531 1497531 1497531 1497531 1497531 1497531 1497531 1497531 1497531 1497531 1497531 1497531 1497531 1497531 1497531 1497531 1497531 1497531 1497531 1497531 1497531 1497531 1497531 1497531 1497531 1497531 1497531 1497531 1497531 712312 578513 496375 496375 496375 496375 465063 366325 352258 352258 352258 352258 282157 169881 169881 169881 169881 169881 169881 161737 161737 161737 161737 161737 114865 41907 40450 28485 28485 28485 28485 28485 28470 22954 18519 15813 9749 4723 4269 4124 3380 3365 2863 2677 2535 2425 2397 1027 915 741 698 697 694 684 676 512 493 371
Geracao 370: 1497531 1497531 1497531 1497531 1497531 1497531 1497531 1497531 1497531 1497531 1497531 1497531 1497531 1497531 1497531 1497531 1497531 1497531 1497531 1497531 1497531 1497531 1497531 1497531 1497531 1497531 1497531 1497531 1497531 1497531 1497531 1497531 1497531 1497531 1497531 1497531 1497531 1497531 1497531 1497531 1497531 1497531 1497531 1497531 1497531 632224 590013 574194 496375 496375 450084 352258 352258 352258 282157 282157 268364 201975 169881 169881 169881 169881 126102 118246 114865 114865 72567 59051 59051 54729 28485 28485 13363 9749 4679 4679 4396 4396 2962 2897 2537 2537 2537 2408 1700 1161 1098 1091 937 788 679 616 592 520 506 503 472 436 357 316
Geracao 371: 1497531 1497531 1497531 1497531 1497531 1497531 1497531 1497531 1497531 1497531 1497531 1497531 1497531 1497531 1497531 1497531 1497531 1497531 1497531 1497531 1497531 1497531 1497531 1497531 1497531 1497531 1497531 1497531 1497531 1497531 1497531 1497531 1497531 1497531 1497531 1497531 1497531 1497531 1497531 1497531 728236 612340 610872 401452 352258 352258 352258 352258 313718 268649 181209 169881 161737 161737 161737 161737 114865 113062 107730 66825 54729 31682 18951 12807 10526 9749 5680 5680 5033 4777 4777 4777 4777 4777 4777 4679 4385 4300 2825 2825 2825 2804 2786 2750 2741 2698 2679 2511 2504 2457 2444 2425 1160 792 714 707 679 676 514 513
Geracao 372: 1497531 1497531 1497531 1497531 1497531 1497531 1497531 1497531 1497531 1497531 1497531 1497531 1497531 1497531 1497531 1497531 1497531 1497531 1497531 1497531 1497531 1497531 1497531 1497531 1497531 1497531 1497531 1497531 1497531 1497531 1497531 1497531 1497531 1497531 1497531 1497531 1497531 1497531 1497531 1497531 1497531 1497531 1497531 1497531 1497531 1497531 1497531 1497531 1497531 1441478 877284 612340 612340 496375 496375 496375 496375 441244 352258 352258 286380 282157 169881 169881 161737 114865 72567 54729 25322 22954 22954 18266 6590 5581 4882 4679 4634 3657 3120 2720 2685 2642 2617 2536 2529 2529 2529 2515 2506 830 781 705 676 676 676 676 568 560 558 522
Geracao 373: 1497531 1497531 1497531 1497531 1497531 1497531 1497531 1497531 1497531 1497531 1497531 1497531 1497531 1497531 1497531 1497531 1497531 1497531 1497531 1497531 1497531 1497531 1497531 1497531 1497531 1497531 1497531 1497531 1497531 1497531 1497531 1497531 1497531 1497531 1497531 1497531 1497531 1497531 1497531 1497531 1497531 1497531 1497531 1497531 1497531 1497531 1497531 1216404 496375 496375 433675 413204 361451 352258 352258 352258 314450 282157 169881 169881 161737 161737 114865 114865 88728 72567 65519 59051 54729 40450 40450 40450 34124 26574 6590 5152 4773 4641 2830 2642 2642 2642 2529 2529 2529 2529 2468 2438 2426 824 702 676 676 676 649 553 535 518 396 306
Geracao 374: 1497531 1497531 1497531 1497531 1497531 1497531 1497531 1497531 1497531 1497531 1497531 1497531 1497531 1497531 1497531 1497531 1497531 1497531 1497531 1497531 1497531 1497531 1497531 1497531 1497531 1497531 1497531 1497531 1497531 1497531 1497531 1497531 1497531 1497531 1497531 1497531 1497531 1497531 1497531 1497531 1497531 1497531 1497531 1497531 1497531 1497531 1497531 1497531 647593 496375 405080 383353 282157 282157 239394 201975 175862 175061 169881 169881 159394 157314 114865 107730 107527 87774 68069 54139 40450 40450 40450 29089 26625 9749 5680 4777 4664 4658 4396 3570 3058 3058 2642 2600 2552 2521 2513 2365 2332 2208 1678 723 678 676 676 676 578 529 524 387
Geracao 375: 1497531 1497531 1497531 1497531 1497531 1497531 1497531 1497531 1497531 1497531 1497531 1497531 1497531 1497531 1497531 1497531 1497531 1497531 1497531 1497531 1497531 1497531 1497531 1497531 1497531 1497531 1497531 1497531 1497531 1497531 1497531 1497531 1497531 1497531 1497531 1497531 1497531 1497531 1497531 1497531 1497531 1497531 1497531 1497531 1497531 1497531 1497531 1497531 650284 496375 450084 352258 352258 297500 282157 282157 282157 282157 169881 169881 161737 157314 72567 53181 40450 40450 24213 22954 18614 16845 15813 10340 9882 4679 4560 2920 2844 2660 2660 2637 2616 2527 2439 2428 2415 1318 1318 1318 1318 679 677 676 676 676 518 518 392 392 392 387
Geracao 376: 1497531 1497531 1497531 1497531 1497531 1497531 1497531 1497531 1497531 1497531 1497531 1497531 1497531 1497531 1497531 1497531 1497531 1497531 1497531 1497531 1497531 1497531 1497531 1497531 1497531 1497531 1497531 1497531 1497531 1497531 1497531 1497531 1497531 1497531 1497531 1497531 1497531 1497531 1497531 1497531 1497531 1497531 1497531 1497531 1497531 1497531 1497531 1497531 599559 496375 496375 392104 392104 352258 352258 352258 352258 282157 265233 218188 169881 169881 169881 169881 169881 159394 124400 83412 72567 54729 45102 40450 29096 22954 22954 15813 9926 9926 9882 9882 9749 9295 5680 5665 4346 3350 2585 2419 2402 2391 2088 1318 1318 791 676 632 632 603 491 362
Geracao 377: 1497531 1497531 1497531 1497531 1497531 1497531 1497531 1497531 1497531 1497531 1497531 1497531 1497531 1497531 1497531 1497531 1497531 1497531 1497531 1497531 1497531 1497531 1497531 1497531 1497531 1497531 1497531 1497531 1497531 1497531 1497531 1497531 1497531 1497531 1497531 1497531 1497531 1497531 1497531 1497531 1497531 1497531 1497531 1497531 1497531 1497531 1497531 632224 559025 511028 367153 352258 352258 352258 352258 352258 317240 186666 169881 169881 161737 161737 119864 54729 54729 40450 22954 20464 15813 15813 12532 10340 9926 9749 9749 6230 5680 5545 5152 4741 4641 4552 4283 2681 2535 2535 2535 2500 2476 1921 1318 689 679 676 632 507 464 435 357 356
Geracao 378: 1497531 1497531 1497531 1497531 1497531 1497531 1497531 1497531 1497531 1497531 1497531 1497531 1497531 1497531 1497531 1497531 1497531 1497531 1497531 1497531 1497531 1497531 1497531 1497531 1497531 1497531 1497531 1497531 1497531 1497531 1497531 1497531 1497531 1497531 1497531 1497531 1497531 1497531 1497531 1497531 1497531 1497531 1497531 1497531 1497531 1497531 1497531 1497531 1497531 787040 647662 612220 483498 483498 352258 352258 307852 169881 169881 145872 114865 114865 114865 112155 100349 60921 54729 54729 54729 54729 40450 22954 13424 9926 9926 9926 9882 9749 6742 6230 4613 2716 2701 2664 2660 2586 2581 2541 2488 2391 2391 1654 1318 1318 676 676 632 632 401 322
Geracao 379: 1497531 1497531 1497531 1497531 1497531 1497531 1497531 1497531 1497531 1497531 1497531 1497531 1497531 1497531 1497531 1497531 1497531 1497531 1497531 1497531 1497531 1497531 1497531 1497531 1497531 1497531 1497531 1497531 1497531 1497531 1497531 1497531 1497531 1497531 1497531 1497531 1497531 1497531 616711 496375 496375 496375 496375 450084 450084 405080 386480 352258 352258 341126 290176 268649 259183 160027 159394 117979 114865 72567 72567 72567 69881 55908 54729 35199 24213 14714 13723 10687 10009 9926 9749 6230 6230 5778 5479 4931 4679 4440 3993 3990 3945 3746 3016 2345 2264 1318 1318 1318 679 676 676 676 676 632 632 632 448 442 383 357
Geracao 380: 1497531 1497531 1497531 1497531 1497531 1497531 1497531 1497531 1497531 1497531 1497531 1497531 1497531 1497531 1497531 1497531 1497531 1497531 1497531 1497531 1497531 1497531 1497531 1497531 1497531 1497531 1497531 1497531 1497531 1497531 1497531 1497531 1497531 1497531 1497531 1497531 1497531 1497531 1497531 1497531 1497531 822152 612340 547400 496375 496375 433497 352258 282157 232201 169881 169881 169881 169881 169881 153875 114865 114865 92053 72567 72567 67748 61651 59051 58194 55331 54729 54729 54518 53181 40450 40450 23613 9749 9749 6230 5545 4679 4490 4430 2772 2678 2622 2571 2501 2385 1318 1318 1147 679 679 676 535 442 442 442 430 367 322 305
Geracao 381: 1497531 1497531 1497531 1497531 1497531 1497531 1497531 1497531 1497531 1497531 1497531 1497531 1497531 1497531 1497531 1497531 1497531 1497531 1497531 1497531 1497531 1497531 1497531 1497531 1497531 1497531 1497531 1497531 1497531 1497531 1497531 1497531 1497531 1497531 1497531 1497531 1497531 1497531 1497531 1497531 1497531 1497531 1497531 1497531 1497531 1497531 1240282 625236 496375 358016 352258 289516 282157 194358 187104 169881 169881 169881 169881 161737 114865 107730 95009 80614 72567 66825 61046 13093 9199 5809 5368 4558 4362 4137 3993 3993 2965 2772 2648 2573 2567 2506 2486 2483 2443 1318 1318 1318 1318 1318 833 702 582 539 458 458 442 442 418 309
Geracao 382: 1497531 1497531 1497531 1497531 1497531 1497531 1497531 1497531 1497531 1497531 1497531 1497531 1497531 1497531 1497531 1497531 1497531 1497531 1497531 1497531 1497531 1497531 1497531 1497531 1497531 1497531 1497531 1497531 1497531 1497531 1497531 1497531 1497531 1497531 1497531 1497531 1497531 1497531 1497531 1497531 1497531 1497531 1497531 1497531 1497531 612340 612340 501342 496375 496375 496375 352258 352258 282157 208406 194358 193773 169881 169881 169881 161737 114865 107730 107121 106171 85507 54729 47167 40450 40450 25129 22954 15813 6855 6590 6230 5545 5545 4336 3817 2872 2872 2671 2552 2552 2517 2347 1318 1094 962 854 676 641 486 483 465 390 389 368 340
Geracao 383: 1497531 1497531 1497531 1497531 1497531 1497531 1497531 1497531 1497531 1497531 1497531 1497531 1497531 1497531 1497531 1497531 1497531 1497531 1497531 1497531 1497531 1497531 1497531 1497531 1497531 1497531 1497531 1497531 1497531 1497531 1497531 1497531 1497531 1497531 1497531 1497531 1497531 1497531 1497531 1497531 1497531 1497531 1497531 1497531 882550 749854 655248 655248 612340 612340 496375 496375 496375 496375 352258 352258 352258 343429 282157 277412 169881 132597 114865 114865 107730 72567 40450 38464 20063 15813 14900 13502 9749 9749 9562 8373 5545 4657 2872 2872 2714 2651 2626 2615 2522 2429 2407 2333 694 682 676 676 676 676 640 618 558 549 478 435
Geracao 384: 1497531 1497531 1497531 1497531 1497531 1497531 1497531 1497531 1497531 1497531 1497531 1497531 1497531 1497531 1497531 1497531 1497531 1497531 1497531 1497531 1497531 1497531 1497531 1497531 1497531 1497531 1497531 1497531 1497531 1497531 1497531 1497531 1497531 1497531 1497531 1497531 1497531 1497531 1497531 1497531 1497531 1497531 1497531 1497531 1497531 1497531 1497531 1497531 1497531 1497531 655248 655248 655248 612340 496375 496375 496375 496375 441244 282157 282157 273003 216332 169881 169881 169881 132597 114865 72567 54729 40450 40450 40450 40450 24213 15813 9749 9749 3356 2944 2796 2774 2744 2565 2522 2481 2468 2453 2407 676 676 676 609 555 552 549 456 455 398 369
Geracao 385: 1497531 1497531 1497531 1497531 1497531 1497531 1497531 1497531 1497531 1497531 1497531 1497531 1497531 1497531 1497531 1497531 1497531 1497531 1497531 1497531 1497531 1497531 1497531 1497531 1497531 1497531 1497531 1497531 1497531 1497531 1497531 1497531 1497531 1497531 1497531 1497531 1497531 1497531 1497531 1497531 1497531 1497531 1497531 1497531 1497531 1497531 1497531 1497531 1497531 1497531 1497531 1497531 900393 655248 612340 496375 496375 496375 407364 405080 392104 352258 352258 352258 352258 295950 282157 282157 169881 169881 161737 157314 92053 72567 54729 40450 40450 40450 22954 9749 4686 4679 3710 2906 2765 2732 2636 2450 2418 2388 1536 1092 679 679 655 655 655 655 531 504
Geracao 386: 1497531 1497531 1497531 1497531 1497531 1497531 1497531 1497531 1497531 1497531 1497531 1497531 1497531 1497531 1497531 1497531 1497531 1497531 1497531 1497531 1497531 1497531 1497531 1497531 1497531 1497531 1497531 1497531 1497531 1497531 1497531 1497531 1497531 1497531 1497531 1497531 1497531 1497531 1497531 1497531 1497531 1497531 1497531 612340 496375 469218 424905 352258 352258 352258 326725 289187 269976 169881 169881 169881 169881 169881 169881 161737 114865 114865 114865 114865 114865 88728 72567 72486 54729 39370 34705 31727 28716 28716 19200 19200 15813 9994 9749 5680 5152 4679 4679 4372 3616 3570 2807 2438 2430 2368 1923 879 679 655 655 655 655 655 536 362
Geracao 387: 1497531 1497531 1497531 1497531 1497531 1497531 1497531 1497531 1497531 1497531 1497531 1497531 1497531 1497531 1497531 1497531 1497531 1497531 1497531 1497531 1497531 1497531 1497531 1497531 1497531 1497531 1497531 1497531 1497531 1497531 1497531 1497531 1497531 1497531 1497531 1497531 1497531 1497531 1497531 1497531 1497531 1497531 1497531 1497531 1497531 1497531 1497531 1497531 1497531 1497531 1497531 655248 655248 655248 655248 612340 612340 518351 496375 352258 352258 319018 282157 171091 169881 114865 98187 85507 61328 55565 54729 54729 54486 44237 36128 34200 28401 28280 24213 9749 9749 8514 5680 4773 2872 2701 2651 2577 2559 2530 946 821 729 703 679 679 679 631 464 442
Geracao 388: 1497531 1497531 1497531 1497531 1497531 1497531 1497531 1497531 1497531 1497531 1497531 1497531 1497531 1497531 1497531 1497531 1497531 1497531 1497531 1497531 1497531 1497531 1497531 1497531 1497531 1497531 1497531 1497531 1497531 1497531 1497531 1497531 1497531 1497531 1497531 1497531 1497531 1497531 1497531 672078 672078 672078 672078 663135 656476 642867 358016 358016 358016 358016 352258 352258 352258 352258 318389 231695 219225 162907 114865 85672 71800 59051 59051 59051 59051 53013 53013 40450 40450 40450 40450 40450 40450 29646 16315 12531 6859 6590 6343 5680 5680 5680 5680 5680 5545 5545 4453 3201 2835 2835 2832 2667 2209 805 779 702 702 700 590 452
Geracao 389: 1497531 1497531 1497531 1497531 1497531 1497531 1497531 1497531 1497531 1497531 1497531 1497531 1497531 1497531 1497531 1497531 1497531 1497531 1497531 1497531 1497531 1497531 1497531 1497531 1497531 1497531 1497531 1497531 1497531 1497531 1497531 1497531 1497531 1497531 1497531 1497531 1497531 1497531 1256466 1256466 937261 695340 663135 434396 418205 358016 358016 352258 352258 352258 352258 161737 161737 161737 161737 115930 114865 112620 89929 58925 54729 54729 54729 53013 48221 40450 40450 24690 15864 15381 11326 11326 7498 6590 5680 5680 5545 5545 5545 5545 5113 4935 4283 2681 2671 2584 2583 2455 737 702 702 702 702 679 679 679 597 590 522 349
Geracao 390: 1497531 1497531 1497531 1497531 1497531 1497531 1497531 1497531 1497531 1497531 1497531 1497531 1497531 1497531 1497531 1497531 1497531 1497531 1497531 1497531 1497531 1497531 1497531 1497531 1497531 1497531 1497531 1497531 1497531 1497531 1497531 1497531 1497531 1497531 1497531 1497531 1497531 1497531 1497531 1497531 663135 663135 663135 424905 358016 358016 358016 358016 352258 352258 352258 330419 295950 271866 241844 230530 161737 161737 161737 114865 114865 114865 88360 80227 59051 54729 54316 40450 12188 6590 6590 5545 5545 5482 5449 4675 4675 4157 2675 2584 2582 2543 1869 898 711 702 702 702 702 702 702 701 679 679 679 679 679 516 461 348
Geracao 391: 1497531 1497531 1497531 1497531 1497531 1497531 1497531 1497531 1497531 1497531 1497531 1497531 1497531 1497531 1497531 1497531 1497531 1497531 1497531 1497531 1497531 1497531 1497531 1497531 1497531 1497531 1497531 1497531 1497531 1497531 1497531 1497531 1497531 1497531 1497531 1497531 1497531 1497531 1497531 1497531 1497531 1497531 644380 612340 367204 358016 352258 229933 161737 161737 161737 161737 161737 161737 161737 149429 114865 81683 71800 54729 54729 53013 40450 40450 40450 39762 35217 35013 31846 21546 14498 11548 10727 9749 6590 5545 5545 5545 5181 4679 4133 3570 3370 3212 3020 2919 2919 2919 2852 2815 2712 2188 845 696 679 679 585 567 567 509
Geracao 392: 1497531 1497531 1497531 1497531 1497531 1497531 1497531 1497531 1497531 1497531 1497531 1497531 1497531 1497531 1497531 1497531 1497531 1497531 1497531 1497531 1497531 1497531 1497531 1497531 1497531 1497531 1497531 1497531 1497531 1497531 1497531 1497531 859928 794355 614401 517302 516907 507568 424905 385127 380257 367204 358016 358016 358016 358016 358016 352258 352258 352258 202519 161737 161737 161737 161737 131595 114865 98077 66825 66825 59051 59051 59051 59051 59051 54729 54729 40450 23369 12576 6954 6859 5545 4641 4089 3570 3530 3245 2754 2612 2607 2591 2591 2591 2573 1252 858 784 732 702 679 679 679 679 628 612 585 485 324 295
Geracao 393: 1497531 1497531 1497531 1497531 1497531 1497531 1497531 1497531 1497531 1497531 1497531 1497531 1497531 1497531 1497531 1497531 1497531 1497531 1497531 1497531 1497531 1497531 1497531 1497531 1497531 1497531 1497531 1497531 1497531 1497531 1497531 1497531 1497531 1497531 1497531 1497531 1497531 1497531 1497531 1497531 1497531 1497531 1497531 1497531 1497531 1497531 1145299 517302 516907 358016 358016 358016 358016 352258 352258 202519 202519 202519 202519 202519 161737 154405 138335 114865 114865 72567 72320 66825 59051 59051 54729 54729 15563 12479 7038 6590 6590 5873 5680 5680 5680 3966 3245 2787 2751 2665 2591 2591 2591 2539 2431 1656 1519 901 839 794 724 673 510 451
Geracao 394: 1497531 1497531 1497531 1497531 1497531 1497531 1497531 1497531 1497531 1497531 1497531 1497531 1497531 1497531 1497531 1497531 1497531 1497531 1497531 1497531 1497531 1497531 1497531 1497531 1497531 1497531 1497531 1497531 1497531 1497531 1497531 1497531 1497531 1497531 1256466 1008551 507568 507568 507568 507568 507568 507568 507568 507568 507568 446574 380257 380257 380257 380257 380257 380257 358083 358083 358083 352258 352258 352258 335474 163553 161737 161737 161737 113384 72024 54729 54729 54243 34879 22954 9295 9295 9295 9295 6590 6137 5152 3643 2650 2543 2538 2535 2535 2535 2535 2535 2535 2438 2438 2438 1122 903 857 706 679 676 676 675 544 399
Geracao 395: 1497531 1497531 1497531 1497531 1497531 1497531 1497531 1497531 1497531 1497531 1497531 1497531 1497531 1497531 1497531 1497531 1497531 1497531 1497531 1497531 1497531 1497531 1497531 1497531 1497531 1497531 1497531 1497531 1497531 1497531 1497531 1497531 1497531 1497531 1497531 1497531 1497531 507568 507568 507568 507568 507568 507568 507568 507568 383383 380257 380257 380257 358083 358083 358083 358083 358083 358083 352258 352258 352258 335474 324421 290176 267212 260448 241844 189089 164421 161737 161737 161737 161737 161737 161737 114865 99069 98056 86137 15813 9295 8027 8027 6590 6043 4679 3857 2978 2705 2535 2535 2535 2438 2438 862 727 676 676 676 510 498 474 319
Geracao 396: 1497531 1497531 1497531 1497531 1497531 1497531 1497531 1497531 1497531 1497531 1497531 1497531 1497531 1497531 1497531 1497531 1497531 1497531 1497531 1497531 1497531 1497531 1497531 1497531 1497531 1497531 1497531 1497531 1497531 1497531 1080457 730091 516907 507568 507568 380257 358083 358083 335474 272825 177290 161737 161737 156487 149368 115348 114865 98056 86307 85507 55331 44486 36115 36115 22954 22954 22954 22954 22954 22954 22954 22954 22954 22954 22954 22954 22954 22954 22954 22954 19319 9295 9295 9295 6695 6179 4494 4492 4197 2653 2537 2535 2479 2452 2422 1802 1372 689 689 689 689 679 679 672 558 538 505 431 415 357
Geracao 397: 1497531 1497531 1497531 1497531 1497531 1497531 1497531 1497531 1497531 1497531 1497531 1497531 1497531 1497531 1497531 1497531 1497531 1497531 1497531 1497531 1497531 1497531 1497531 1497531 1497531 1497531 1497531 1497531 1497531 1497531 1497531 1497531 1497531 1497531 1497531 1497531 1497531 1497531 1497531 1497531 1497531 1497531 1497531 1497531 1497531 1497531 1497531 790959 516907 507568 507568 507568 507568 380257 380257 380257 365115 358083 297163 161737 161737 161737 161737 161737 161737 161737 161737 161737 161737 113384 72190 54245 47148 35528 27303 16729 8027 6497 5562 5152 4679 4679 4326 2738 2695 2447 2188 1969 887 870 834 739 720 697 679 676 676 676 617 518
Geracao 398: 1497531 1497531 1497531 1497531 1497531 1497531 1497531 1497531 1497531 1497531 1497531 1497531 1497531 1497531 1497531 1497531 1497531 1497531 1497531 1497531 1497531 1497531 1497531 1497531 1497531 1497531 1497531 1497531 1497531 1497531 1497531 1497531 1497531 1497531 1497531 1497531 1497531 1497531 1497531 1497531 1497531 1497531 1497531 1497531 1169896 590178 507568 507568 507568 507568 507568 507568 474015 443344 424905 390924 380257 352258 161737 161737 161737 153436 153436 137042 135314 132317 114865 76357 54994 54316 34154 23381 22954 10435 10435 9295 8720 5957 5503 5152 4598 3648 2970 2970 2505 1685 1472 1364 831 683 683 679 679 679 640 610 540 508 372 363
Geracao 399: 1497531 1497531 1497531 1497531 1497531 1497531 1497531 1497531 1497531 1497531 1497531 1497531 1497531 1497531 1497531 1497531 1497531 1497531 1497531 1497531 1497531 1497531 1497531 1497531 1497531 1497531 1497531 1497531 1497531 1497531 1497531 1497531 1497531 1497531 1497531 1497531 1497531 1497531 1497531 1497531 1497531 1497531 1497531 1497531 1497531 1497531 1497531 1497531 1497531 1497531 1497531 707166 612340 507568 507568 507568 422101 390924 380257 380257 380257 380257 380257 380257 368197 366325 352258 229498 161737 161737 161737 161737 153436 54666 54316 53688 22954 22954 22954 17067 10435 9295 3887 3649 3639 2970 2635 2543 2378 2188 978 679 679 676 600 506 503 469 365 325
Geracao 400: 1497531 1497531 1497531 1497531 1497531 1497531 1497531 1497531 1497531 1497531 1497531 1497531 1497531 1497531 1497531 1497531 1497531 1497531 1497531 1497531 1497531 1497531 1497531 1497531 1497531 1497531 1497531 1497531 1497531 1497531 1497531 1497531 1497531 1497531 1497531 1497531 1497531 1497531 1497531 1497531 1497531 1497531 1497531 1497531 1497531 1497531 1497531 1497531 1497531 778597 580035 574364 507568 507568 507568 422101 380257 380257 380257 352258 352258 352258 352258 340383 161737 161737 161737 161737 161737 114865 72190 54245 15813 9295 9295 5152 4303 2781 2769 2550 2411 1721 1119 907 795 775 690 683 679 679 679 679 679 679 679 679 679 676 533 480
Geracao 401: 1497531 1497531 1497531 1497531 1497531 1497531 1497531 1497531 1497531 1497531 1497531 1497531 1497531 1497531 1497531 1497531 1497531 1497531 1497531 1497531 1497531 1497531 1497531 1497531 1497531 1497531 1497531 1497531 1497531 1497531 1497531 1497531 1497531 1497531 1497531 1497531 1497531 1497531 1497531 1497531 1497531 507568 439899 380257 380257 380257 380257 380257 380257 380257 358083 358083 358083 358083 358083 352258 352258 344310 307192 208942 161737 161737 161737 161737 161737 161737 159394 114865 106437 106003 54316 44389 41640 22954 17336 15662 10615 10435 9464 6740 5825 3903 3007 2711 2704 2488 2411 1685 907 834 795 688 679 676 664 635 542 534 450 443
Geracao 402: 1497531 1497531 1497531 1497531 1497531 1497531 1497531 1497531 1497531 1497531 1497531 1497531 1497531 1497531 1497531 1497531 1497531 1497531 1497531 1497531 1497531 1497531 1497531 1497531 1497531 1497531 1497531 1497531 1497531 1497531 1497531 1497531 1497531 1497531 1497531 1497531 1497531 1497531 1497531 1497531 1497531 1497531 1497531 1497531 1497531 1497531 1497531 1497531 1497531 1497531 885163 599559 507568 507568 507568 461883 380257 380257 380257 380257 368197 358083 352258 352258 236299 215964 177290 161737 161737 161737 161737 161737 161737 161737 161737 161737 161737 88618 81648 81648 54841 54316 54245 28281 10435 2906 2685 2626 2607 2510 2455 1119 966 679 676 623 538 529 522 373
Geracao 403: 1497531 1497531 1173336 1079140 1079140 1079140 1079140 1079140 1079140 1079140 1079140 1079140 1079140 643204 498982 352258 328292 277922 215130 215130 215130 215130 215130 215130 215130 213179 177290 171334 171263 121367 86529 60282 59081 54382 54382 54382 54382 54382 54382 54382 54382 54382 54382 54382 54382 54382 54382 54382 54382 54382 54382 54382 54382 54382 54382 54382 54382 54382 54382 54382 54382 54382 54382 54382 54382 54382 54382 54382 38105 37354 32923 15813 15813 15593 12000 10435 10435 10435 10435 10435 10435 4492 4368 2610 2418 940 929 920 882 792 687 687 676 676 676 654 618 588 515 411
Geracao 404: 1497531 1497531 1497531 1497531 1497531 1497531 1497531 1497531 1497531 1497531 1497531 1497531 1497531 1497531 1497531 1497531 1497531 1497531 1497531 1497531 1497531 1497531 1497531 1497531 1497531 1497531 1497531 1497531 1497531 1497531 1497531 1497531 1497531 1497531 1497531 1497531 1497531 1497531 1497531 1497531 1497531 1497531 1497531 1497531 1497531 512563 507568 507568 507568 507568 507568 507568 507568 507568 507568 507568 368197 368197 368197 358083 352258 282157 220912 210394 194766 177290 161737 161737 161737 161737 161737 159394 135764 114865 113384 91837 91837 85507 60417 54994 54382 54382 33760 15813 8966 6590 4899 2762 2704 2489 2448 2438 2438 2438 2438 2438 2389 701 459 445
Geracao 405: 1497531 1497531 1497531 1497531 1497531 1497531 1497531 1497531 1497531 1497531 1497531 1497531 1497531 1497531 1497531 1497531 1497531 1497531 1497531 1497531 1497531 1497531 1497531 1497531 1497531 1044388 1044388 900393 900393 507568 507568 507568 507568 507568 507568 415950 368197 368197 368197 368197 364162 358083 358083 358083 352258 352258 290176 276322 235265 197794 177290 161737 161737 161737 161737 161737 161737 161737 161737 114865 114865 114865 114865 113384 113384 113384 113384 113384 113384 107431 91567 60417 29381 28169 22954 15813 13848 6787 6590 4641 3918 2883 2879 2704 2704 2704 2489 2438 2025 2023 1667 690 676 430 416 339 339 339 339 339
Geracao 406: 1497531 1497531 1497531 1497531 1497531 1497531 1497531 1497531 1497531 1497531 1497531 1497531 1497531 1497531 1497531 1497531 1497531 1497531 1497531 1497531 1497531 1497531 1497531 1497531 1497531 1497531 1497531 1497531 1497531 1497531 1497531 1497531 1497531 1497531 1497531 1497531 1497531 1497531 900393 900393 650284 650284 650284 650284 650284 650284 612340 506957 506957 483337 441244 439899 439899 396463 392104 391229 358083 358083 358083 358083 352258 352258 352258 352258 282157 161737 161737 161737 161737 149876 114865 114865 114865 114865 54729 54369 27525 24213 15643 14882 6116 2704 2617 2442 1467 1467 829 809 809 767 702 702 702 702 702 702 701 701 563 533
Geracao 407: 1497531 1497531 1497531 1497531 1497531 1497531 1497531 1497531 1497531 1497531 1497531 1497531 1497531 1497531 1497531 1497531 1497531 1497531 1497531 1497531 1497531 1497531 1497531 1497531 1497531 1497531 1497531 1497531 1497531 1497531 1497531 1497531 1497531 1497531 1497531 1497531 1497531 1497531 1497531 1497531 1497531 1497531 1497531 1497531 1497531 900393 650284 650284 507568 424905 392104 384323 358083 358083 358083 358083 352258 352258 267453 244623 215714 215714 215100 210532 161737 161737 161737 114865 114865 114865 113603 91965 61046 60417 28624 26101 24213 22954 16328 16328 4679 3845 2840 2499 1918 976 855 833 809 809 809 809 776 755 746 708 708 702 702 339
Geracao 408: 1497531 1497531 1497531 1497531 1497531 1497531 1497531 1497531 1497531 1497531 1497531 1497531 1497531 1497531 1497531 1497531 1497531 1497531 1497531 1497531 1497531 1497531 1497531 1497531 1497531 1497531 1497531 1497531 1497531 1497531 1497531 1497531 1497531 1497531 1497531 1497531 1497531 1497531 1497531 1497531 1497531 1497531 1497531 1497531 1497531 1497531 1497531 612340 612340 612220 598736 366952 366952 366952 352258 352258 352258 241844 161737 161737 161737 161737 61046 53013 53013 45843 15813 15813 15813 9295 9295 9295 4700 3131 2929 2748 2747 2564 2375 1989 1465 958 908 893 883 760 709 709 699 699 699 688 679 679 679 679 647 569 379 345
Geracao 409: 1497531 1497531 1497531 1497531 1497531 1497531 1497531 1497531 1497531 1497531 1497531 1497531 1497531 1497531 1497531 1497531 1497531 1497531 1497531 1497531 1497531 1497531 1497531 1497531 1497531 1497531 1497531 1497531 1497531 1497531 1497531 1497531 1497531 1497531 1497531 1497531 1497531 1497531 1497531 1497531 1497531 1497531 1497531 1497531 1497531 1497531 1497531 947117 612340 507568 507568 507568 507568 366952 352258 289278 236312 161737 161737 161737 161737 114865 108007 94848 82241 66825 61046 54994 54316 54316 53013 36837 24213 22954 22954 18704 16328 16044 15813 15813 15813 15813 9295 9295 2921 2898 2786 2679 2564 1727 1685 873 809 709 699 679 679 572 487 432
Geracao 410: 1497531 1497531 1497531 1497531 1497531 1497531 1497531 1497531 1497531 1497531 1497531 1497531 1497531 1497531 1497531 1497531 1497531 1497531 1497531 1497531 1497531 1497531 1497531 1497531 1497531 1497531 1497531 1497531 1497531 1497531 1497531 1497531 1497531 1497531 1497531 1497531 1497531 1497531 1497531 1497531 1497531 1497531 1497531 1497531 1497531 1497531 1497531 1497531 1497531 1497531 1497531 1497531 1497531 1497531 1497531 1497531 650284 506957 506957 439899 368197 366952 366952 352258 352258 333161 292346 291460 161737 161737 161737 113384 94848 54316 53013 53013 38006 25445 24213 24213 24213 24213 15813 15813 12391 9295 7762 3410 2898 2898 2457 2366 1971 1032 1005 958 759 699 699 679
Geracao 411: 1497531 1497531 1497531 1497531 1497531 1497531 1497531 1497531 1497531 1497531 1497531 1497531 1497531 1497531 1497531 1497531 1497531 1497531 1497531 1497531 1497531 1497531 1497531 1497531 1497531 1497531 1497531 1497531 1497531 1497531 1497531 1497531 1497531 1497531 1497531 1497531 1497531 1497531 1497531 1497531 849381 830273 568513 507568 507568 507568 507568 506957 413823 366886 352258 352258 253068 164703 163327 161737 161737 161737 161737 161737 61046 61046 54316 54316 53013 38006 24213 24213 24213 24213 18882 17698 15813 15813 15813 9295 9295 9295 5027 4641 3724 2404 1815 1032 1032 1019 976 958 958 759 702 699 690 680 679 622 536 459 401 302
Geracao 412: 1497531 1497531 1497531 1497531 1497531 1497531 1497531 1497531 1497531 1497531 1497531 1497531 1497531 1497531 1497531 1497531 1497531 1497531 1497531 1497531 1497531 1497531 1497531 1497531 1497531 1497531 1497531 1497531 1497531 1497531 1497531 1497531 1497531 1497531 1497531 1497531 1497531 1497531 1497531 1497531 734727 650284 650284 507568 507568 507568 507568 506957 439899 424905 368197 368197 352258 266278 241844 206503 205052 161737 161737 161737 161737 161737 159257 112579 70342 61046 61046 61046 54316 54316 53013 45643 38006 24152 20876 15813 15813 15813 10343 9295 9295 5152 4323 3995 2718 2408 1032 958 887 862 837 759 699 699 699 679 679 493 493 318
Geracao 413: 1497531 1497531 1497531 1497531 1497531 1497531 1497531 1497531 1497531 1497531 1497531 1497531 1497531 1497531 1497531 1497531 1497531 1497531 1497531 1497531 1497531 1497531 1497531 1497531 1497531 1497531 1497531 1497531 1497531 1497531 1497531 1497531 1497531 1497531 1497531 1497531 1497531 1497531 1497531 1497531 794292 650284 650284 650284 650284 650284 650284 650284 650284 507568 506957 506957 470281 450542 439899 352258 289188 161737 161737 161737 161737 161737 161737 161737 107026 53013 42916 38143 34189 24213 24213 24213 24213 24213 22954 22954 15813 9295 9295 9295 2718 2628 948 926 903 901 818 716 716 702 702 699 697 679 679 679 679 679 679 421
Geracao 414: 1497531 1497531 1497531 1497531 1497531 1497531 1497531 1497531 1497531 1497531 1497531 1497531 1497531 1497531 1497531 1497531 1497531 1497531 1497531 1497531 1497531 1497531 1497531 1497531 1497531 1497531 1497531 1497531 1497531 1497531 1497531 1497531 1497531 1497531 1497531 1497531 1497531 1497531 1497531 1497531 1497531 1497531 1497531 1497531 1497531 1497531 1497531 1497531 1497531 1497531 1497531 1497531 1497531 1497531 900393 900393 721909 650284 650284 650284 650284 509822 507568 443375 424905 424905 366952 352258 279854 161737 161737 161737 133918 61046 24676 24213 22954 22954 22954 22954 22954 22954 22954 19200 18189 9295 9295 5523 4679 3296 3028 2961 2911 2682 808 699 679 679 679 679
Geracao 415: 1497531 1497531 1497531 1497531 1497531 1497531 1497531 1497531 1497531 1497531 1497531 1497531 1497531 1497531 1497531 1497531 1497531 1497531 1497531 1497531 1497531 1497531 1497531 1497531 1497531 1497531 1497531 1497531 1497531 1497531 1497531 1497531 1497531 1497531 1497531 1497531 1497531 1497531 1497531 1497531 900393 900393 650284 650284 650284 573019 507568 507568 439899 424905 366952 352258 352258 352258 161737 161737 161737 161737 161737 66825 61046 54336 54316 32242 26101 26101 24213 24213 24213 22954 22954 15813 12714 9551 9295 6036 4747 4306 4303 2945 2945 2754 2754 2754 2754 2754 1274 925 923 769 752 683 681 679 634 615 572 523 478 429
Geracao 416: 1497531 1497531 1497531 1497531 1497531 1497531 1497531 1497531 1497531 1497531 1497531 1497531 1497531 1497531 1497531 1497531 1497531 1497531 1497531 1497531 1497531 1497531 1497531 1497531 1497531 1497531 1497531 1497531 1497531 1497531 1497531 1497531 1497531 1497531 1497531 1497531 1497531 1497531 1497531 1497531 1497531 1497531 1497531 1497531 1497531 1497531 1497531 1497531 1001137 900393 650284 650284 650284 650284 560239 424905 368197 352258 352258 352258 292966 290176 290176 198437 182724 177290 163923 161737 161737 161737 161737 161737 161737 161737 114865 81648 66825 54382 54382 24213 22954 22611 16419 9295 6787 2994 2857 2712 2690 885 830 699 699 699 698 679 679 654 654 637
Geracao 417: 1497531 1497531 1497531 1497531 1497531 1497531 1497531 1497531 1497531 1497531 1497531 1497531 1497531 1497531 1497531 1497531 1497531 1497531 1497531 1497531 1497531 1497531 1497531 1497531 1497531 1497531 1497531 1497531 1497531 1497531 1497531 1497531 1497531 1497531 1497531 1497531 1497531 1497531 1497531 1497531 1497531 1497531 1497531 1497531 1497531 1497531 1497531 1497531 1497531 1497531 1497531 1497531 900393 507568 507568 495229 397422 368197 368197 368197 368197 368197 368197 368197 352258 287476 174009 161737 81648 81648 66825 66825 61046 54382 54382 36051 32201 30457 28391 26101 24213 24213 22954 19470 16092 9295 9233 8768 918 918 890 841 826 801 789 733 703 679 679 654
Geracao 418: 1497531 1497531 1497531 1497531 1497531 1497531 1497531 1497531 1497531 1497531 1497531 1497531 1497531 1497531 1497531 1497531 1497531 1497531 1497531 1497531 1497531 1497531 1497531 1497531 1497531 1497531 1497531 1497531 1497531 1497531 1497531 1497531 1497531 1497531 1497531 1497531 1497531 1497531 1497531 1497531 1497531 1497531 1497531 1497531 1497531 1497531 1497531 1497531 519162 507568 507568 368197 368197 368197 352258 352258 352258 321513 255409 161737 161737 161737 161737 161737 133326 131522 81648 66825 66825 66825 54382 54382 22954 15813 9295 7023 6859 6787 4283 4058 2994 2688 2608 2573 1766 933 884 772 756 720 702 694 679 679 679 654 628 574 528 436
Geracao 419: 1497531 1497531 1497531 1497531 1497531 1497531 1497531 1497531 1497531 1497531 1497531 1497531 1497531 1497531 1497531 1497531 1497531 1497531 1497531 1497531 1497531 1497531 1497531 1497531 1497531 1497531 1497531 1497531 1497531 1497531 1497531 1497531 1497531 1497531 1497531 1497531 1497531 1497531 1497531 1497531 1497531 1497531 1497531 1497531 1497531 1497531 1497531 1497531 1497531 1497531 1497531 1497531 1497531 1497531 1497531 900393 900393 900393 507568 507568 507568 424905 368197 368197 352258 352258 352258 352258 161737 161737 161737 161737 113384 112620 99150 35440 30308 15813 9619 6943 5463 3753 2791 2726 1363 1323 802 731 679 679 679 679 660 660 628 590 590 588 536 490
Geracao 420: 1497531 1497531 1497531 1497531 1497531 1497531 1497531 1497531 1497531 1497531 1497531 1497531 1497531 1497531 1497531 1497531 1497531 1497531 1497531 1497531 1497531 1497531 1497531 1497531 1497531 1497531 1497531 1497531 1497531 1497531 1497531 1497531 1497531 1497531 1497531 1497531 1497531 1497531 1497531 1497531 1497531 1497531 1497531 1497531 1497531 1044388 900393 900393 507720 507568 507568 507568 507568 507568 507568 507568 377738 368197 368197 368197 293308 164789 161737 108980 80291 54382 54382 28442 28380 22954 22954 16328 15813 9295 9295 9295 2763 2762 2726 2726 2726 2726 2726 2722 2589 2574 979 859 706 679 679 679 679 660 654 548 531 513 504 447
Geracao 421: 1497531 1497531 1497531 1497531 1497531 1497531 1497531 1497531 1497531 1497531 1497531 1497531 1497531 1497531 1497531 1497531 1497531 1497531 1497531 1497531 1497531 1497531 1497531 1497531 1497531 1497531 1497531 1497531 1497531 1497531 1497531 1497531 1497531 1497531 1497531 1497531 1497531 1497531 1497531 1497531 1497531 1497531 1497531 1497531 1497531 1497531 1497531 1497531 1497531 1497531 1497531 1497531 1044388 900393 805165 670317 612799 387246 368197 368197 368197 368197 368197 365115 352258 352258 340903 161737 161737 120903 110640 66825 47851 22954 22954 22954 22954 22954 17496 17496 9295 7895 5693 5152 4679 4674 4283 3786 2777 2757 2588 2539 1636 933 924 860 770 699 585 450
Geracao 422: 1497531 1497531 1497531 1497531 1497531 1497531 1497531 1497531 1497531 1497531 1497531 1497531 1497531 1497531 1497531 1497531 1497531 1497531 1497531 1497531 1497531 1497531 1497531 1497531 1497531 1497531 1497531 1497531 1497531 1497531 1497531 1497531 1497531 1497531 1497531 1497531 1497531 1497531 1497531 1497531 1497531 1497531 1497531 1497531 1497531 1497531 1497531 1497531 1497531 900393 507568 507568 507568 405080 352258 352258 246114 161737 161737 161737 161737 161737 157314 117033 113384 81648 77703 66825 54692 54382 54382 54382 54382 41572 39503 38006 22954 22954 9902 9749 9295 9295 5411 5411 5152 3877 2534 2534 1696 1098 1094 985 736 736 702 685 679 676 676 637
Geracao 423: 1497531 1497531 1497531 1497531 1497531 1497531 1497531 1497531 1497531 1497531 1497531 1497531 1497531 1497531 1497531 1497531 1497531 1497531 1497531 1497531 1497531 1497531 1497531 1497531 1497531 1497531 1497531 1497531 1497531 1497531 1497531 1497531 1497531 1497531 1497531 1497531 1497531 1497531 1497531 1497531 1497531 1497531 1497531 1497531 1497531 1497531 1497531 1497531 1497531 1497531 1497531 1497531 1497531 1497531 1497531 1497531 1497531 1497531 1497531 1497531 534935 507568 505113 424905 368197 368197 352258 203226 191887 161737 161737 161737 161737 89083 66825 60820 54382 54382 36115 22954 9749 9295 5762 2836 2759 2729 2534 2534 2475 1248 1192 1021 838 813 783 730 717 625 609 558
Geracao 424: 1497531 1497531 1497531 1497531 1497531 1497531 1497531 1497531 1497531 1497531 1497531 1497531 1497531 1497531 1497531 1497531 1497531 1497531 1497531 1497531 1497531 1497531 1497531 1497531 1497531 1497531 1497531 1497531 1497531 1497531 1497531 1497531 1497531 1497531 1497531 1497531 1497531 1497531 1497531 1497531 1497531 1497531 1497531 651562 507568 507568 507568 507568 465233 424905 368197 368197 368197 368197 368197 352258 352258 352258 161737 161737 161737 161737 161737 161737 161737 161737 161737 113384 66825 61246 54665 54382 24213 22954 15813 11274 9295 6419 5152 3905 2895 2849 2771 2571 2543 2534 1722 1264 1239 994 838 835 783 767 710 685 654 622 435 405
Geracao 425: 1497531 1497531 1497531 1497531 1497531 1497531 1497531 1497531 1497531 1497531 1497531 1497531 1497531 1497531 1497531 1497531 1497531 1497531 1497531 1497531 1497531 1497531 1497531 1497531 1497531 1497531 1497531 1497531 1497531 1497531 1497531 1497531 1497531 1497531 1497531 1497531 1497531 1497531 1497531 1497531 1497531 1497531 1497531 1497531 1497531 1497531 900393 900393 507568 507568 469952 368197 368197 368197 368197 368197 352258 352258 343429 321228 161737 161737 161737 81648 81648 66825 54382 22954 14990 9295 9295 9295 8059 6800 4641 2993 2704 2704 2527 2478 2465 843 803 705 703 702 690 679 679 679 679 679 654 609 609 609 584 580 580 448
Geracao 426: 1497531 1497531 1497531 1497531 1497531 1497531 1497531 1497531 1497531 1497531 1497531 650284 507568 507568 418205 161737 161737 161737 161737 161737 114865 114360 84464 66825 66825 66825 60638 36115 22954 22954 22954 22954 22954 22954 22954 22954 22954 22954 22954 22954 22954 22954 22954 22954 22954 22954 22954 22954 22954 22954 22954 22954 22954 22954 22954 22954 22954 22954 22954 22954 22954 22954 22954 22954 22954 22954 22954 22954 22954 22954 22954 22954 22954 22954 20174 15813 6954 6954 6084 5231 4674 4674 4674 4674 4641 2896 2641 2478 996 875 732 701 701 679 679 671 631 526 503 473
Geracao 427: 1497531 1497531 1497531 1497531 1497531 1497531 1497531 1497531 1497531 1497531 1497531 1497531 1497531 1497531 1497531 1497531 1497531 1497531 1497531 1497531 1497531 1497531 1497531 1497531 1497531 1497531 1497531 1497531 1497531 1497531 1497531 1497531 1497531 1497531 1497531 1497531 1497531 1497531 1497531 1497531 1497531 1304515 818275 507568 507568 507568 507568 447601 368197 368197 368197 352258 352258 352258 294274 161737 161737 161737 161737 114865 94281 82556 54316 29020 22954 22954 22954 22954 22954 22954 22954 22954 22954 15813 11938 8223 6954 4674 4641 2704 2596 2565 2413 2185 1855 967 967 879 806 748 706 705 680 679 679 639 595 555 464 415
Geracao 428: 1497531 1497531 1497531 1497531 1497531 1497531 1497531 1497531 1497531 1497531 1497531 1497531 1497531 1497531 1497531 1497531 1497531 1497531 1497531 1497531 1497531 1497531 1497531 1497531 1497531 1497531 1497531 1497531 1497531 1497531 1497531 1497531 1497531 1497531 1497531 1497531 1497531 1497531 1497531 1497531 1497531 1497531 1497531 1497531 1497531 1497531 1497531 1497531 1497531 1497531 1497531 1497531 1497531 1497531 1497531 1497531 1497531 1497531 1497531 1497531 1044388 612340 612340 512605 371253 368197 368197 368197 368197 161737 161737 161737 128153 114865 104716 54994 35194 22954 16328 15813 9232 8599 6859 2897 2687 2629 2550 907 814 737 723 722 706 706 679 679 622 538 529 505
Geracao 429: 1497531 1497531 1497531 1497531 1497531 1497531 1497531 1497531 1497531 1497531 1497531 1497531 1497531 1497531 1497531 1497531 1497531 1497531 1497531 1497531 1497531 1497531 1497531 1497531 1497531 1497531 1497531 1497531 1497531 1497531 1497531 1497531 1497531 1497531 1497531 1497531 1497531 1497531 1497531 1497531 1497531 1497531 1497531 1497531 1497531 1497531 1497531 1497531 1497531 1497531 1497531 1497531 1497531 801330 612340 507568 507568 507568 424905 418057 368197 368197 368197 354120 352258 352258 172991 161737 161737 161737 161737 161737 114865 112579 83244 81648 56245 43786 31486 20174 16328 9749 9749 4674 3366 2943 2756 2752 2558 1648 732 679 679 679 679 631 535 493 443 384
Geracao 430: 1497531 1497531 1497531 1497531 1497531 1497531 1497531 1497531 1497531 1497531 1497531 1497531 1497531 1497531 1497531 1497531 1497531 1497531 1497531 1497531 1497531 1497531 1497531 1497531 1497531 1497531 1497531 1497531 1497531 1497531 1497531 1497531 1497531 1497531 1497531 1497531 1497531 1497531 1497531 1497531 1497531 1497531 1497531 1497531 1497531 1497531 1497531 1497531 1497531 1497531 1497531 1497531 507568 424905 424905 406879 368197 368197 368197 368197 368197 368197 368197 368197 352258 352258 352258 161737 161737 161737 161737 161737 57744 54168 22954 22954 15813 15813 15813 13618 9749 6213 5827 5638 4679 3704 2520 2512 2460 2321 820 785 679 679 660 564 551 466 434 342
Geracao 431: 1497531 1497531 1497531 1497531 1497531 1497531 1497531 1497531 1497531 1497531 1497531 1497531 1497531 1497531 1497531 1497531 1497531 1497531 1497531 1497531 1497531 1497531 1497531 1497531 1497531 1497531 1497531 1497531 1497531 1497531 1497531 1497531 1497531 1497531 1497531 1497531 1497531 1497531 1497531 1497531 1497531 1497531 1497531 1497531 1497531 1497531 1497531 1497531 1497531 1497531 1497531 1497531 1497531 1497531 686774 507568 507568 441244 424905 406879 406879 406879 368197 368197 368197 368197 368197 352258 352258 201310 161737 161737 114865 54273 22954 22954 9749 9749 5827 4679 4674 4260 2740 2680 2181 2022 828 704 702 679 679 679 662 640 586 573 535 522 481 475
Geracao 432: 1497531 1497531 1497531 1497531 1497531 1497531 1497531 1497531 1497531 1497531 1497531 1497531 1497531 1497531 1497531 1497531 1497531 1497531 1497531 1497531 1497531 1497531 1497531 1497531 1497531 1497531 1497531 1497531 1497531 1497531 1497531 1497531 1497531 1497531 1497531 1497531 1497531 1497531 1497531 1497531 1497531 1497531 1497531 1497531 1497531 1497531 1497531 1497531 1497531 1497531 1497531 1044388 971409 424905 406879 406879 380257 368197 368197 368197 368197 368197 368197 368197 368197 352258 204910 161737 161737 161737 135062 130501 81648 81540 66825 22954 22954 22954 22954 15813 6621 5222 4401 2843 1409 1409 721 679 679 679 679 679 679 679 609 601 586 524 522 522
Geracao 433: 1497531 1497531 1497531 1497531 1497531 1497531 1497531 1497531 1497531 1497531 1497531 1497531 1497531 1497531 1497531 1497531 1497531 1497531 1497531 1497531 1497531 1497531 1497531 1497531 1497531 1497531 1497531 1497531 1497531 1497531 1497531 1497531 1497531 1497531 1497531 1497531 1497531 1497531 1497531 1497531 1497531 1497531 1497531 1497531 1497531 1497531 1497531 1497531 1497531 1497531 1497531 1497531 507568 507568 507568 457344 424905 406879 406879 406879 368197 368197 368197 368197 368197 352258 193923 177290 177290 161737 161737 161737 161737 161737 114865 114865 22954 19642 15813 9749 5827 5827 4641 4565 4551 2620 2567 839 690 679 679 679 679 671 649 639 604 583 556 522
Geracao 434: 1497531 1497531 1497531 1497531 1497531 1497531 1497531 1497531 1497531 1497531 1497531 1497531 1497531 1497531 1497531 1497531 1497531 1497531 1497531 1497531 1497531 1497531 1497531 1497531 1497531 1497531 1497531 1497531 1497531 1497531 1497531 1497531 1497531 1497531 1497531 1497531 1497531 1497531 1497531 1497531 1497531 1497531 1497531 1497531 1497531 1497531 1497531 1497531 1497531 1497531 1497531 1497531 1497531 1497531 1497531 900393 900393 900393 612340 507568 406879 368197 368197 368197 368197 352258 352258 343429 290176 166471 161737 114865 114865 114865 29939 22954 22954 19636 9749 4254 2726 2644 2567 2463 2289 1409 778 697 679 679 679 679 679 679 596 556 489 410 329 248
Geracao 435: 1497531 1497531 1497531 1497531 1497531 1497531 1497531 1497531 1497531 1497531 1497531 1497531 1497531 1497531 1497531 1497531 1497531 1497531 1497531 1497531 1497531 1497531 1497531 1497531 1497531 1497531 1497531 1497531 1497531 1497531 1497531 1497531 1497531 1497531 1497531 1497531 1497531 1497531 1497531 1497531 1497531 1497531 1497531 1497531 1497531 1497531 1497531 1497531 1497531 1497531 1497531 1497531 1497531 1497531 1497531 650284 507568 424905 406879 406879 380257 368197 368197 368197 368197 368197 368197 241844 161737 113384 81648 81634 22954 8329 6638 5827 5827 5686 4674 3648 2640 2607 2380 2329 2329 1685 1630 728 679 679 679 679 679 679 679 676 664 515 307 304
Geracao 436: 1497531 1497531 1497531 1497531 1497531 1497531 1497531 1497531 1497531 1497531 1497531 1497531 1497531 1497531 1497531 1497531 1497531 1497531 1497531 1497531 1497531 1497531 1497531 1497531 1497531 1497531 1497531 1497531 1497531 1497531 1497531 1497531 1497531 1497531 1497531 1497531 1497531 1497531 1497531 1497531 1497531 1497531 1497531 1497531 1497531 1497531 1497531 900393 507568 507568 507568 507568 424905 406879 400938 368197 352258 352258 352258 185563 177290 171091 161737 161737 161737 161737 161737 114865 113384 69705 47721 35715 35715 22954 22954 11833 8794 6787 6787 6787 2565 2533 2524 2503 2503 2462 2404 2325 2099 705 679 679 679 679 582 533 520 419 387 350
Geracao 437: 1497531 1497531 1497531 1497531 1497531 1497531 1497531 1497531 1497531 1497531 1497531 1497531 1497531 1497531 1497531 1497531 1497531 1497531 1497531 1497531 1497531 1497531 1497531 1497531 1497531 1497531 1497531 1497531 1497531 1497531 1497531 1497531 1497531 1497531 1497531 1497531 1497531 1497531 1497531 1497531 1497531 1497531 1497531 1497531 1497531 1497531 1497531 1497531 1497531 1497531 900393 612340 507568 507568 424905 406879 381054 368197 368197 368197 259183 177220 161737 161737 161737 161737 114865 114865 114865 114865 113384 106542 106057 77868 41922 22954 22954 22954 20320 15813 9749 9749 4674 4530 2716 679 679 679 679 679 679 679 679 598 590 481 481 469 419 383
Geracao 438: 1497531 1497531 1497531 1497531 1497531 1497531 1497531 1497531 1497531 1497531 1497531 1497531 1497531 1497531 1497531 1497531 1497531 1497531 1497531 1497531 1497531 1497531 1497531 1497531 1497531 1497531 1497531 1497531 1497531 1497531 1497531 1497531 1497531 1497531 1497531 1497531 1497531 1497531 1497531 1497531 1497531 1497531 1497531 1497531 1497531 1497531 1497531 1497531 1497531 1497531 1497531 1497531 976694 900393 900393 612220 507568 507568 442568 407252 406879 406879 406879 368197 368197 368197 352258 177290 167502 161737 161737 161737 161737 157314 85881 80821 65371 35715 16328 7041 6787 6444 4179 3312 2686 2640 2590 2362 2344 702 679 679 679 676 630 630 604 571 525 492
Geracao 439: 1497531 1497531 1497531 1497531 1497531 1497531 1497531 1497531 1497531 1497531 1497531 1497531 1497531 1497531 1497531 1497531 1497531 1497531 1497531 1497531 1497531 1497531 1497531 1497531 1497531 1497531 1497531 1497531 1497531 1497531 1497531 1497531 1497531 1497531 1497531 1497531 1497531 1497531 1497531 1497531 1497531 1497531 1497531 1497531 1497531 836920 507568 419163 416288 406879 406879 368197 368197 368197 368197 352258 352258 352258 221747 203775 161737 161737 161737 161737 161737 125510 114865 114865 114865 114865 113384 113384 98116 85876 81648 81648 80004 27994 22954 6787 4674 4530 4353 3417 2522 2425 842 771 679 679 679 679 679 666 665 648 646 630 437 368
Geracao 440: 1497531 1497531 1497531 1497531 1497531 997669 794706 406879 406879 352258 332354 282157 177290 177290 177290 177290 177290 177290 114865 72859 54316 37738 32242 30335 22954 22954 22954 22954 22954 22954 22954 22954 22954 22954 22954 22954 22954 22954 22954 22954 22954 22954 22954 22954 22954 22954 22954 22954 22954 22954 22954 22954 22954 22954 22954 22954 22954 22954 22954 22954 22954 22954 22954 22954 22954 22954 22954 22954 16328 12598 6787 6787 4674 4674 4674 4674 4501 3606 3545 3368 3049 2981 2981 2853 2570 2465 679 679 679 679 679 679 676 606 586 557 554 552 482 409
Geracao 441: 1497531 1497531 900393 900393 900393 900393 900393 900393 900393 900393 836920 809586 483417 406879 406879 368197 261610 235151 137042 114865 114360 54729 36476 36115 36115 36115 36115 36115 34055 33783 22667 16328 16328 16328 16328 16328 16328 16328 16328 16328 16328 16328 16328 16328 16328 16328 16328 16328 16328 16328 16328 16328 16328 16328 16328 16328 16328 16328 16328 16328 15813 10340 9749 9749 9749 9749 9749 9749 9749 9749 9749 9749 6859 6859 6581 4674 4641 3138 2835 2793 2792 2521 2521 1685 1685 1685 1685 1685 1685 1685 731 703 699 686 679 676 676 665 583 408
Geracao 442: 1497531 1497531 1497531 1497531 1497531 1497531 1497531 1497531 1497531 1497531 1497531 1497531 1497531 1497531 1497531 1497531 1497531 1497531 1497531 1497531 1497531 1497531 1497531 1497531 1497531 1497531 1497531 1497531 1497531 1497531 1497531 1497531 1497531 1497531 1497531 1497531 1497531 1497531 1497531 1497531 1497531 1497531 1497531 1497531 1497531 1497531 1497531 1497531 1497531 1497531 1497531 507568 507568 507568 507568 487367 368197 368197 368197 368197 368197 352258 279165 235151 161737 161737 161737 161737 113384 105780 81648 72190 60677 50439 22954 22954 22954 22954 17633 11144 6787 6787 4880 4674 3917 2845 2587 2526 2362 1599 1451 1344 986 958 916 774 689 685 679 604
Geracao 443: 1497531 1497531 1497531 1497531 1497531 1497531 1497531 1497531 1497531 1497531 1497531 1497531 1497531 1497531 1497531 1497531 1497531 1497531 1497531 1497531 1497531 1497531 1497531 1497531 1497531 1497531 1497531 1497531 1497531 1497531 1497531 1497531 1497531 1497531 1497531 1497531 1497531 1497531 1497531 1497531 1497531 1497531 1497531 1497531 1497531 1497531 1497531 1497531 1497531 1497531 1497531 521905 507568 507568 507568 390475 368197 368197 368197 368197 368197 368197 368197 352258 352258 313700 161737 161737 161737 161737 161737 161737 161737 161737 157314 132177 72190 72190 49772 22954 22954 18504 15813 7012 4674 2725 2715 2673 1204 1051 921 921 757 727 727 726 719 703 440 422
Geracao 444: 1497531 1497531 1497531 1497531 1497531 1497531 1497531 1497531 1497531 1497531 1497531 1497531 1497531 1497531 1497531 1497531 1497531 1497531 1497531 1497531 1497531 1497531 1497531 1497531 1497531 1497531 1497531 1497531 1497531 1497531 1497531 1497531 1497531 1497531 1497531 1497531 1497531 1497531 1497531 1497531 1497531 1497531 1497531 1497531 1497531 1497531 1497531 1497531 1497531 1497531 1497531 1497531 1497531 849517 507568 507568 507568 507568 496375 439899 439899 368197 368197 345031 319901 177290 161737 161737 161737 161737 161737 161737 114019 73556 72190 72190 61126 35440 35331 22954 22954 22954 22954 19470 16328 11938 6787 6787 4377 3583 2680 2573 2437 1634 1134 836 697 679 679 609
Geracao 445: 1497531 1497531 1497531 1497531 1497531 1497531 1497531 1497531 1497531 1497531 1497531 1497531 1497531 1497531 1497531 1497531 1497531 1497531 1497531 1497531 1497531 1497531 1497531 1497531 1497531 1497531 1497531 1497531 1497531 1497531 1497531 1497531 1497531 1497531 1497531 1497531 1497531 1497531 1497531 1497531 1497531 1497531 1497531 1497531 1497531 1497531 1497531 1497531 1497531 1497531 1497531 1497531 1497531 1497531 1497531 822152 637726 507568 507568 507568 439899 368197 368197 352258 352258 333381 241844 161737 161737 157314 149368 114367 112109 108244 94848 72190 72190 72190 44421 36115 6787 4254 3493 2747 2704 2686 2686 2553 2018 1685 1669 1122 830 825 725 686 679 481 466 398
Geracao 446: 924086 650284 650284 650284 650284 650284 650284 650284 650284 611992 439899 439899 439899 439899 439899 439899 439899 439899 439899 439899 439899 439899 311750 237195 237195 149368 149368 149368 149368 149368 149368 149368 149368 149368 149368 149368 149368 149368 149368 149368 149368 149368 149368 149368 149368 149368 149368 149368 149368 149368 149368 149368 149368 149368 149368 149368 149368 149368 149368 149368 149368 149368 149368 149368 149368 130044 79841 58846 58846 58846 58846 58846 23541 15913 10435 10435 8500 5594 5594 4679 4135 2530 1798 1085 1085 1082 978 940 883 813 735 699 695 679 679 679 679 676 566 509
Geracao 447: 996248 924086 924086 924086 924086 924086 924086 924086 924086 924086 924086 924086 924086 924086 924086 924086 924086 924086 924086 924086 924086 924086 924086 924086 924086 924086 924086 924086 650284 650284 650284 650284 650284 650284 650284 650284 650284 650284 650284 650284 650284 650284 650284 650284 650284 650284 650284 439899 439899 439899 439899 439899 439899 439899 439899 439899 439899 439899 352258 303954 298458 236454 176241 130044 130044 130044 126439 94848 91245 83226 83226 83226 83226 83226 49772 42526 37874 25035 21756 9791 7168 7168 6276 4305 3101 3001 2755 2718 1601 981 950 950 914 893 874 818 784 741 688 679
Geracao 448: 996248 996248 996248 996248 996248 996248 996248 996248 996248 996248 996248 996248 996248 996248 996248 996248 996248 996248 996248 996248 996248 996248 996248 996248 996248 996248 996248 996248 996248 996248 996248 996248 996248 996248 996248 924086 650284 650284 460274 439899 439899 439899 439899 439899 439899 439899 388269 352258 352258 289868 271374 258782 246986 158851 149368 138827 132301 132301 132301 132301 132301 132301 132301 132301 132301 132301 132301 132301 132301 115651 81006 80081 80081 80081 39346 37121 28501 28160 8798 8798 7545 4059 4059 4059 3436 3101 1333 1262 1123 905 874 874 858 813 749 741 727 727 619 531
Geracao 449: 996248 996248 996248 996248 996248 996248 996248 996248 996248 996248 996248 996248 996248 996248 996248 996248 996248 996248 996248 996248 996248 996248 996248 996248 996248 996248 996248 996248 996248 996248 996248 996248 996248 996248 996248 996248 996248 996248 996248 996248 996248 996248 996248 996248 996248 439899 352258 352258 352258 352258 352258 251208 237195 237195 220773 143321 143321 143321 143321 132301 109761 104176 72145 72143 72143 68899 52100 45951 11824 9638 9638 9638 8798 5640 4059 4059 4059 4059 3123 2903 2719 2715 2427 2148 1779 1657 1365 1115 803 785 770 770 636 630 630 630 630 630 600 524
Geracao 450: 996248 996248 996248 996248 996248 996248 996248 996248 996248 996248 996248 996248 996248 996248 996248 996248 996248 996248 996248 996248 996248 996248 996248 996248 996248 996248 996248 996248 996248 996248 996248 996248 996248 996248 996248 996248 996248 996248 996248 996248 438136 352258 352258 345615 251208 143321 132301 110195 91967 81006 80245 80081 80081 80081 80081 46055 30546 29954 21710 12680 9638 6469 4059 4059 4059 4059 4059 4059 4059 3587 3284 2926 2786 2753 2597 2429 1513 1399 1231 993 928 825 822 791 783 707 664 660 660 635 630 630 630 630 630 630 630 630 630 288
Geracao 451: 996248 996248 996248 996248 996248 996248 996248 996248 996248 996248 996248 996248 996248 996248 996248 996248 996248 996248 996248 996248 996248 996248 996248 996248 996248 996248 996248 996248 996248 996248 996248 996248 996248 996248 996248 996248 996248 996248 996248 996248 996248 996248 996248 996248 996248 996248 996248 996248 996248 910289 251208 251208 251208 251208 236192 236192 236192 236192 236192 236192 236192 143321 143321 143321 111541 98171 80081 80081 80081 80081 80081 69610 49354 49354 41024 37121 24070 24070 19858 9638 8129 6723 6653 5152 4623 4059 2744 2710 2677 2541 1271 1161 1082 1082 955 813 638 630 630 630
Geracao 452: 996248 996248 996248 996248 996248 996248 996248 996248 996248 996248 996248 996248 996248 996248 996248 996248 996248 996248 996248 996248 996248 996248 996248 996248 996248 996248 996248 996248 996248 996248 996248 996248 996248 996248 996248 996248 996248 996248 996248 996248 996248 996248 352258 352258 352258 352258 304591 251208 251208 251208 236192 236192 236192 236192 236192 236192 236192 161538 134576 81006 81006 81006 80081 80081 80081 80081 80081 80081 80081 72143 49354 49354 13117 9638 9638 9638 9638 4957 4059 3714 2709 2704 2318 1017 743 742 660 630 630 600 596 495 493 493 493 493 491 478 424 319
Geracao 453: 996248 996248 996248 996248 996248 996248 996248 996248 996248 996248 996248 996248 996248 996248 996248 996248 996248 996248 996248 996248 996248 996248 996248 996248 996248 996248 996248 996248 996248 996248 996248 996248 996248 996248 996248 996248 996248 996248 996248 996248 996248 996248 996248 996248 996248 996248 996248 869370 439899 352258 352258 286448 257180 251208 251208 236192 236192 236192 236192 236192 236192 143321 143321 143321 134576 132301 116561 104176 100970 80081 61503 49354 48651 28392 24070 24070 22781 21654 14966 9638 8798 5640 5260 4059 4059 2945 2719 2719 2651 2640 2363 2281 2142 1577 553 493 475 465 380 324
Geracao 454: 996248 996248 996248 996248 996248 996248 996248 996248 996248 996248 996248 996248 996248 996248 996248 996248 996248 996248 996248 996248 996248 996248 996248 996248 996248 996248 996248 996248 996248 996248 996248 996248 996248 996248 996248 996248 996248 996248 996248 996248 996248 996248 996248 996248 996248 996248 996248 996248 487229 352258 352258 352258 352258 251208 251208 236192 236192 236192 236192 236192 235837 163478 158133 144346 144346 143321 143321 143321 137096 104176 104176 104176 81006 80081 80081 80081 41900 24070 4808 4641 4635 3918 3347 2903 2903 2528 2262 1241 915 847 823 660 660 660 630 600 564 493 493 379
Geracao 455: 996248 996248 996248 996248 996248 996248 996248 996248 996248 996248 996248 996248 996248 996248 996248 996248 996248 996248 996248 996248 996248 996248 996248 996248 996248 996248 996248 996248 996248 996248 996248 996248 996248 996248 996248 996248 996248 996248 996248 996248 996248 996248 996248 996248 996248 996248 778735 352258 300326 251208 251208 236192 174798 155577 143321 111541 104176 80081 80081 80081 80081 72145 69590 49354 9832 9638 9638 9638 9638 8798 8798 5864 4077 3999 3654 3445 3291 2903 2799 2761 2516 2459 1328 1112 965 822 822 822 776 660 640 640 640 640 630 498 493 487 391 366
Geracao 456: 1115416 996248 996248 996248 996248 996248 996248 996248 996248 996248 996248 996248 996248 996248 996248 996248 996248 996248 996248 996248 996248 996248 996248 996248 996248 996248 996248 996248 996248 996248 996248 996248 996248 996248 996248 996248 996248 996248 996248 996248 996248 996248 996248 996248 996248 996248 996248 996248 996248 996248 996248 996248 778735 576093 352258 352258 251208 251208 237195 236192 236192 236192 227287 188458 156432 143321 143321 143321 111541 110195 104176 80081 80081 80081 80081 48344 28120 12835 8798 8798 3947 3394 3351 2903 2782 2723 2651 2395 2373 1042 953 883 819 660 648 640 493 488 355 293
Geracao 457: 1115416 1115416 1115416 1115416 1115416 1115416 1115416 1115416 1115416 1115416 1115416 1115416 1115416 1115416 1115416 1115416 1115416 1115416 1115416 1115416 1115416 1115416 1115416 1115416 1115416 1115416 1115416 1115416 1115416 1115416 1115416 1115416 1115416 1115416 1115416 1115416 1115416 1115416 1115416 1115416 1115416 1115416 1115416 1115416 1115416 1115416 996248 996248 996248 784069 593041 487229 454859 314948 307121 251208 236192 132301 114774 109165 49354 49354 49354 49354 48344 35450 33389 18218 18218 18218 13712 8798 8798 8798 5024 4059 3966 3526 2903 2704 2649 2440 2440 2440 2408 1847 948 823 781 720 660 630 630 605 543 476 456 456 456 411
Geracao 458: 1115416 1115416 1115416 1115416 1115416 1115416 1115416 1115416 1115416 1115416 1115416 1115416 1115416 1115416 1115416 1115416 1115416 1115416 1115416 1115416 1115416 1115416 1115416 1115416 1115416 1115416 1115416 1115416 1115416 1115416 1115416 1115416 1115416 1115416 1115416 1115416 1115416 1115416 1115416 1115416 1115416 1115416 1115416 1115416 1115416 1115416 1115416 1115416 1115416 1115416 1115416 996248 996248 894324 369933 352258 251208 236192 186331 178903 144346 74308 41024 18218 18218 18218 18218 16790 14966 10953 9638 9638 8798 7745 4609 4412 4292 2972 2824 2695 2676 2651 2651 2651 2559 2355 2355 2310 2255 1167 735 630 630 630 545 544 487 456 430 429
Geracao 459: 1115416 1115416 1115416 1115416 1115416 1115416 1115416 1115416 1115416 1115416 1115416 1115416 1115416 1115416 1115416 1115416 1115416 1115416 1115416 1115416 1115416 1115416 1115416 1115416 1115416 1115416 1115416 1115416 1115416 1115416 1115416 1115416 1115416 1115416 1115416 1115416 1115416 1115416 1115416 1115416 1115416 1115416 1115416 1115416 1115416 1115416 1115416 1115416 1115416 996248 996248 996248 784069 617689 352258 352258 296758 237195 208683 195559 144346 134012 132301 110309 62153 49354 19697 18218 18218 12794 4951 4934 4862 4059 3947 2969 2824 2808 2742 2703 2682 2651 2591 2563 2560 2541 2495 2455 2351 2272 2272 2272 2151 1387 998 900 717 630 625 476
Geracao 460: 1115416 1115416 1115416 1115416 1115416 1115416 1115416 1115416 1115416 1115416 1115416 1115416 1115416 1115416 1115416 1115416 1115416 1115416 1115416 1115416 1115416 1115416 1115416 1115416 1115416 1115416 1115416 1115416 1115416 1115416 1115416 1115416 1115416 1115416 1115416 1115416 1115416 1115416 1115416 1115416 1115416 1115416 996248 996248 996248 593185 294229 294229 294229 258782 251208 251208 193846 191097 178147 143321 80066 72377 49354 29661 28256 24070 18218 18218 18218 18218 16790 16790 16790 14966 9638 9638 8798 8798 8798 6009 5798 5152 4820 3980 2969 2611 2591 2302 2296 2272 2272 2272 1543 810 618 518 497 492 492 492 492 446 412 401
Geracao 461: 1401328 1115416 1115416 1115416 1115416 1115416 1115416 1115416 1115416 1115416 1115416 1115416 1115416 1115416 1115416 1115416 1115416 1115416 1115416 1115416 1115416 1115416 1115416 1115416 1115416 1115416 1115416 1115416 1115416 1115416 1115416 1115416 1115416 1115416 1115416 1115416 1115416 1115416 1115416 1115416 1115416 1115416 1115416 996248 996248 996248 996248 996248 477218 405334 369933 352258 352258 315200 236192 146317 144346 144346 49354 28120 22395 18218 18218 18218 18218 18218 16790 13712 9638 9638 9638 8798 8798 8798 8094 7113 6559 4930 4611 2660 2651 2516 2299 2295 2057 1727 993 844 785 768 760 752 749 745 718 630 630 630 630 481
Geracao 462: 1401328 1401328 1401328 1401328 1401328 1401328 1401328 1401328 1401328 1401328 1401328 1401328 1401328 1401328 1401328 1401328 1401328 1401328 1401328 1401328 1401328 1401328 1401328 460274 352258 352258 352258 352258 322003 226217 226217 226217 224286 187504 61503 48344 48344 28379 28120 28120 28120 28120 28120 28000 24070 24070 24070 24070 24070 24070 24070 24070 24070 24070 24070 24070 24070 24070 24070 24070 24070 24070 24070 24070 24070 24070 24070 24070 24070 24070 24070 24070 24070 24070 5826 4644 4059 4059 2737 2691 2662 2606 820 680 679 675 660 660 660 645 619 526 474 474 431 424 424 387 355 328
Geracao 463: 1401328 1401328 1401328 1401328 1401328 1401328 1401328 1401328 1401328 1401328 1401328 1401328 1401328 1401328 1401328 1401328 1401328 1401328 1401328 1401328 1401328 1401328 1401328 1401328 1401328 1401328 1401328 1401328 1401328 1401328 1401328 1401328 1401328 1401328 396446 352258 352258 322003 322003 322003 283418 256657 236192 236192 236192 236192 226217 224286 224286 158197 147997 81248 48344 38062 28120 28120 28120 28120 28120 28120 28120 28120 24070 24070 24070 24070 24070 24070 24070 24070 19651 17585 12327 6656 5232 4059 4059 4059 2683 2511 2481 2480 1209 660 660 660 660 660 660 660 649 630 532 525 509 478 477 477 477 414
Geracao 464: 1401328 1401328 1401328 1401328 1401328 1401328 1401328 1401328 1401328 1401328 1401328 1401328 1401328 1401328 1401328 1401328 1401328 1401328 1401328 1401328 1401328 1401328 1401328 1401328 1401328 1401328 1401328 1401328 1401328 1401328 1401328 1401328 1401328 1401328 1401328 1401328 1401328 1401328 1401328 1401328 1401328 1401328 1401328 1401328 487229 487229 393715 363162 352258 322003 322003 242517 236192 236192 236192 236192 236192 236192 236192 226217 224286 224286 224286 112588 48344 28379 28120 28120 28120 28000 24070 24070 24070 24070 24070 24070 24070 24070 24070 7050 5871 5715 4059 4059 4059 4059 4059 4059 4059 2707 2529 2492 2480 2380 660 660 660 524 478 472
Geracao 465: 1401328 1401328 1401328 1401328 1401328 1401328 1401328 1401328 1401328 1401328 1401328 1401328 1401328 1401328 1401328 1401328 1401328 1401328 1401328 1401328 1401328 1401328 1401328 1401328 1401328 1401328 1401328 1401328 1401328 1401328 1401328 1401328 1401328 1401328 1401328 1401328 1401328 1401328 1401328 1401328 1401328 1401328 808543 706490 487229 460274 413204 413204 352258 352258 352258 352258 352258 322003 322003 322003 236192 224286 101388 85475 85475 46927 28120 24070 24070 24070 24070 24070 24070 24070 24070 24070 24070 24070 24070 24070 24070 12733 5826 4394 4059 4059 4059 2968 2424 887 829 731 660 660 660 660 660 660 660 660 512 507 482 469
Geracao 466: 1401328 1401328 1401328 1401328 1401328 1401328 1401328 1401328 1401328 1401328 1401328 1401328 1401328 1401328 1401328 1401328 1401328 1401328 1401328 1401328 1401328 1401328 1401328 1401328 1401328 1401328 1401328 1401328 1401328 1401328 1401328 1401328 1401328 1401328 1401328 1401328 1401328 1401328 1401328 1401328 1401328 1401328 1401328 1401328 648643 460274 413204 350278 350278 322003 321479 321479 236192 226217 54314 48344 38062 38062 38062 33359 28120 28120 24070 24070 24070 24070 24070 24070 24070 24070 24070 24070 24070 5826 5065 4059 4059 4059 2574 2523 2514 2514 2514 2510 2413 891 831 756 739 728 660 660 660 660 630 601 527 514 482 444
Geracao 467: 1401328 1401328 1401328 1401328 1401328 1401328 1401328 1401328 1401328 1401328 1401328 1401328 1401328 1401328 1401328 1401328 1401328 1401328 1401328 1401328 1401328 1401328 1401328 1401328 1401328 1401328 1401328 1401328 1401328 1401328 1401328 1401328 1401328 1401328 1401328 1401328 1401328 1401328 1401328 1401328 1401328 1401328 1401328 1401328 751505 460274 460274 460274 352258 352258 332450 322003 322003 276641 276641 276641 226217 162476 104537 54144 48344 48344 48344 48344 38062 38062 38062 38062 28120 28120 28120 28120 28120 28120 28120 28120 28000 24070 24070 24070 24070 24070 24070 24070 4059 4059 2941 2432 875 875 875 630 630 630 630 630 577 382 382 328
Geracao 468: 1401328 1401328 1401328 1401328 1401328 1401328 1401328 1401328 1401328 1401328 1401328 1401328 1401328 1401328 1401328 1401328 1401328 1401328 1401328 1401328 1401328 1401328 1401328 1401328 1401328 1401328 1401328 1401328 1401328 1401328 1401328 1401328 1401328 1401328 1401328 1401328 1401328 1401328 1401328 1401328 1401328 1401328 734590 440138 352258 350278 322003 276641 276641 276641 230270 226217 187991 147458 142399 48344 48344 42924 42924 38062 38062 38062 28120 28120 27786 24070 24070 24070 24070 24070 24070 24070 24070 24070 24070 23934 9814 6868 6074 4992 4792 4059 4059 4059 4059 2857 2390 2163 1086 1007 843 826 812 630 630 477 382 377 366 365
Geracao 469: 1401328 1401328 1401328 1401328 1401328 1401328 1401328 1401328 1401328 1401328 1401328 1401328 1401328 1401328 1401328 1401328 1401328 1401328 1401328 1401328 1401328 1401328 1401328 1401328 1401328 1401328 1401328 1401328 1401328 1401328 1401328 1401328 1401328 1401328 1401328 1401328 1401328 1401328 1401328 460274 413204 352258 352258 352258 322003 224286 95763 48344 48344 48344 28120 28120 28120 28120 28120 28000 24070 24070 24070 24070 24070 24070 24070 24070 24070 24070 24070 24070 24070 24070 24070 24070 9638 4394 4059 4059 4059 2846 2676 2493 2493 2438 2432 2382 1678 1600 1324 954 852 852 852 746 707 692 692 690 660 630 572 382
Geracao 470: 1401328 1401328 1401328 1401328 1401328 1401328 1401328 1401328 1401328 1401328 1401328 1401328 1401328 1401328 1401328 1401328 1401328 1401328 1401328 1401328 1401328 1401328 1401328 1401328 1401328 1401328 1401328 1401328 1401328 1401328 1401328 1401328 1401328 1401328 1401328 1401328 1401328 1401328 1401328 1401328 1401328 1401328 1401328 1401328 1401328 1401328 1401328 1401328 322003 290176 236192 236192 109761 48344 48344 28120 28120 28120 28120 28120 28120 28120 28120 24524 24199 24070 24070 24070 24070 24070 24070 24070 24070 24070 24070 24070 24070 24070 24070 24070 24070 24070 24070 24070 4480 3836 2493 2493 2156 1302 1029 984 746 692 660 630 629 629 579 525
Geracao 471: 1401328 1401328 1401328 1401328 1401328 1401328 1401328 1401328 1401328 1401328 1401328 1401328 1401328 1401328 1401328 1401328 1401328 1401328 1401328 1401328 1401328 1401328 1401328 1401328 1401328 1401328 1401328 1401328 1401328 1401328 1401328 1401328 1401328 1401328 1401328 1401328 1401328 1401328 1401328 1401328 1401328 1401328 1401328 1401328 1401328 1401328 1401328 460274 460274 460274 413204 400441 352258 352258 276641 227088 202533 120043 109761 72534 48344 48344 48344 48344 48344 48344 28120 24070 24070 24070 24070 24070 24070 24070 24070 4736 4059 4059 4059 4059 3950 2776 2652 2652 2652 2471 2450 2384 2362 823 691 660 660 660 660 660 660 563 452 392
Geracao 472: 1401328 1401328 1401328 1401328 1401328 1401328 1401328 1401328 1401328 1401328 1401328 1401328 1401328 1401328 1401328 1401328 1401328 1401328 1401328 1401328 1401328 1401328 1401328 1401328 1401328 1401328 1401328 1401328 1401328 1401328 1401328 1401328 1401328 1401328 1401328 1401328 1401328 1401328 1401328 1401328 1401328 1401328 1401328 1401328 1401328 1401328 1401328 1401328 1401328 1401328 1401328 1401328 1401328 657559 460274 460274 460274 460274 460274 413204 352258 290176 236192 236192 134084 54130 48344 48344 45942 28120 28120 28120 28120 28083 24070 24070 24070 24070 24070 9638 7904 6495 5826 5826 5152 4820 4059 4059 4059 4059 3633 2824 2665 2654 2652 2647 660 660 569 490
Geracao 473: 1401328 1401328 1401328 1401328 1401328 1401328 1401328 1401328 1401328 1401328 1401328 1401328 1401328 1401328 1401328 1401328 1401328 1401328 1401328 1401328 1401328 1401328 1401328 1401328 1401328 1401328 1401328 1401328 1401328 1401328 1401328 1401328 1401328 1401328 1401328 1401328 1401328 1401328 1401328 1401328 1401328 1401328 1401328 616028 460274 460274 460274 413204 352258 224286 208604 109761 109761 48344 28120 28120 28120 28120 28120 28120 28000 28000 24070 24070 24070 24070 24070 24070 24070 24070 24070 24070 24070 10930 6495 5826 4820 4799 4559 4085 4059 4059 2966 2824 2652 2652 2652 2523 2506 2493 2411 2343 681 660 660 479 424 396 385 330
Geracao 474: 1401328 1401328 1401328 1401328 1401328 1401328 1401328 1401328 1401328 1401328 1401328 1401328 1401328 1401328 1401328 1401328 1401328 1401328 1401328 1401328 1401328 1401328 1401328 1401328 1401328 1401328 1401328 1401328 1401328 1401328 1401328 1401328 1401328 1401328 1401328 1401328 1401328 1401328 1401328 1401328 1401328 1401328 1401328 1401328 1401328 460274 352258 352258 322003 236192 226197 224286 106575 48344 38062 28379 28120 28120 28120 28120 24070 24070 24070 24070 24070 24070 24070 24070 24070 24070 24070 24070 20285 5152 4709 4059 4059 4059 4059 4059 2652 2652 2652 2650 2547 2353 2270 1259 1004 701 660 660 660 660 660 660 587 538 521 398
Geracao 475: 1401328 1401328 1401328 1401328 1401328 1401328 1401328 1401328 1401328 1401328 1401328 1401328 1401328 1401328 1401328 1401328 1401328 1401328 1401328 1401328 1401328 1401328 1401328 1401328 1401328 1401328 1401328 1401328 1401328 1401328 1401328 1401328 1401328 1401328 1401328 1401328 1401328 1401328 1401328 1401328 1401328 1401328 1401328 1401328 1401328 1401328 1401328 1401328 1401328 1401328 1401328 1401328 1401328 1401328 1401328 1401328 473682 460274 460274 460274 460274 352258 352258 352258 352258 322003 322003 157220 48344 28379 28120 28120 28120 28000 24070 24070 24070 24070 24070 24070 24070 4059 4059 2819 2654 2652 2652 2518 2493 2493 2493 660 660 660 660 564 550 481 341 330
Geracao 476: 1401328 1401328 1401328 1401328 1401328 1401328 1401328 1401328 1401328 1401328 1401328 1401328 1401328 1401328 1401328 1401328 1401328 1401328 1401328 1401328 1401328 1401328 1401328 1401328 1401328 1401328 1401328 1401328 1401328 1401328 1401328 1401328 1401328 1401328 1401328 1401328 1401328 1401328 1401328 1401328 1401328 1401328 1401328 1401328 1401328 1401328 1401328 1401328 460274 460274 460274 460274 460274 413204 377863 352258 236192 109761 61503 48344 48344 48344 28120 28120 28120 28120 28000 28000 24615 24070 24070 24070 24070 24070 24070 6046 5757 5152 4397 4095 4059 4059 4059 2652 2574 2574 2571 2402 824 719 705 670 660 660 648 603 567 538 512 424
Geracao 477: 1401328 1401328 1401328 1401328 1401328 1401328 1401328 1401328 1401328 1401328 1401328 1401328 1401328 1401328 1401328 1401328 1401328 1401328 1401328 1401328 1401328 1401328 1401328 1401328 1401328 1401328 1401328 1401328 1401328 1401328 1401328 1401328 1401328 1401328 1401328 1401328 1401328 1401328 1401328 1401328 1401328 561062 487229 460274 460274 352258 350605 322003 236192 226217 174141 146648 128733 109761 73471 61503 61503 48344 28120 28120 28120 28120 24070 24070 24070 24070 24070 24070 24070 24070 24070 24070 24070 9638 5844 5826 4059 4059 4059 4059 2989 2989 2989 2708 2515 2383 2343 951 660 660 660 660 598 598 506 408 378 374 373 309
Geracao 478: 1401328 1401328 1401328 1401328 1401328 1401328 1401328 1401328 1401328 1401328 1401328 1401328 1401328 1401328 1401328 1401328 1401328 1401328 1401328 1401328 1401328 1401328 1401328 1401328 1401328 1401328 1401328 1401328 1401328 1401328 1401328 1401328 1401328 1401328 1401328 1401328 1401328 1401328 1401328 1401328 1401328 1401328 1401328 1401328 1401328 1401328 1401328 1401328 1401328 1401328 1401328 1401328 1079658 582228 460274 352258 322003 322003 322003 118812 112314 48344 48344 48344 48344 38494 38062 28000 24070 24070 24070 24070 24070 24070 24070 24070 10274 8988 5826 5657 5256 4059 4059 4059 2711 2665 2665 2647 2647 2405 1728 813 754 725 723 601 595 547 528 306
Geracao 479: 1401328 1401328 1401328 1401328 1401328 1401328 1401328 1401328 1401328 1401328 1401328 1401328 1401328 1401328 1401328 1401328 1401328 1401328 1401328 1401328 1401328 1401328 1401328 1401328 1401328 1401328 1401328 1401328 1401328 1401328 1401328 1401328 1401328 1401328 1401328 1401328 1401328 1401328 460274 440138 352258 328342 322003 236192 226217 208604 183235 76342 48344 48344 48344 48344 48344 28000 28000 24070 24070 24070 24070 24070 24070 24070 24070 24070 24070 24070 24070 24070 24070 24070 14679 10669 9638 7838 6150 5826 4523 4059 4059 4059 3685 3685 2803 2780 2668 2507 2442 2413 813 691 668 668 668 632 597 516 446 433 348 281
Geracao 480: 1401328 1401328 1401328 1401328 1401328 1401328 1401328 1401328 1401328 1401328 1401328 1401328 1401328 1401328 1401328 1401328 1401328 1401328 1401328 1401328 1401328 1401328 1401328 1401328 1401328 1401328 1401328 1401328 1401328 1401328 1401328 1401328 1401328 1401328 1401328 1401328 1401328 1401328 1401328 1401328 1401328 1401328 1401328 1401328 1401328 1401328 1401328 460274 460274 352258 352258 352258 352258 322003 322003 276641 270378 224286 224286 48344 48344 28120 24070 24070 24070 24070 24070 24070 24070 24070 24070 24070 24070 24070 24070 4337 4101 4059 4059 4059 4059 3685 2780 2780 2677 2521 2373 1349 1064 876 870 751 668 668 668 668 639 510 466 358
Geracao 481: 1401328 1401328 1401328 1401328 1401328 1401328 1401328 1401328 1401328 1401328 1401328 1401328 1401328 1401328 1401328 1401328 1401328 1401328 1401328 1401328 1401328 1401328 1401328 1401328 1401328 1401328 1401328 1401328 1401328 1401328 1401328 1401328 1401328 1401328 1401328 1401328 979202 963260 714218 650284 593755 413204 352258 352258 352258 322003 236192 236192 236192 236192 236192 48344 28120 28120 28000 24070 24070 24070 24070 24070 24070 24070 24070 24070 24070 24070 24070 9964 5826 4059 4059 4059 4059 4059 4059 4059 4059 4059 3122 3122 2890 2668 2474 2438 972 959 850 722 695 668 668 668 668 668 497 474 452 447 339 338
Geracao 482: 1401328 1401328 1401328 1401328 1401328 1401328 1401328 1401328 1401328 1401328 1401328 1401328 1401328 1401328 1401328 1401328 1401328 1401328 1401328 1401328 1401328 1401328 1401328 1401328 1401328 1401328 1401328 1401328 1401328 1401328 1401328 1401328 1401328 1401328 1401328 1401328 1401328 1401328 1401328 1401328 1401328 1401328 1401328 1401328 1401328 1401328 1401328 1401328 659103 352258 352258 352258 352258 322003 276641 276641 236192 236192 226217 224286 54015 48344 48344 48344 28120 28000 24070 24070 24070 24070 24070 24070 13204 8101 6742 4691 4456 4059 4059 4059 4059 4059 4059 4059 4059 2831 2802 2770 2668 2492 1994 855 673 668 557 543 517 517 439 393
Geracao 483: 1401328 1401328 1401328 1401328 1401328 1401328 1401328 1401328 1401328 1401328 1401328 1401328 1401328 1401328 1401328 1401328 1401328 1401328 1401328 1401328 1401328 1401328 1401328 1401328 1401328 1401328 1401328 1401328 1401328 1401328 1401328 1401328 1401328 1401328 1401328 1401328 1401328 1401328 1401328 1401328 1401328 1401328 1401328 1401328 1401328 1401328 1401328 1401328 1401328 1401328 1401328 1401328 1401328 1401328 790338 460274 352258 345789 322003 276641 276641 236192 236192 109761 48344 48344 48344 28120 28000 28000 28000 24070 24070 24070 24070 24070 24070 24070 24070 24070 24070 9638 6495 4691 4059 4059 4059 3949 3168 3038 2987 2781 2394 906 851 820 820 802 726 442
Geracao 484: 1401328 1401328 1401328 1401328 1401328 1401328 1401328 1401328 1401328 1401328 1401328 1401328 1401328 1401328 1401328 1401328 1401328 1401328 1401328 1401328 1401328 1401328 1401328 1401328 1401328 1401328 1401328 1401328 1401328 1401328 1401328 1401328 1401328 1401328 1401328 1401328 1401328 1401328 1401328 1401328 352258 352258 352258 352258 352258 322003 322003 322003 322003 322003 322003 322003 322003 322003 322003 322003 322003 322003 322003 322003 322003 322003 322003 322003 322003 322003 283517 157220 35468 28379 28379 28120 28120 28120 28120 28120 28120 28120 28120 28120 20705 9638 4691 4691 4691 4691 4691 2717 2650 2650 2650 2499 2386 852 485 478 448 423 396 395
Geracao 485: 1401328 1401328 1401328 1401328 1401328 1401328 1401328 1401328 1401328 1401328 1401328 1401328 1401328 1401328 1401328 1401328 1401328 1401328 1401328 1401328 1401328 1401328 1401328 1401328 1401328 1401328 1401328 1401328 1401328 1401328 1401328 1401328 1401328 1401328 1401328 1401328 1401328 1401328 1401328 1401328 1401328 1401328 1401328 1401328 1401328 1401328 1401328 1401328 1401328 1401328 1401328 1401328 1401328 1401328 1401328 1401328 1401328 1401328 1401328 1401328 1401328 1401328 1401328 650284 460274 460274 460274 354129 352258 352258 352258 322003 236192 224286 165734 61503 61503 48344 37436 28000 24070 24070 24070 13021 4059 4059 4059 4059 3679 2694 2694 2691 2650 976 878 695 695 660 568 350
Geracao 486: 1401328 1401328 1401328 1401328 1401328 1401328 1401328 1401328 1401328 1401328 1401328 1401328 1401328 1401328 1401328 1401328 1401328 1401328 1401328 1401328 1401328 1401328 1401328 1401328 1401328 1401328 1401328 1401328 1401328 1401328 1401328 1401328 1401328 1401328 1401328 1401328 1401328 1401328 1401328 1401328 1401328 1401328 1401328 1401328 1401328 1401328 1401328 1401328 1401328 1401328 1401328 1401328 1401328 1401328 1401328 1401328 1401328 352258 352258 236192 116470 109761 54596 48344 38062 28379 28120 28000 24070 24070 24070 24070 24070 24070 24070 24070 19504 19504 19504 19504 5690 4059 4059 2678 2564 2524 2386 695 695 695 695 695 693 690 608 586 466 399 396 393
Geracao 487: 1401328 1401328 1401328 1401328 1401328 1401328 1401328 1401328 1401328 1401328 1401328 1401328 1401328 1401328 1401328 1401328 1401328 1401328 1401328 1401328 1401328 1401328 1401328 1401328 1401328 1401328 1401328 1401328 1401328 1401328 1401328 1401328 1401328 1401328 1401328 1401328 1401328 1401328 1401328 1401328 1401328 1401328 1401328 1401328 1401328 1401328 1401328 1401328 1401328 1401328 1401328 1401328 460274 352258 352258 352258 322003 236192 226217 62810 48344 48344 48344 28024 28000 24070 24070 24070 24070 24070 24070 9638 5690 5690 5577 4640 4059 4059 4059 4059 4059 4059 4059 2645 2645 2569 2454 2200 902 823 764 740 729 720 715 700 691 686 668 396
Geracao 488: 1401328 1401328 1401328 1401328 1401328 1401328 1401328 1401328 1401328 1401328 1401328 1401328 1401328 1401328 1401328 1401328 1401328 1401328 1401328 1401328 1401328 1401328 1401328 1401328 1401328 1401328 1401328 1401328 1401328 1401328 1401328 1401328 1401328 1401328 1401328 1401328 1401328 1401328 1401328 1401328 1401328 1401328 1401328 1401328 1401328 1401328 1401328 1401328 1401328 1401328 1401328 1401328 1401328 522113 352258 352258 352258 322003 322003 236192 55573 48344 48344 48344 48344 48344 48344 48344 28120 28000 24070 24070 24070 24070 24070 24070 24070 24070 24070 24070 23118 9638 9638 6829 4059 4059 2784 2704 2526 2440 2406 2156 897 872 753 695 691 631 544 366
Geracao 489: 1401328 1401328 1401328 1401328 1401328 1401328 1401328 1401328 1401328 1401328 1401328 1401328 1401328 1401328 1401328 1401328 1401328 1401328 1401328 1401328 1401328 1401328 1401328 1401328 1401328 1401328 1401328 1401328 1401328 1401328 1401328 1401328 1401328 1401328 1401328 1401328 1401328 1401328 1401328 1401328 1401328 1401328 1401328 1401328 1401328 1401328 1401328 1401328 1401328 1401328 1401328 1401328 979202 460445 460274 460274 460274 460274 460274 460274 460274 413204 352258 322003 320755 236192 226217 226217 158372 71656 61503 56541 48344 28120 28120 28120 24070 24070 24070 19504 17585 7696 6558 4059 4059 4059 4059 2893 2762 2644 2408 1925 1424 1235 843 819 694 694 427 426
Geracao 490: 1401328 1401328 1401328 1401328 1401328 1401328 1401328 1401328 1401328 1401328 1401328 1401328 1401328 1401328 1401328 1401328 1401328 1401328 1401328 1401328 1401328 1401328 1401328 1401328 1401328 1401328 1401328 1401328 1401328 1401328 1401328 1401328 1401328 1401328 1401328 1401328 1401328 1401328 1401328 1401328 1401328 1401328 1401328 1401328 1401328 1401328 1401328 1401328 1401328 1401328 1401328 1401328 1401328 1401328 1401328 1401328 1401328 1401328 1401328 1401328 1401328 1401328 460274 460274 352258 352258 236192 79066 28120 28120 28120 28120 28120 28000 28000 24070 24070 24070 24070 24070 24070 24070 19504 3150 2824 2660 2598 2448 2423 2423 2417 975 778 778 730 695 620 564 549 507
Geracao 491: 1401328 1401328 1401328 1401328 1401328 1401328 1401328 1401328 1401328 1401328 1401328 1401328 1401328 1401328 1401328 1401328 1401328 1401328 1401328 1401328 1401328 1401328 1401328 1401328 1401328 1401328 1401328 1401328 1401328 1401328 1401328 1401328 1401328 1401328 1401328 1401328 1401328 1401328 1401328 1401328 1401328 1401328 1401328 1401328 1401328 1401328 1401328 1401328 1401328 1401328 1401328 1401328 1401328 1401328 622993 460274 460274 413204 236192 224286 224286 157220 134619 134619 109761 48344 42387 28238 28120 28120 28120 24070 24070 24070 24070 24070 24070 24070 24070 24070 4339 4059 4059 2701 2701 2645 2521 2497 2497 2411 2404 2400 2400 2390 861 820 754 660 527 395
Geracao 492: 1401328 1401328 352258 352258 226217 208410 153163 109761 80783 61503 39806 28120 28120 28120 28120 28120 28120 28120 28120 28120 28120 28120 28120 28120 28120 28120 28120 28120 28120 28120 28120 28120 28120 28120 28120 28120 28120 28120 28120 28120 28120 28120 28120 28120 28120 28120 28120 28120 28120 28120 28120 28120 28120 28120 28120 28120 28120 28120 28120 28120 28120 28120 28120 28120 28120 28120 28120 28120 28120 28120 28120 28120 28120 28000 28000 28000 28000 28000 28000 28000 28000 19504 5826 5826 5826 5826 3786 2884 2574 2504 2454 2378 781 777 646 549 533 519 446 377
Geracao 493: 1401328 1401328 1401328 1401328 1401328 1401328 1401328 1401328 1401328 1401328 1401328 1401328 1401328 1401328 1401328 1401328 1401328 1401328 1401328 1401328 1401328 1401328 1401328 1401328 1401328 1401328 1401328 1401328 1401328 1401328 1401328 1401328 1401328 1401328 1401328 1401328 1401328 1401328 1401328 1401328 1401328 1401328 1401328 1401328 1401328 1401328 1401328 1401328 1401328 1401328 460274 377863 322003 308288 236192 236192 236192 226217 226217 226217 226217 226217 226217 201302 198882 82159 61503 48344 48344 37201 28379 28120 28120 28120 28120 28120 28120 28000 24070 24070 24070 24070 9426 4059 4059 3670 2949 2867 2742 2668 2515 2429 960 807 765 668 668 667 660 395
Geracao 494: 1401328 1401328 1401328 1401328 1401328 1401328 1401328 1401328 1401328 1401328 1401328 1401328 1401328 1401328 1401328 1401328 1401328 1401328 1401328 1401328 1401328 1401328 1401328 1401328 1401328 1401328 1401328 1401328 1401328 1401328 1401328 1401328 1401328 1401328 1401328 1401328 1401328 1401328 1401328 1401328 1401328 1401328 1401328 1401328 1401328 1401328 1401328 1401328 1401328 1401328 1401328 1401328 1401328 1401328 460274 460274 352258 322003 236192 236192 236192 226217 226217 226217 226217 198882 198882 134619 74362 66885 48344 28295 28120 28000 28000 24070 24070 5826 4059 4059 4059 4059 2867 2758 2668 2523 2497 2438 2429 2387 1890 775 668 668 668 668 668 668 483 412
Geracao 495: 1401328 1401328 1401328 1401328 1401328 1401328 1401328 1401328 1401328 1401328 1401328 1401328 1401328 1401328 1401328 1401328 1401328 1401328 1401328 1401328 1401328 1401328 1401328 1401328 1401328 1401328 1401328 1401328 1401328 1401328 1401328 1401328 1401328 1401328 1401328 1401328 1401328 1401328 1401328 1401328 1401328 1401328 1401328 1401328 1401328 1401328 1401328 1401328 1401328 1401328 1401328 744854 352258 352258 352258 236192 236192 236192 226217 226217 226217 198882 198882 198882 79978 38062 38062 38062 28000 28000 28000 28000 28000 28000 24070 24070 24070 7696 4801 4691 4691 4691 4555 4101 4059 4059 4059 2711 2553 2521 2422 2399 2228 1279 943 691 690 595 416 392
Geracao 496: 1401328 1401328 1401328 1401328 1401328 1401328 1401328 1401328 1401328 1401328 1401328 1401328 1401328 1401328 1401328 1401328 1401328 1401328 1401328 1401328 1401328 1401328 1401328 1401328 1401328 1401328 1401328 1401328 1401328 1401328 1401328 1401328 1401328 1401328 1401328 1401328 1401328 1401328 1401328 1401328 1401328 1401328 1401328 1401328 1401328 1401328 1401328 1401328 1401328 1401328 1401328 1401328 1401328 1401328 1401328 1401328 460274 352258 352258 260271 226217 226217 224286 48344 38062 28120 28000 28000 28000 24070 24070 24070 24070 9638 9638 7206 6150 4691 4691 4691 4072 4059 4059 3685 2964 2649 1986 1465 969 865 819 716 668 668 668 668 649 550 458 433
Geracao 497: 1401328 1401328 1401328 1401328 1401328 1401328 1401328 1401328 1401328 1401328 1401328 1401328 1401328 1401328 1401328 1401328 1401328 1401328 1401328 1401328 1401328 1401328 1401328 1401328 1401328 1401328 1401328 1401328 1401328 1401328 1401328 1401328 1401328 1401328 1401328 1401328 1401328 1401328 460274 352258 352258 352258 352258 350278 236192 236192 236192 185360 134619 65316 61503 48344 42199 38062 28120 28120 28120 28120 24070 24070 24070 24070 24070 24070 24070 24070 24070 24070 24070 24070 24070 24070 24070 24070 24070 24070 24070 24070 24070 24070 24070 9638 9638 9638 4691 4691 4662 4059 4059 4059 4059 2868 1615 1420 1391 1204 726 668 668 405
Geracao 498: 1401328 1401328 1401328 1401328 1401328 1401328 1401328 1401328 1401328 1401328 1401328 1401328 1401328 1401328 1401328 1401328 1401328 1401328 1401328 1401328 1401328 1401328 1401328 1401328 1401328 1401328 1401328 1401328 1401328 1401328 1401328 1401328 1401328 1401328 1401328 1401328 1401328 1401328 1401328 1401328 1401328 1401328 1401328 1401328 1401328 1401328 1401328 1401328 1401328 1401328 1401328 460274 352258 276641 236192 236192 236192 226217 226217 226203 134619 48344 38062 28120 24070 24070 24070 24070 24070 24070 24070 24070 24070 19504 9638 9638 5960 5141 4691 4691 4691 4059 4059 4059 4059 4059 4059 2668 2668 2402 2078 1688 898 668 668 536 469 413 386 382
Geracao 499: 1401328 1401328 1401328 1401328 1401328 1401328 1401328 1401328 1401328 1401328 1401328 1401328 1401328 1401328 1401328 1401328 1401328 1401328 1401328 1401328 1401328 1401328 1401328 1401328 1401328 1401328 1401328 1401328 1401328 1401328 1401328 1401328 1401328 1401328 1401328 1401328 1401328 1401328 1401328 1401328 1401328 1401328 1401328 1401328 352258 352258 352258 322003 322003 321479 316543 243812 236192 236192 236192 236192 236192 226217 226217 135102 89490 61503 28120 28120 28000 28000 28000 28000 24070 24070 24070 24070 24070 24070 24070 24070 24070 24070 9638 4699 4691 4691 4691 4691 4691 4059 4059 2681 2666 2655 1738 1405 1209 834 719 668 668 668 476 381
Geracao 500: 1401328 829361 460274 460274 352258 236192 236192 48344 38062 38062 33808 28000 24070 24070 24070 24070 24070 24070 24070 24070 24070 24070 24070 24070 24070 24070 24070 24070 24070 24070 24070 24070 24070 24070 24070 24070 24070 24070 24070 24070 24070 24070 24070 24070 24070 24070 24070 24070 24070 24070 24070 24070 24070 24070 24070 24070 24070 24070 24070 24070 24070 24070 24070 24070 24070 24070 24070 24070 24070 24070 24070 24070 24070 15741 9638 4691 4691 4691 4691 4691 4691 4691 4691 4691 4691 4691 4691 4686 4520 4059 4059 4059 2400 2400 1076 846 668 660 447 413
Geracao 501: 1401328 1401328 1401328 1401328 1401328 1401328 1401328 1401328 1401328 1401328 1401328 1401328 1401328 1401328 1401328 1401328 1401328 1401328 1401328 1401328 1401328 1401328 1401328 1401328 1401328 1401328 1401328 1401328 1401328 1401328 1401328 786509 460274 352258 352258 352258 352258 352258 236192 226217 226217 224286 159053 108026 89588 54069 28000 28000 28000 24070 24070 24070 24070 24070 24070 24070 24070 24070 24070 24070 24070 24070 24070 24070 24070 24070 24070 24070 24070 4691 4691 4691 4059 4059 4059 4059 4059 4059 4059 4059 4059 4059 4059 3168 2681 2649 2457 2390 2387 2387 2379 674 668 668 668 668 541 395 392 392
Geracao 502: 1401328 1401328 1401328 1401328 1401328 1401328 1401328 1401328 1401328 1401328 1401328 1401328 1401328 1401328 1401328 1401328 1401328 1401328 1401328 1401328 1401328 1401328 1401328 1401328 1401328 1401328 1401328 1401328 1401328 1401328 1401328 1401328 1401328 1401328 1401328 1401328 1401328 1401328 1401328 1401328 1401328 1401328 1401328 1401328 1401328 460274 352258 352258 352258 352258 350278 350278 335244 236192 226217 198882 183231 161848 109761 61289 28000 24070 24070 24070 24070 24070 24070 24070 24070 24070 24070 24070 24070 24070 24070 24070 24070 23214 19504 9638 9638 9638 4691 4691 4059 4059 2724 2724 2649 2585 2435 2404 895 882 703 703 694 689 436 375
Geracao 503: 1401328 1401328 1401328 1401328 1401328 1401328 1401328 1401328 1401328 1401328 1401328 1401328 1401328 1401328 1401328 1401328 1401328 1401328 1401328 1401328 1401328 1401328 1401328 1401328 1401328 1401328 1401328 1401328 1401328 1401328 1401328 1401328 1401328 1401328 1401328 1401328 1401328 1401328 1401328 1401328 1401328 1401328 1401328 1401328 1401328 460274 352258 322003 322003 322003 322003 236192 226217 226217 224286 103369 38062 28780 28120 24070 24070 24070 24070 24070 24070 24070 24070 24070 24070 24070 24070 24070 24070 24070 24070 24070 12680 9638 9638 7721 5497 4691 4059 4059 3835 3000 2948 2417 2387 2383 811 791 791 745 745 697 654 608 591 560
Geracao 504: 1401328 1401328 1401328 1401328 460274 460274 460274 460274 460274 460274 322003 276641 276641 236192 77885 61503 41989 38062 28246 28120 28120 28000 24070 24070 24070 24070 24070 24070 24070 24070 24070 24070 24070 24070 24070 24070 24070 24070 24070 24070 24070 24070 24070 24070 24070 24070 24070 24070 24070 24070 24070 24070 24070 24070 24070 24070 24070 24070 24070 24070 24070 24070 24070 24070 24070 24070 24070 24070 24070 24070 24070 24070 24070 24070 24070 24070 24070 24070 24070 24070 24070 24070 9638 6405 4139 4059 4059 2431 2385 2335 894 699 696 672 666 654 549 411 357 357
Geracao 505: 1401328 1401328 1401328 1401328 1401328 1401328 1401328 1401328 1401328 1401328 1401328 1401328 1401328 1401328 1401328 1401328 1401328 1401328 1401328 1401328 1401328 1401328 1401328 1401328 1401328 1401328 1401328 1401328 1401328 1401328 1401328 1401328 1401328 1401328 1401328 1401328 1401328 1401328 1401328 1401328 1401328 1401328 1401328 460274 405334 352258 352258 352258 298631 226217 224286 172091 48943 38062 38062 28120 24070 24070 24070 24070 24070 24070 24070 24070 24070 24070 24070 24070 24070 24070 24070 24070 24070 24070 24070 24070 24070 24070 6536 6405 5065 4059 4059 4059 3095 2802 2571 2385 902 891 760 695 660 657 641 529 513 482 400 345
Geracao 506: 1401328 1401328 1401328 1401328 1401328 1401328 1401328 1401328 1401328 1401328 1401328 1401328 1401328 1401328 1401328 1401328 1401328 1401328 1401328 1401328 1401328 1401328 1401328 1401328 1401328 1401328 1401328 1401328 1401328 1401328 1401328 1401328 1401328 1401328 1401328 1401328 1401328 1401328 1401328 1401328 1401328 1401328 1401328 1401328 1401328 1401328 1401328 1401328 460274 392294 352258 352258 236192 236192 226217 226217 112314 109761 102084 73772 48344 48344 38062 28120 28120 28000 24070 24070 24070 24070 24070 24070 24070 24070 24070 24070 24070 24070 24070 24070 22617 13750 9638 5882 4059 4059 4059 2489 2489 2489 2412 2378 2156 873 749 599 575 539 479 479
Geracao 507: 1401328 1401328 1401328 1401328 1401328 1401328 1401328 1401328 1401328 1401328 1401328 1401328 1401328 1401328 1401328 1401328 1401328 1401328 1401328 1401328 1401328 1401328 1401328 1401328 1401328 1401328 1401328 1401328 1401328 1401328 1401328 1401328 1401328 1401328 1401328 1401328 1401328 1401328 1401328 1401328 1401328 1401328 1401328 1401328 1401328 1401328 1401328 1401328 1401328 1401328 460274 352258 352258 352258 236192 236192 226217 226217 188344 186259 89301 65970 48344 28120 24070 24070 24070 24070 24070 24070 24070 24070 24070 24070 24070 24070 24070 24070 24070 24070 9638 9638 7469 4501 4059 4059 3027 2648 2549 2518 2489 2382 2377 2335 2335 1017 508 483 399 376
Geracao 508: 1401328 1401328 1401328 1401328 1401328 1401328 1401328 1401328 1401328 1401328 1401328 1401328 1401328 1401328 1401328 1401328 1401328 1401328 1401328 1401328 1401328 1401328 1401328 1401328 1401328 1401328 1401328 1401328 1401328 1401328 1401328 1401328 1401328 1401328 1401328 1401328 1401328 1401328 1401328 1401328 1401328 1401328 1401328 1401328 1401328 1401328 460274 460274 460274 460274 460274 460274 460274 460274 460274 460274 242310 236192 62411 61503 38062 34380 29191 28120 28120 28120 28120 28120 28120 28000 24070 24070 24070 24070 24070 24070 6868 6868 5826 5826 4101 4059 4059 4059 4059 3380 2955 2887 2729 2645 2489 1316 1069 966 864 796 696 646 557 547
Geracao 509: 1401328 1401328 1401328 1401328 1401328 1401328 1401328 1401328 1401328 1401328 1401328 1401328 1401328 1401328 1401328 1401328 1401328 1401328 1401328 1401328 1401328 1401328 1401328 1401328 1401328 1401328 1401328 1401328 1401328 1401328 1401328 1401328 1401328 1401328 1401328 1401328 1401328 1401328 1401328 1401328 1401328 1401328 1401328 1401328 1401328 1401328 1401328 487623 460274 460274 460274 460274 460274 352258 352258 352258 280573 242310 236192 236192 226217 218023 187991 61503 61503 61503 61503 61503 49354 48344 48344 28000 28000 24070 24070 24070 24070 5826 4486 4394 4059 4059 2972 2908 2696 2638 2477 2450 2424 2370 2369 1874 768 728 673 673 558 459 416 361
Geracao 510: 1401328 1401328 1401328 1401328 1401328 1401328 1401328 1401328 1401328 1401328 1401328 1401328 1401328 1401328 1401328 1401328 1401328 1401328 1401328 1401328 1401328 1401328 1401328 1401328 1401328 1401328 1401328 1401328 1401328 1401328 1401328 1401328 1401328 1401328 1401328 1401328 1401328 1401328 1401328 1401328 1401328 1401328 1401328 1401328 1401328 1401328 1401328 1401328 1401328 1401328 1401328 1401328 1401328 602433 460274 460274 460274 460274 460274 352258 352258 352258 352258 236192 236192 236192 236192 236192 226217 109761 61503 48344 48344 48344 38062 28120 24070 24070 24070 24070 24070 24070 24070 24070 24070 11906 5487 4059 4059 4059 4059 2894 2523 2489 1075 829 657 657 450 368
Geracao 511: 1401328 1401328 1401328 1401328 1401328 1401328 1401328 1401328 1401328 1401328 1401328 1401328 1401328 1401328 1401328 1401328 1401328 1401328 1401328 1401328 1401328 1401328 1401328 1401328 1401328 1401328 1401328 1401328 1401328 1401328 460274 460274 460274 460274 460274 460274 460274 460274 460274 460274 460274 352258 352258 352258 276641 242310 242310 242310 236192 236192 224286 109761 109761 48344 47844 28120 28120 24070 24070 24070 24070 24070 24070 24070 24070 24070 24070 24070 24070 24070 24070 24070 24070 7657 7386 6495 6010 4059 4059 4059 4059 3059 2840 2840 2840 2722 2489 2394 700 700 696 692 672 620 595 475 467 441 438 417
Geracao 512: 1401328 1401328 1401328 1401328 1401328 1401328 1401328 1401328 1401328 1401328 1401328 1401328 1401328 1401328 1401328 1401328 1401328 1401328 1401328 1401328 1401328 1401328 1401328 1401328 1401328 1401328 1401328 1401328 1401328 1401328 1401328 1401328 1401328 1401328 1401328 1401328 1401328 1401328 1401328 1401328 1401328 1401328 1401328 1401328 460274 460274 460274 460274 460274 460274 460274 413204 395297 352258 352258 276641 242310 242310 132264 109761 82670 54522 48344 47158 38862 33052 28120 24070 24070 24070 24070 24070 24070 24070 24070 24070 24070 24070 24070 24070 24070 24070 19181 5070 4823 4059 4059 4059 2925 2840 2840 2489 2459 2437 988 700 686 657 536 512
Geracao 513: 1401328 1401328 1401328 1401328 1401328 1401328 1401328 1401328 1401328 1401328 1401328 1401328 1401328 1401328 1401328 1401328 1401328 1401328 1401328 1401328 1401328 1401328 650284 460274 352258 352258 352258 352258 242310 242310 242310 236192 226217 63782 54532 54223 38698 28120 28120 24070 24070 24070 24070 24070 24070 24070 24070 24070 24070 24070 24070 24070 24070 24070 24070 24070 24070 24070 24070 24070 24070 24070 24070 24070 24070 24070 24070 24070 24070 24070 24070 24070 24070 24070 24070 24070 24070 24070 24070 24070 24070 24070 10309 9638 7657 5417 5124 3015 2707 2614 964 964 779 715 657 639 531 512 484 480
Geracao 514: 1401328 1401328 1401328 1401328 1401328 1401328 1401328 1401328 1401328 1401328 1401328 1401328 1401328 1401328 1401328 1401328 1401328 1401328 1401328 1401328 1401328 1401328 1401328 1401328 1401328 1401328 1401328 1401328 1401328 1401328 1401328 1401328 1401328 1401328 1401328 1401328 1401328 1401328 1401328 460274 460274 352258 276641 276641 242310 242310 242310 242310 242310 236192 226217 226217 224286 143324 109761 61503 61503 48344 28120 24070 24070 24070 24070 24070 24070 24070 24070 24070 24070 24070 24070 24070 24070 24070 24070 12575 5826 4059 3149 3148 2707 2707 2707 2707 2536 2520 2456 964 964 785 715 715 715 657 640 639 603 565 430 430
Geracao 515: 1401328 1401328 1401328 1401328 1401328 1401328 1401328 1401328 1401328 1401328 1401328 1401328 1401328 1401328 1401328 1401328 1401328 1401328 1401328 1401328 1401328 1401328 1401328 1401328 1401328 1401328 1401328 1401328 1401328 1401328 1401328 1401328 1401328 1401328 1401328 1401328 1401328 1401328 1401328 460274 460274 460274 460274 352258 352258 352258 352258 236192 224286 109761 109761 61503 28120 28120 28120 24070 24070 24070 24070 24070 24070 24070 24070 24070 24070 24070 7657 7657 6152 5087 4943 4885 4651 4159 4022 3554 3149 2707 2707 2707 2637 2572 2489 2474 2434 2432 855 715 703 657 657 657 652 652 639 559 492 470 430 397
Geracao 516: 1401328 1401328 1401328 1401328 1401328 1401328 1401328 1401328 1401328 1401328 1401328 1401328 1401328 1401328 1401328 1401328 1401328 1401328 1401328 1401328 1401328 1401328 1401328 1401328 1401328 1401328 1401328 1401328 1401328 1401328 1401328 1401328 1401328 1401328 1401328 1401328 1401328 1401328 1401328 1401328 1401328 1401328 542372 501150 460274 460274 352258 352258 352258 352258 352258 276641 242310 242310 236192 236192 236192 236192 236192 157220 136923 76404 48344 48344 38062 28120 28120 28120 24759 24070 24070 24070 24070 24070 24070 9638 9638 6364 4986 4059 4059 2772 2771 2762 2689 2638 2552 2444 2348 1440 1166 798 753 715 692 657 655 648 575 437
Geracao 517: 1401328 1401328 1401328 1401328 1401328 1401328 1401328 1401328 1401328 1401328 1401328 1401328 1401328 1401328 1401328 1401328 1401328 1401328 1401328 1401328 1401328 1401328 1401328 1401328 1401328 1401328 1401328 1401328 1401328 1401328 1401328 1401328 1401328 1401328 1401328 1401328 1401328 1401328 1401328 1401328 1401328 1401328 1401328 1401328 1401328 1401328 1401328 1401328 1401328 1401328 1401328 1401328 1401328 1401328 1401328 1401328 1401328 1401328 1401328 460274 460274 460274 460274 364864 352258 242310 242310 195106 157220 157220 109761 61503 48344 48344 48344 48344 28120 28120 24070 24070 24070 24070 4059 4059 4059 3144 2721 2638 2494 2425 2411 2142 827 820 820 643 594 550 458 420
Geracao 518: 1401328 1401328 1401328 1401328 1401328 1401328 1401328 1401328 1401328 1401328 1401328 1401328 1401328 1401328 1401328 1401328 1401328 1401328 1401328 1401328 1401328 1401328 1401328 1401328 1401328 1401328 1401328 1401328 1401328 1401328 1401328 1401328 1401328 1401328 1401328 1401328 1401328 460274 460274 460274 460274 460274 460274 460274 460274 460274 460274 460274 413204 352771 352258 352258 352258 278530 276641 276641 242310 236192 157220 132470 77832 67516 61503 61503 61503 61503 48344 28120 28120 24070 24070 24070 24070 24070 9638 3727 3727 3727 3698 2681 2638 2524 2505 2489 1428 1143 820 820 820 747 727 727 692 665 633 508 465 458 421 375
Geracao 519: 1401328 1401328 1401328 1401328 1401328 1401328 1401328 1401328 1401328 1401328 1401328 1401328 1401328 1401328 1401328 1401328 1401328 1401328 1401328 1401328 1401328 1401328 1401328 1401328 1401328 1401328 1401328 1401328 1401328 1401328 1401328 1401328 1401328 1401328 1401328 1401328 1401328 1401328 1401328 1401328 1401328 460274 460274 460274 352258 242367 242310 242310 242310 242310 242310 224286 62133 48344 48344 48344 48344 48344 48344 28120 28120 28120 28120 28120 28120 24070 24070 24070 24070 24070 24070 24070 19651 6553 4570 4428 4059 3217 2923 2879 2695 2676 2638 2620 2567 2522 2506 2489 2489 2395 1742 1017 921 866 858 812 756 657 508 489
Geracao 520: 1401328 1401328 1401328 1401328 1401328 1401328 1401328 1401328 1401328 1401328 1401328 1401328 1401328 1401328 1401328 1401328 1401328 1401328 1401328 1401328 1401328 1401328 1401328 1401328 1401328 1401328 1401328 1401328 1401328 1401328 1401328 1401328 1401328 1401328 1401328 1401328 1401328 1401328 1401328 1401328 1401328 1401328 1401328 1401328 1401328 460274 352258 352258 352258 242310 157220 106092 61289 55091 48344 48344 48344 48344 36020 28120 28120 28120 28120 24070 24070 24070 24070 24070 24070 24070 24070 24070 24070 24070 24070 24070 24070 4676 4556 4059 4059 4059 4059 4059 2695 2655 2639 2562 2488 2387 935 849 849 796 789 770 763 695 660 451
Geracao 521: 1401328 1401328 1401328 1401328 1401328 1401328 1401328 1401328 1401328 1401328 1401328 1401328 1401328 1401328 1401328 1401328 1401328 1401328 1401328 1401328 1401328 1401328 1401328 1401328 1401328 1401328 1401328 1401328 1401328 1401328 1401328 1401328 1401328 1401328 1401328 1401328 1401328 1401328 1401328 1401328 1401328 1401328 1401328 1401328 1401328 1401328 1401328 1401328 1401328 1401328 1401328 413204 352258 352258 276641 242310 242310 242310 236192 236192 235828 224286 224286 61289 48344 48344 48344 48344 38062 28120 24070 24070 24070 24070 24070 24070 24070 24070 12581 9638 4676 4519 4059 3056 2743 2697 2639 2638 2599 2531 2525 2501 2489 2377 950 753 718 652 511 480
Geracao 522: 1401328 1401328 1401328 1401328 1401328 1401328 1401328 1401328 1401328 1401328 1401328 1401328 1401328 1401328 1401328 1401328 1401328 1401328 1401328 1401328 1401328 1401328 1401328 1401328 1401328 1401328 1401328 1401328 1401328 1401328 1401328 1401328 1401328 1401328 1401328 1401328 1401328 1401328 1401328 1401328 1401328 1401328 460274 412185 352258 352258 297408 276641 242310 242310 226217 224286 224286 61503 61503 61503 61503 61289 48344 48344 48344 48344 48344 38062 38062 38062 28120 28120 24651 24070 24070 24070 24070 24070 24070 24070 22415 9638 9638 9638 9638 7641 4059 4059 4059 3174 2983 2821 2638 2638 2638 2604 2489 2407 638 563 558 551 508 471
Geracao 523: 1401328 1401328 1401328 1401328 1401328 1401328 1401328 1401328 1401328 1401328 1401328 1401328 1401328 1401328 1401328 1401328 1401328 1401328 1401328 1401328 1401328 1401328 1401328 1401328 1401328 1401328 1401328 1401328 1401328 1401328 1401328 1401328 1401328 1401328 1401328 1401328 1401328 1401328 1401328 1401328 1401328 1401328 1401328 1401328 1401328 1401328 1401328 1401328 1401328 1401328 1401328 1401328 1401328 1401328 1401328 1401328 1401328 1401328 1401328 1401328 460274 460274 439931 422004 352258 352258 352258 242310 226217 226217 120209 109761 61503 61503 61503 61503 48344 48344 48344 48344 38062 28120 24070 16100 11113 9638 4059 2779 2705 2577 2489 2489 2366 674 609 568 535 471 442 347
Geracao 524: 1401328 1401328 1401328 1401328 1401328 1401328 1401328 1401328 1401328 1401328 1401328 1401328 1401328 1401328 1401328 1401328 1401328 1401328 1401328 1401328 1401328 1401328 1401328 1401328 1401328 1401328 1401328 1401328 1401328 1401328 1401328 1401328 1401328 1401328 1401328 1401328 1401328 1401328 1401328 1401328 1401328 1401328 1401328 1401328 1401328 1401328 1401328 460274 460274 413204 413204 413204 352258 236218 157220 157220 61503 55091 52168 48344 48344 48344 48344 38062 29475 28120 28120 28120 28120 28120 28120 24070 24070 24070 24070 24070 24070 14966 13455 9638 4510 2779 2712 2699 2636 2575 2568 2568 2514 2502 2489 2489 2489 2489 2379 686 654 508 346 319
Geracao 525: 1401328 1401328 1401328 1401328 1401328 1401328 1401328 1401328 1401328 1401328 1401328 1401328 1401328 1401328 1401328 1401328 1401328 1401328 1401328 1401328 1401328 1401328 1401328 1401328 1401328 1401328 1401328 1401328 1401328 1401328 1401328 1401328 1401328 1401328 1401328 1401328 1401328 1401328 1401328 1401328 1401328 1401328 1401328 1401328 1401328 1401328 1401328 1401328 1401328 593205 460274 413204 352258 352258 352258 236192 226217 133245 105419 78648 48344 48344 28120 28120 24070 24070 24070 24070 24070 24070 24070 18531 15848 7360 7231 5799 4455 4396 4059 4059 3410 3166 2797 2638 2588 2489 2416 2241 1129 700 662 640 637 618 580 561 409 407 407 340
Geracao 526: 1401328 1401328 1401328 1401328 1401328 1401328 1401328 1401328 1401328 1401328 1401328 1401328 1401328 1401328 1401328 1401328 1401328 1401328 1401328 1401328 1401328 1401328 1401328 1401328 1401328 1401328 1401328 1401328 1401328 1401328 1401328 1401328 1401328 1401328 1401328 1401328 1401328 1401328 1401328 1401328 1401328 1401328 1401328 1401328 1401328 1401328 1401328 1401328 1401328 1401328 1401328 1401328 1401328 1401328 826322 446650 352258 352258 352258 276641 236192 157220 104029 48344 28379 28120 28120 28120 28120 24070 24070 18258 15876 9638 7253 6212 5569 5063 2512 2510 2500 2500 2493 2493 2493 2489 2414 840 736 702 690 681 660 660 660 660 660 556 492 409
Geracao 527: 1401328 1401328 1401328 1401328 1401328 1401328 1401328 1401328 1401328 1401328 1401328 1401328 1401328 1401328 1401328 1401328 1401328 1401328 1401328 1401328 1401328 1401328 1401328 1401328 1401328 1401328 1401328 1401328 1401328 1401328 1401328 1401328 1401328 1401328 1401328 1401328 1401328 1401328 1401328 1401328 1401328 1401328 1401328 1401328 1401328 1401328 1401328 1401328 1401328 1401328 1401328 1401328 1401328 1401328 1087135 674181 242310 236192 226217 226217 112160 98171 61503 61503 61289 61289 61289 48344 48344 28120 28120 28120 24070 24070 24070 24070 12086 9638 3549 2926 2718 2590 2563 2563 2500 2500 2493 2493 2466 2383 688 685 660 660 660 660 660 417 407 362
Geracao 528: 1401328 1401328 1401328 940270 690293 627831 627831 352258 352258 349501 349501 349501 349501 349501 349501 162114 161041 157220 157220 157220 157220 157220 157220 157220 157220 157220 157220 104993 62411 61503 61289 61289 61289 61289 61289 61289 61289 61289 61289 61289 61289 61289 61289 61289 61289 61289 61289 61289 61289 61289 61289 61289 61289 61289 61289 61289 61289 61289 61289 61289 61289 61289 61289 61289 61289 61289 61289 61289 61289 61289 61289 61289 61289 55091 49814 48344 38062 14966 14966 9638 6819 2806 2652 2652 2545 2385 1869 1714 823 660 630 626 570 510 496 492 482 461 388 384
Geracao 529: 1401328 1401328 1401328 1401328 1401328 1401328 1401328 1401328 1401328 1401328 1401328 1401328 1401328 1401328 1401328 1401328 1401328 1401328 1401328 1401328 1401328 1401328 1401328 1401328 1401328 1401328 1401328 1401328 1401328 1401328 1401328 1401328 1401328 1401328 1401328 1401328 1401328 1401328 1401328 1401328 1401328 1401328 1401328 1401328 1401328 1401328 1401328 1401328 1401328 1401328 1401328 460274 413204 202756 132247 112224 61503 60294 48344 48344 48344 48344 48344 28379 28120 28120 28120 24070 24070 24070 24070 24070 24070 24070 24070 24070 9638 5826 5152 4059 4059 4059 3826 3777 2650 2644 2372 2266 2264 1567 971 920 869 772 712 712 630 501 387 347
Geracao 530: 1401328 1401328 1401328 1401328 1401328 1401328 1401328 1401328 1401328 1401328 1401328 1401328 1401328 1401328 1401328 1401328 1401328 1401328 1401328 1401328 1401328 1401328 1401328 1401328 1401328 1401328 1401328 1401328 1401328 1401328 1401328 1401328 1401328 1401328 1401328 1401328 1401328 1401328 1401328 1401328 1401328 1401328 1401328 1401328 1401328 1401328 1401328 1401328 1401328 1401328 1401328 1401328 1401328 1401328 1401328 1401328 1401328 276641 242310 236192 130479 61503 61503 48344 48344 48344 38585 32477 28120 24070 24070 24070 24070 24070 4343 4059 3558 2667 2649 2390 2310 967 954 951 949 945 892 849 806 781 764 764 737 712 672 660 630 630 630 281
Geracao 531: 1401328 1401328 1401328 1401328 1401328 1401328 1401328 1401328 1401328 1401328 1401328 1401328 1401328 1401328 1401328 1401328 1401328 1401328 1401328 1401328 1401328 1401328 1401328 1401328 1401328 1401328 1401328 1401328 1401328 1401328 1401328 1401328 1401328 1401328 1401328 1401328 1401328 1401328 1401328 1401328 1401328 1401328 1401328 1401328 1401328 1401328 1401328 1401328 1401328 1401328 1401328 1401328 1401328 1401328 1401328 1401328 593755 460274 460274 413204 276641 165043 129645 85025 80228 61503 61503 61503 48344 48344 48344 40242 28120 28120 24070 24070 24070 24070 14966 14811 4272 4059 2601 2540 2493 2477 2427 934 815 766 766 766 766 725 660 630 630 630 592 544
Geracao 532: 1401328 1401328 1401328 1401328 1401328 1401328 1401328 1401328 1401328 1401328 1401328 1401328 1401328 1401328 1401328 1401328 1401328 1401328 1401328 1401328 1401328 1401328 1401328 1401328 1401328 1401328 1401328 1401328 1401328 1401328 1401328 1401328 1401328 1401328 1401328 1401328 1401328 1401328 1401328 1401328 1401328 1401328 1401328 1401328 1401328 1401328 1401328 1401328 1401328 460274 458000 352258 290176 278530 106413 98171 66189 61503 61503 61503 61503 61503 61503 48344 48344 48344 48344 24070 24070 5969 5826 5656 4822 4820 4059 4059 4059 4059 4059 4059 4059 3617 3176 2657 2636 2512 2493 2493 2434 881 881 630 554 539 530 469 420 404 396 377
Geracao 533: 1401328 1401328 1401328 1401328 1401328 1401328 1401328 1401328 1401328 1401328 1401328 1401328 1401328 1401328 1401328 1401328 1401328 1401328 1401328 1401328 1401328 1401328 1401328 1401328 1401328 1401328 1401328 1401328 1401328 1401328 1401328 1401328 1401328 1401328 1401328 1401328 1401328 1401328 1401328 1401328 1401328 1401328 1401328 1401328 1401328 1401328 1401328 1401328 1401328 1401328 1401328 1211090 1080246 650284 460274 352258 290176 290176 236192 61503 61503 61503 61503 48344 48344 48344 48344 39883 28120 28000 24070 24070 24070 24070 24070 24070 24070 24070 11385 5826 4059 4059 4059 4059 4059 3278 2699 2667 2629 2586 2546 2501 1040 827 722 693 660 512 409 355
Geracao 534: 1401328 1401328 1401328 1401328 1401328 1401328 1401328 1401328 1401328 1401328 1401328 1401328 1401328 1401328 1401328 1401328 1401328 1401328 1401328 1401328 1401328 1401328 1401328 1401328 1401328 1401328 1401328 1401328 1401328 1401328 1401328 1401328 1401328 1401328 1401328 1401328 1401328 1401328 1401328 1401328 1401328 1401328 1401328 1401328 1401328 1401328 1401328 1401328 1401328 1401328 1401328 1401328 1401328 1401328 1401328 1401328 1401328 1401328 460274 460274 406166 352258 290176 276641 276641 226217 61602 61503 61503 49887 48344 38062 28120 28120 28120 24070 24070 4838 4471 4059 4059 4059 2666 2666 2666 2542 2493 2493 2493 2392 806 766 660 660 630 625 417 397 389 373
Geracao 535: 1401328 1401328 1401328 1401328 1401328 1401328 1401328 1401328 1401328 1401328 1401328 1401328 1401328 1401328 1401328 1401328 1401328 1401328 1401328 1401328 1401328 1401328 1401328 1401328 1401328 1401328 1401328 1401328 1401328 1401328 1401328 1401328 1401328 1401328 1401328 1401328 1401328 1401328 1401328 1401328 1401328 1401328 1401328 1401328 1401328 460274 413204 352258 242310 226217 69413 64643 61503 61503 48344 48344 48344 45176 28200 28120 26748 24070 24070 24070 24070 24070 24070 24070 14966 14966 14966 9638 5594 3512 2600 2557 2493 2456 2380 1452 1233 660 660 648 648 641 630 630 630 630 630 623 579 549 549 525 469 453 385 357
Geracao 536: 1401328 1401328 1401328 1401328 1401328 1401328 1401328 1401328 1401328 1401328 1401328 1401328 1401328 1401328 1401328 1401328 1401328 1401328 1401328 1401328 1401328 1401328 1401328 1401328 1401328 1401328 1401328 1401328 1401328 1401328 1401328 1401328 1401328 1401328 1401328 1401328 1401328 1401328 1401328 1401328 1401328 496915 460274 355954 352258 352258 352258 352258 290176 242310 242310 236192 236192 236192 226217 224286 76170 75891 65749 61503 61503 61503 61503 51191 48344 48344 35297 28120 24070 24070 24070 24070 24070 7441 4059 4059 4059 4059 2924 2867 2749 2714 2694 2422 1022 865 813 773 748 692 663 660 630 630 630 579 557 413 374 306
Geracao 537: 1401328 1401328 1401328 1401328 1401328 1401328 1401328 1401328 1401328 1401328 1401328 1401328 1401328 1401328 1401328 1401328 1401328 1401328 1401328 1401328 1401328 1401328 1401328 1401328 1401328 1401328 1401328 1401328 1401328 1401328 1401328 1401328 723615 357179 352258 352258 263162 242310 224286 178487 86192 61503 61503 61503 48344 48344 48344 48344 48344 28120 24070 24070 24070 24070 24070 24070 24070 24070 24070 24070 12838 9638 6547 4059 4059 4059 4059 4059 4059 4059 4059 4059 4059 2899 2855 2818 2736 2727 2689 2689 2574 2493 2477 1892 930 894 824 812 797 797 775 735 660 660 630 630 630 617 614 414
Geracao 538: 1401328 1401328 1401328 1401328 1401328 1401328 1401328 1401328 1401328 1401328 1401328 1401328 1401328 1401328 1401328 1401328 1401328 1401328 1401328 1401328 1401328 1401328 1401328 1401328 1401328 1401328 1401328 1401328 1401328 1401328 1401328 1401328 1401328 1401328 1401328 1401328 1401328 1401328 1401328 1401328 1401328 1401328 1401328 1401328 1401328 1401328 460274 276641 242310 236192 226217 214422 141924 84306 61503 61503 61503 48344 48344 48344 28120 28120 28120 24070 24070 24070 24070 24070 24070 24070 16622 14966 9523 6452 5826 4640 4059 4059 4059 3030 2822 2822 2822 2662 2507 2465 1508 1246 1071 912 900 838 798 768 719 630 630 603 414 305
Geracao 539: 1401328 1401328 1401328 1401328 1401328 1401328 1401328 1401328 1401328 1401328 1401328 1401328 1401328 1401328 1401328 1401328 1401328 1401328 1401328 1401328 1401328 1401328 1401328 1401328 1401328 1401328 1401328 1401328 1401328 1401328 1401328 1401328 1401328 1401328 1401328 1401328 1401328 1401328 1401328 1401328 1401328 1401328 1401328 1401328 1401328 1401328 1401328 1401328 1401328 460274 410509 352258 352258 352258 284545 239508 236192 226217 183174 61503 61503 48344 48344 48344 28120 28120 26516 24070 24070 24070 24070 24070 24070 24070 24070 24070 24070 17585 14966 9638 7357 5065 4059 4059 4059 2907 2822 2693 2433 2432 2424 1116 782 730 682 635 630 630 621 556
Geracao 540: 1401328 1401328 1401328 1401328 1401328 1401328 1401328 1401328 1401328 1401328 1401328 1401328 1401328 1401328 1401328 1401328 1401328 1401328 1401328 1401328 1401328 1401328 1401328 1401328 1401328 1401328 1401328 1401328 1401328 1401328 1401328 1401328 1401328 1401328 1401328 1401328 1401328 1401328 1401328 1401328 1401328 1401328 1401328 1401328 1401328 1401328 1401328 1401328 1401328 1401328 1401328 1401328 1401328 1401328 1401328 1401328 613805 460274 460274 242310 242310 236192 226217 226217 61503 61503 48344 48344 28120 28120 28120 28120 28120 28120 24070 24070 24070 24070 20886 17585 7858 6441 4820 4820 4059 4059 4059 3062 2700 2681 937 911 910 715 663 659 630 628 628 410
Geracao 541: 1401328 1401328 1401328 1401328 1401328 1401328 1401328 1401328 1401328 1401328 1401328 1401328 1401328 1401328 1401328 1401328 1401328 1401328 1401328 1401328 1401328 1401328 1401328 1401328 1401328 1401328 1401328 1401328 1401328 1401328 1401328 1401328 1401328 1401328 1401328 1401328 1401328 1401328 1401328 1401328 1401328 1401328 1401328 1401328 1401328 1401328 1104629 937086 594991 515156 460274 460274 443288 413204 242310 242310 236192 226217 187991 157220 61503 61503 61503 61503 48344 48344 48344 28000 24070 24070 24070 24070 24070 24070 14966 14966 9638 7528 5600 4808 4631 4059 4059 4059 3087 2969 2969 2760 2739 2639 2493 2493 1367 777 757 724 655 547 531 515
Geracao 542: 1401328 1401328 1401328 1401328 1401328 1401328 1401328 1401328 1401328 1401328 1401328 1401328 1401328 1401328 1401328 1401328 1401328 1401328 1401328 1401328 1401328 1401328 1401328 1401328 1401328 1401328 1401328 1401328 1401328 1401328 1401328 1401328 1401328 1401328 1401328 1401328 1401328 1401328 1401328 1401328 1401328 1401328 1401328 1401328 1401328 1401328 1401328 1401328 1401328 1401328 1401328 1401328 650284 358393 352258 352258 352258 284885 233164 226217 187991 151588 146865 48344 48344 48344 28120 28120 28120 28120 28120 24070 24070 24070 24070 15473 14966 9587 4059 4059 3437 2831 2714 2647 2511 1541 1361 892 892 743 730 729 724 698 692 634 630 551 518 438
Geracao 543: 1401328 1401328 1401328 1401328 1401328 1401328 1401328 1401328 1401328 1401328 1401328 1401328 1401328 1401328 1401328 1401328 1401328 1401328 1401328 1401328 1401328 1401328 1401328 1401328 1401328 1401328 1401328 1401328 1401328 1401328 1401328 1401328 1401328 1401328 1401328 1401328 1401328 1401328 1401328 1401328 1401328 1401328 1401328 1401328 1401328 1401328 1401328 1401328 1401328 1401328 1401328 1401328 1401328 515156 460274 352258 280364 226217 118557 61503 61503 61503 61503 61503 48344 48344 48344 48344 48344 28120 28120 26516 24070 24070 24070 17733 9638 4059 4059 4059 4059 4059 2818 2759 2716 2669 2559 1383 892 830 830 729 630 630 630 559 536 498 414 354
Geracao 544: 1401328 1401328 1401328 1401328 1401328 1401328 1401328 1401328 1401328 1401328 1401328 1401328 1401328 1401328 1401328 1401328 1401328 1401328 1401328 1401328 1401328 1401328 1401328 1401328 1401328 1401328 1401328 1401328 1401328 1401328 1401328 1401328 1401328 1401328 1401328 1401328 1401328 1401328 1401328 1401328 1401328 1401328 1401328 1401328 1401328 1401328 1401328 726094 577629 460274 460274 460274 460274 352258 352258 352258 276641 236192 236192 226217 187991 129035 84736 61503 61503 61503 48344 48344 48344 48344 48344 48344 38236 28120 28120 28120 24070 24070 18686 4820 4059 4059 4059 2985 2712 2420 2362 1725 948 948 948 948 701 647 630 630 630 570 439 432
Geracao 545: 1401328 1401328 1401328 1401328 1401328 1401328 1401328 1401328 1401328 1401328 1401328 1401328 1401328 1401328 1401328 1401328 1401328 1401328 1401328 1401328 1401328 1401328 1401328 1401328 1401328 1401328 1401328 1401328 1401328 1401328 1401328 1401328 1401328 1401328 1401328 1401328 1401328 1401328 1401328 1401328 1401328 1401328 1401328 1401328 1401328 1401328 1401328 1401328 1401328 1401328 1401328 1401328 1401328 1401328 1401328 601404 460274 460274 460274 460274 460274 460274 420437 413204 380033 352258 179187 61503 48344 48344 28120 28120 28120 24070 24070 24070 24070 14661 4059 4059 3251 2835 2765 2761 2554 2547 2493 2404 2375 1429 1419 1359 1016 795 643 630 630 630 440 354
Geracao 546: 1401328 1401328 1401328 1401328 1401328 1401328 1401328 1401328 1401328 1401328 1401328 1401328 1401328 1401328 1401328 1401328 1401328 1401328 1401328 1401328 1401328 1401328 1401328 1401328 1401328 1401328 1401328 1401328 1401328 1401328 1401328 1401328 1401328 1401328 1401328 1401328 1401328 1401328 1401328 1401328 1401328 1401328 1401328 1401328 1401328 1401328 1401328 1401328 1401328 1401328 1401328 1401328 698029 460274 460274 460274 352258 315457 286950 226217 226217 43489 28120 28120 28120 28120 24070 24070 24070 24070 24070 24070 24070 24070 24049 5230 4059 4059 4059 4059 4059 4059 4059 4059 2782 2782 2782 2545 2144 825 825 744 660 630 630 502 493 410 354 354
Geracao 547: 1401328 1401328 1401328 1401328 1401328 1401328 1401328 1401328 1401328 1401328 1401328 1401328 1401328 1401328 1401328 1401328 1401328 1401328 1401328 1401328 1401328 1401328 1401328 1401328 1401328 1401328 1401328 1401328 1401328 1401328 1401328 1401328 1401328 1401328 1401328 1401328 1401328 1401328 1401328 1401328 1401328 1401328 1401328 1401328 1401328 1401328 1401328 1401328 937086 937086 937086 519075 460274 460274 413204 352258 352258 352258 276641 250938 242310 96420 86031 61503 61503 61503 61503 61503 61503 28120 24070 24070 24070 24070 17585 14966 11585 6252 4059 4059 4059 4059 2897 2782 2734 2578 2493 827 827 827 825 815 735 630 630 630 613 533 354 354
Geracao 548: 1401328 1401328 1401328 1401328 1401328 1401328 1401328 1401328 1401328 1401328 1401328 1401328 1401328 1401328 1401328 1401328 1401328 1401328 1401328 1401328 1401328 1401328 1401328 1401328 1401328 1401328 1401328 1401328 1401328 1401328 1401328 1401328 1401328 1401328 1401328 1401328 1401328 1401328 1401328 1401328 1401328 937086 570337 460274 460274 460274 413204 352258 352258 276641 226217 165043 156896 61503 61503 61503 61503 50899 38062 24070 24070 24070 24070 24070 24070 24070 24070 24070 24070 24070 24070 17585 9909 9638 4820 4820 4612 4210 4059 4059 4059 4059 3608 2852 2821 2663 2654 2576 2493 2391 789 636 630 630 630 578 434 380 379 354
Geracao 549: 1401328 1401328 1401328 1401328 1401328 1401328 1401328 1401328 1401328 1401328 1401328 1401328 1401328 1401328 1401328 1401328 1401328 1401328 1401328 1401328 1401328 1401328 1401328 1401328 1401328 1401328 1401328 1401328 1401328 1401328 1401328 1401328 1401328 1401328 1401328 1401328 1401328 1401328 1401328 1401328 1401328 1401328 1401328 1401328 1401328 1401328 1401328 1401328 1401328 1401328 1401328 1401328 1401328 1401328 1401328 1401328 613805 495063 460274 377863 352258 236192 85535 62411 61503 61503 61503 61503 61503 61503 48344 28120 28120 24070 24070 24070 24070 24070 24070 24070 24070 24070 24070 24070 20603 9638 4059 4059 4059 4059 2854 2493 2477 2438 811 811 802 682 630 354
Geracao 550: 1401328 1401328 1401328 1401328 1401328 1401328 1401328 1401328 1401328 1401328 1401328 1401328 1401328 1401328 1401328 1401328 1401328 1401328 1401328 1401328 1401328 1401328 1401328 1401328 1401328 1401328 1401328 1401328 1401328 1401328 1401328 1401328 1401328 1401328 1401328 1401328 1401328 1401328 1401328 1401328 1401328 1401328 1401328 1401328 1401328 1401328 1401328 1401328 1401328 1401328 777020 430745 352258 312138 276641 109761 61503 61503 48344 48344 41256 28120 28120 24070 24070 24070 24070 24070 24070 24070 24070 17009 14966 9638 4820 4390 4059 4059 4059 4059 2779 2779 2511 2511 2493 2493 2444 2419 2183 630 630 630 630 620 523 506 506 484 463 414
Geracao 551: 1401328 1401328 1401328 1401328 1401328 1401328 1401328 1401328 1401328 1401328 1401328 1401328 1401328 1401328 1401328 1401328 1401328 1401328 1401328 1401328 1401328 1401328 1401328 1401328 1401328 1401328 1401328 1401328 1401328 1401328 1401328 1401328 1401328 1401328 1401328 1401328 1401328 1401328 1401328 1401328 1401328 1401328 1401328 1401328 1401328 1401328 460274 460274 460274 460274 242310 236192 61503 61503 61503 61503 61503 61503 28120 28000 24070 24070 24070 24070 24070 24070 24070 24070 24070 18503 6400 4059 4059 4059 3278 3203 2803 2790 2727 2508 2493 2362 836 748 731 660 634 634 630 630 630 629 506 474 454 445 442 442 428 305
Geracao 552: 1401328 1401328 1401328 1401328 1401328 1401328 1401328 1401328 1401328 1401328 1401328 1401328 1401328 1401328 1401328 1401328 1401328 1401328 1401328 1401328 1401328 1401328 1401328 1401328 1401328 1401328 1401328 1401328 1401328 1401328 1401328 1401328 1401328 1401328 1401328 1401328 1401328 1401328 1401328 1401328 1401328 1401328 1401328 1401328 1401328 1401328 1401328 1401328 1401328 1401328 1401328 1401328 1401328 901343 460274 460274 352258 352258 306204 289397 198386 61503 28120 28000 28000 28000 28000 28000 28000 28000 28000 28000 24070 24070 24070 24070 24070 24070 24070 24070 24070 9638 6608 4059 2862 2794 2593 2558 2536 2501 2493 2493 1076 864 660 630 630 512 414 384
Geracao 553: 1401328 1401328 1401328 1401328 1401328 1401328 1401328 1401328 1401328 1401328 1401328 1401328 1401328 1401328 1401328 1401328 1401328 1401328 1401328 1401328 1401328 1401328 1401328 1401328 1401328 1401328 1401328 1401328 1401328 1401328 1401328 1401328 1401328 1401328 1401328 1401328 1401328 1401328 1401328 1401328 1401328 1401328 1401328 1401328 1401328 1401328 1401328 1401328 1401328 1401328 1401328 937086 460274 460274 384139 352258 284180 242310 236192 226217 187991 167169 61503 61503 48344 28120 28120 28000 28000 24070 24070 24070 24070 24070 24070 24070 24070 22870 9638 6495 6241 4059 4059 4059 4059 4059 3190 2759 2674 2631 2501 2501 2493 2386 2356 2336 741 705 660 326
Geracao 554: 1401328 1401328 1401328 1401328 1401328 1401328 1401328 1401328 1401328 1401328 1401328 1401328 1401328 1401328 1401328 1401328 1401328 1401328 1401328 1401328 1401328 1401328 1401328 1401328 1401328 1401328 1401328 1401328 1401328 1401328 1401328 1401328 1401328 1401328 1401328 1401328 1401328 1401328 1401328 1401328 1401328 1401328 613805 613805 460274 460274 352258 352258 318394 242310 242310 236192 236192 236192 215636 62411 61503 61503 48344 28238 28120 28120 28120 28000 28000 24070 24070 24070 24070 24070 24070 24070 24070 24070 18091 9638 8339 4820 4059 4059 4059 3564 2954 2790 2698 2495 2493 2424 1182 897 800 692 660 641 636 630 608 477 453 344
Geracao 555: 1401328 1401328 1401328 1401328 1401328 1401328 1401328 1401328 1401328 1401328 1401328 1401328 1401328 1401328 1401328 1401328 1401328 1401328 1401328 1401328 1401328 1401328 1401328 1401328 1401328 1401328 1401328 1401328 1401328 1401328 1401328 1401328 1401328 1401328 1401328 1401328 1401328 1401328 1401328 1401328 1401328 903024 460274 460274 460274 352258 300912 276641 242310 242310 242310 236192 224461 110045 61503 50237 28120 24070 24070 24070 24070 24070 24070 24070 24070 24070 24070 24070 24070 24070 9638 9638 6458 4059 4059 3923 2961 2961 2961 2793 2721 2656 2497 2495 2495 2495 2493 2319 880 878 801 732 701 660 610 580 515 432 410 404
Geracao 556: 1401328 1401328 1401328 1401328 1401328 1401328 1401328 1401328 1401328 1401328 1401328 1401328 1401328 1401328 1401328 1401328 1401328 1401328 1401328 1401328 1401328 1401328 1401328 1401328 1401328 1401328 1401328 1401328 1401328 1401328 1401328 1401328 1401328 1401328 1401328 1401328 1401328 1401328 1401328 1401328 1401328 1401328 1401328 1401328 1401328 1401328 1401328 1401328 1401328 1401328 1401328 460274 460274 460274 460274 460274 460274 352258 352258 276641 242310 236192 226217 225756 187991 106320 95988 61503 28120 24070 24070 24070 24070 24070 24070 24070 24070 24070 24070 24070 24070 24070 9638 9638 4059 4059 4059 2496 2493 2428 2244 759 660 657 550 543 420 386 355 324
Geracao 557: 1401328 1401328 1401328 1401328 1401328 1401328 1401328 1401328 1401328 1401328 1401328 1401328 1401328 1401328 1401328 1401328 1401328 1401328 1401328 1401328 1401328 1401328 1401328 1401328 1401328 1401328 1401328 1401328 1401328 1401328 1401328 1401328 1401328 1401328 1401328 1401328 1401328 1401328 1401328 937086 460274 460274 460274 460274 413204 352258 242310 242310 242310 61503 61503 48344 28120 24070 24070 24070 24070 24070 24070 24070 24070 24070 24070 17585 9638 9638 9470 5293 4270 4059 4059 4059 4059 4059 4059 2941 2941 2606 2543 2496 2496 2482 2471 2330 1465 879 700 672 660 600 494 484 476 470 420 420 403 370 334 294
Geracao 558: 1401328 1401328 1401328 1401328 1401328 1401328 1401328 1401328 1401328 1401328 1401328 1401328 1401328 1401328 1401328 1401328 1401328 1401328 1401328 1401328 1401328 1401328 1401328 1401328 1401328 1401328 1401328 1401328 1401328 1401328 1401328 1401328 1401328 1401328 1401328 1401328 1401328 1401328 1401328 1401328 1401328 1401328 1401328 1401328 1401328 1401328 1401328 1401328 1401328 1401328 460274 352258 352258 276641 242310 226217 54349 48344 48344 44647 28120 28120 28120 24070 24070 24070 24070 24070 24070 24070 24070 24070 24070 24070 9638 9538 5065 4925 4820 4059 2953 2883 2883 2883 2568 2520 1377 986 823 661 660 660 660 660 603 517 424 407 378 370
Geracao 559: 1401328 1401328 1401328 1401328 1401328 1401328 1401328 1401328 1401328 1401328 1401328 1401328 1401328 1401328 1401328 1401328 1401328 1401328 1401328 1401328 1401328 1401328 1401328 1401328 1401328 1401328 1401328 1401328 1401328 1401328 1401328 1401328 1401328 1401328 1401328 1401328 1401328 1401328 1401328 1401328 1401328 1401328 1401328 1401328 1401328 1401328 1401328 1401328 1401328 1401328 760257 484339 352258 276641 242310 236192 162476 48344 48344 38062 28597 28120 28120 24070 24070 24070 24070 24070 24070 24070 24070 24070 24070 24070 24070 10708 9638 9638 5772 4059 4059 4059 4059 4059 4059 2883 2868 2653 2493 2493 2402 2354 2329 703 660 660 660 603 370 370
Geracao 560: 1401328 1401328 1401328 1401328 1401328 1401328 1401328 1401328 1401328 1401328 1401328 1401328 1401328 1401328 1401328 1401328 1401328 1401328 1401328 1401328 1401328 1401328 1401328 1401328 1401328 1401328 1401328 1401328 1401328 1401328 1401328 1401328 1401328 1401328 1401328 1401328 1401328 1401328 1401328 1401328 1401328 1401328 1401328 1401328 1401328 1401328 1401328 1401328 1401328 460274 460274 352258 276641 242310 242310 242310 236192 236192 187991 74046 61503 61503 24070 24070 24070 24070 24070 9823 5070 4820 4059 4059 4059 4059 4059 4059 3320 2663 2651 2540 2526 2493 2493 2493 1802 1312 721 660 660 660 660 660 660 660 660 660 659 451 433 420
Geracao 561: 1401328 1401328 1401328 1401328 1401328 1401328 1401328 1401328 1401328 1401328 1401328 1401328 1401328 1401328 1401328 1401328 1401328 1401328 1401328 1401328 1401328 1401328 1401328 1401328 1401328 1401328 1401328 1401328 1401328 1401328 1401328 1401328 1401328 1401328 1401328 1401328 1401328 1401328 1401328 1401328 1401328 1401328 1401328 1401328 937086 325763 276641 242310 242310 226217 226217 209202 203839 157220 110320 28120 24070 24070 24070 24070 24070 24070 24070 24070 24070 24070 24070 24070 24070 11788 9638 9638 9638 9638 4972 4059 4059 4059 4059 4059 4059 4059 2493 2493 2354 2319 685 670 660 660 660 660 660 660 557 497 448 376 370 329
Geracao 562: 1401328 1401328 1401328 1401328 1401328 1401328 1401328 1401328 1401328 1401328 1401328 1401328 1401328 1401328 1401328 1401328 1401328 1401328 1401328 1401328 1401328 1401328 1401328 1401328 1401328 1401328 1401328 1401328 1401328 1401328 1401328 1401328 1401328 1401328 1401328 1401328 1401328 1401328 1401328 1401328 1401328 1401328 1401328 1401328 1401328 1401328 1401328 1401328 1401328 1401328 1401328 1401328 1401328 1401328 1401328 460274 460274 460274 460274 460274 413204 413204 352258 242310 236192 236192 120129 117850 110047 61503 48344 38062 28120 28120 28120 28120 28120 28120 25408 24070 24070 24070 20191 9638 9638 4059 4059 4059 4059 2493 2330 1625 984 660 660 660 541 370 370 319
Geracao 563: 1401328 1401328 1401328 1401328 1401328 1401328 1401328 1401328 1401328 1401328 1401328 1401328 1401328 1401328 1401328 1401328 1401328 1401328 1401328 1401328 1401328 1401328 1401328 1401328 1401328 1401328 1401328 1401328 1401328 1401328 1401328 1401328 1401328 1401328 1401328 1401328 1401328 1401328 1401328 1401328 1401328 1401328 1401328 1401328 1401328 1401328 1401328 1401328 1401328 1401328 1401328 1401328 1401328 1401328 1401328 1401328 1401328 1401328 460274 397813 370241 352258 352258 344692 315457 276641 263153 242310 242310 242310 236192 226217 165043 80066 48344 38062 28120 24070 24070 24070 24070 9638 9638 6495 5174 4059 2844 2493 2493 2493 2493 1244 660 660 660 660 627 502 370 354
Geracao 564: 1401328 1401328 1401328 1401328 1401328 1401328 1401328 1401328 1401328 1401328 1401328 1401328 1401328 1401328 1401328 1401328 1401328 1401328 1401328 1401328 1401328 1401328 1401328 1401328 1401328 1401328 1401328 1401328 1401328 1401328 1401328 1401328 1401328 1401328 1401328 1401328 1401328 1401328 1401328 1401328 1401328 1401328 1401328 1401328 1401328 1401328 1401328 1401328 1401328 1401328 1401328 1401328 1401328 1401328 1401328 650284 441301 441301 377863 377863 352258 352258 352258 302592 276641 242310 236192 106205 60301 28120 28120 28120 28120 24070 24070 24070 24070 24070 24070 24070 12436 4059 4059 2877 2872 2738 2520 2493 2493 2493 2493 2493 2478 2450 2431 2304 1951 630 502 382
Geracao 565: 1401328 1401328 1401328 1401328 1401328 1401328 1401328 1401328 1401328 1401328 1401328 1401328 1401328 1401328 1401328 1401328 1401328 1401328 1401328 1401328 1401328 1401328 1401328 1401328 1401328 1401328 1401328 1401328 1401328 1401328 1401328 1401328 1401328 1401328 1401328 1401328 1401328 1401328 1401328 1401328 1401328 1401328 1401328 1401328 1401328 1401328 1401328 1401328 460274 460274 352258 236192 70179 61503 61503 32273 28120 28120 28120 28120 28120 28120 28000 24070 24070 24070 24070 24070 24070 24070 24070 24070 14966 14555 9638 9638 4820 4820 4059 4059 4059 2970 2493 2493 2493 2453 660 630 630 630 573 480 403 384 370 370 346 304 278 277
Geracao 566: 1401328 1401328 1401328 1401328 1401328 1401328 1401328 1401328 1401328 1401328 1401328 1401328 1401328 1401328 1401328 1401328 1401328 1401328 1401328 1401328 1401328 1401328 1401328 1401328 1401328 1401328 1401328 1401328 1401328 1401328 1401328 1401328 1401328 1401328 1401328 1401328 1401328 1401328 1401328 1401328 1401328 1401328 1401328 1401328 1401328 1401328 1401328 1401328 1401328 1401328 1401328 1401328 1401328 1401328 1401328 1401328 1401328 1401328 1401328 876219 460603 460274 460274 236192 178174 120959 48344 36448 28120 26065 25146 24070 24070 24070 24070 24070 24070 24070 24070 24070 24070 13044 5232 4059 4059 3920 2536 2493 2493 2376 2362 2038 1493 793 630 630 630 527 364 331
Geracao 567: 1401328 1401328 1401328 1401328 1401328 1401328 1401328 1401328 1401328 1401328 1401328 1401328 1401328 1401328 1401328 1401328 1401328 1401328 1401328 1401328 1401328 1401328 1401328 1401328 1401328 1401328 1401328 1401328 1401328 1401328 1401328 1401328 1401328 1401328 1401328 1401328 1401328 1401328 1401328 1401328 1401328 1401328 1401328 1401328 1401328 1401328 1401328 1401328 1401328 1401328 1019615 460274 352258 242310 242310 242310 236192 236192 61503 48344 48344 28120 28120 28120 28120 28120 28120 24070 24070 24070 24070 24070 24070 24070 9961 5826 4059 4059 4059 4059 4059 4059 4024 3522 2763 2632 2605 2493 2479 2412 2379 814 707 660 630 630 630 630 416 366
Geracao 568: 1401328 1401328 1401328 1401328 1401328 1401328 1401328 1401328 1401328 1401328 1401328 1401328 1401328 1401328 1401328 1401328 1401328 1401328 1401328 1401328 1401328 1401328 1401328 1401328 1401328 1401328 1401328 1401328 1401328 1401328 1401328 1401328 1401328 1401328 1401328 1401328 1401328 460274 460274 405334 352258 352258 352258 242310 242310 242310 236192 236192 226217 76534 61503 61503 48344 48344 28120 28120 28120 28120 24070 24070 24070 24070 24070 24070 24070 24070 24070 24070 24070 24070 17585 9638 6321 5826 5826 4837 4059 2632 2632 2632 2632 2493 2493 2493 2493 1496 768 719 660 630 630 630 630 526 511 452 370 370 340 333
Geracao 569: 1401328 1401328 1401328 1401328 1401328 1401328 1401328 1401328 1401328 1401328 1401328 1401328 1401328 1401328 1401328 1401328 1401328 1401328 1401328 1401328 1401328 1401328 1401328 1401328 1401328 1401328 1401328 1401328 1401328 1401328 1401328 1401328 1401328 1401328 1401328 1401328 1401328 1401328 1401328 1401328 1401328 1401328 1401328 1401328 1401328 1401328 1401328 487229 352258 352258 276641 276641 226217 226217 224286 190539 137401 61503 48344 28120 28120 28120 28120 28000 24070 24070 24070 24070 24070 24070 24070 24070 9638 5826 5826 5152 4355 4059 4059 4059 4059 4059 4059 2624 2493 2427 1394 748 670 660 630 630 630 479 472 370 370 362 311 306
Geracao 570: 1401328 1401328 1401328 1401328 1401328 1401328 1401328 1401328 1401328 1401328 1401328 1401328 1401328 1401328 1401328 1401328 1401328 1401328 1401328 1401328 1401328 1401328 1401328 1401328 1401328 1401328 1401328 1401328 1401328 1401328 1401328 1401328 1401328 1401328 1401328 1401328 1401328 1401328 1401328 1401328 1401328 1401328 1401328 1401328 1401328 688003 460274 352258 352258 242310 79382 28120 28120 28120 27943 24070 24070 24070 14966 6071 5826 4820 4820 4210 4059 4059 4059 4059 3686 3673 2868 2754 2605 2518 2493 2493 2493 2493 2493 2493 2458 2427 2394 2309 809 675 630 630 630 630 630 630 370 370 370 329 299 270 253 204
Geracao 571: 1401328 1401328 1401328 1401328 1401328 1401328 1401328 1401328 1401328 1401328 1401328 1401328 1401328 1401328 1401328 1401328 1401328 1401328 1401328 1401328 1401328 1401328 1401328 1401328 1401328 1401328 1401328 1401328 1401328 1401328 1401328 1401328 1401328 1401328 1401328 1401328 1401328 1401328 1401328 1401328 1401328 1401328 629143 460274 352258 352258 352258 315457 312138 242310 242310 236192 226217 38698 28120 28120 28120 28120 28120 28120 28120 28000 24070 24070 24070 24070 24070 24070 18770 5826 5280 4912 3920 2662 2569 2569 2569 2537 2493 2493 2493 2493 2371 660 636 636 636 636 632 630 630 630 630 630 476 446 390 389 370 360
Geracao 572: 1401328 1401328 1401328 1401328 1401328 1401328 1401328 1401328 1401328 1401328 1401328 1401328 1401328 1401328 1401328 1401328 1401328 1401328 1401328 1401328 1401328 1401328 1401328 1401328 1401328 1401328 1401328 1401328 1401328 1401328 1401328 1401328 1401328 1401328 1401328 1401328 1401328 1401328 1401328 1401328 1401328 1401328 1401328 1401328 487229 415894 352258 352258 352258 292065 236192 236192 165043 61503 42895 28120 28120 28120 24070 24070 24070 24070 24070 24070 24070 24070 24070 24070 14966 5826 4820 4402 4059 4059 4059 3920 3706 2862 2651 2523 2493 2493 2493 2493 2388 2305 1067 660 660 645 630 630 630 630 630 630 630 474 454 412
Geracao 573: 1401328 1401328 1401328 1401328 1401328 1401328 1401328 1401328 1401328 1401328 1401328 1401328 1401328 1401328 1401328 1401328 1401328 1401328 1401328 1401328 1401328 1401328 1401328 1401328 1401328 1401328 1401328 1401328 1401328 1401328 1401328 1401328 1401328 1401328 1401328 1401328 1401328 1401328 1401328 1401328 1401328 1401328 1401328 1401328 1401328 1401328 1401328 1401328 1401328 460274 405334 350278 226217 226217 86901 61503 61503 61503 50732 48344 32892 28120 28120 28120 28120 24070 24070 24070 24070 24070 24070 24070 24070 24070 11988 9460 8150 6396 5826 4820 4820 4803 4059 4059 4059 3974 2493 2493 2493 2493 2493 2493 2487 735 660 660 660 585 585 370
Geracao 574: 1401328 1401328 1401328 1401328 1401328 1401328 1401328 1401328 1401328 1401328 1401328 1401328 1401328 1401328 1401328 1401328 1401328 1401328 1401328 1401328 1401328 1401328 1401328 1401328 1401328 1401328 1401328 1401328 1401328 1401328 1401328 1401328 1401328 1401328 1401328 1401328 1401328 1401328 1401328 363162 352258 226217 159303 134619 134619 118990 107985 61503 61503 61503 61503 48344 48344 28120 28120 28120 28000 24070 24070 24070 24070 24070 24070 24070 24070 5826 5152 5152 4820 4346 4059 4059 3849 2659 2548 2493 2493 2493 2493 2364 2355 2355 2283 2218 1449 752 689 660 660 660 660 660 660 630 623 575 400 349 287 281
Geracao 575: 1401328 1401328 1401328 1401328 1401328 1401328 1401328 1401328 1401328 1401328 1401328 1401328 1401328 1401328 1401328 1401328 1401328 1401328 1401328 1401328 1401328 1401328 1401328 1401328 1401328 1401328 1401328 1401328 1401328 1401328 1401328 1401328 1401328 1401328 1401328 1401328 1401328 1401328 1401328 1401328 1401328 1401328 1401328 1401328 1401328 1401328 1401328 460274 460274 460274 460274 377863 352258 352258 276641 236192 226217 226217 226217 187035 134619 112314 61503 61503 48344 48344 28379 28120 28120 28120 28120 24070 24070 24070 24070 24070 9638 6007 5826 5152 4059 4059 2948 2642 2493 2493 2493 2427 2377 1713 1175 660 660 630 581 576 557 446 410 374
Geracao 576: 1401328 1401328 1401328 1401328 1401328 1401328 1401328 1401328 1401328 1401328 1401328 1401328 1401328 1401328 1401328 1401328 1401328 1401328 1401328 1401328 1401328 1401328 1401328 1401328 1401328 1401328 1401328 1401328 1401328 1401328 1401328 1401328 1401328 1401328 1401328 1401328 1401328 1401328 1401328 1401328 1401328 1401328 1401328 1401328 1401328 1401328 1401328 1401328 1401328 1401328 460274 460274 460274 413204 352258 352258 352258 352258 352258 226217 226217 226217 183551 161041 160650 157220 134619 109761 103882 48344 43271 28120 28120 24070 24070 24070 24070 24070 14069 5826 4059 4059 2551 2493 2491 2366 1631 1582 1040 977 752 660 660 617 588 582 580 580 580 575
Geracao 577: 1401328 1401328 1401328 1401328 1401328 1401328 1401328 1401328 1401328 1401328 1401328 1401328 1401328 1401328 1401328 1401328 1401328 1401328 1401328 1401328 1401328 1401328 1401328 1401328 1401328 1401328 1401328 1401328 1401328 1401328 1401328 1401328 1401328 1401328 1401328 1401328 1401328 1401328 1401328 1401328 1401328 1401328 1401328 1401328 1401328 1401328 1401328 1401328 1401328 1401328 1401328 1401328 1401328 1401328 1401328 1401328 1401328 1401328 1401328 1401328 921339 413204 352258 352258 352258 128376 54427 48344 48344 48344 37788 33345 28120 24070 24070 24070 24070 24070 24070 24070 9638 4820 4820 4321 4059 4059 4059 4059 2877 2671 2344 689 669 660 660 660 660 660 465 423
Geracao 578: 1401328 1401328 1401328 1401328 1401328 1401328 1401328 1401328 1401328 1401328 1401328 1401328 1401328 1401328 1401328 1401328 1401328 1401328 1401328 1401328 1401328 1401328 1401328 1401328 1401328 1401328 1401328 1401328 1401328 1401328 1401328 1401328 1401328 1401328 1401328 1401328 1401328 1401328 1401328 1401328 1401328 1401328 1401328 1401328 1401328 460274 460274 460274 377863 352258 352258 352258 309273 290176 48344 48344 48344 48344 41713 28120 24070 24070 24070 24070 24070 24070 24070 24070 24070 24070 24070 9638 9569 9194 5826 5826 5426 4668 4447 4059 4059 3270 2706 2663 2656 2493 2493 2453 2423 2412 2305 1924 1378 810 660 660 660 660 660 271
Geracao 579: 1401328 1401328 1401328 1401328 1401328 1401328 1401328 1401328 1401328 1401328 1401328 1401328 1401328 1401328 1401328 1401328 1401328 1401328 1401328 1401328 1401328 1401328 1401328 1401328 1401328 1401328 1401328 1401328 1401328 1401328 1401328 1401328 1401328 1401328 1401328 1401328 1401328 1401328 1401328 1401328 1401328 1401328 1401328 1401328 1401328 1401328 1401328 1401328 1401328 1401328 1401328 1401328 352258 352258 352258 259271 224286 209354 157220 157220 157220 134619 98556 80382 48344 28120 28120 24070 24070 24070 24070 24070 24070 24070 24070 6403 4162 4113 4059 4059 4059 4059 3812 2747 2723 2584 2493 2493 2493 1310 1091 793 764 660 441 370 370 370 268 267
Geracao 580: 1401328 1401328 1401328 1401328 1401328 1401328 1401328 1401328 1401328 1401328 1401328 1401328 1401328 1401328 1401328 1401328 1401328 1401328 1401328 1401328 1401328 1401328 1401328 1401328 1401328 1401328 1401328 1401328 1401328 1401328 1401328 1401328 1401328 1401328 1401328 1401328 1401328 1401328 1401328 1401328 1401328 1401328 1401328 1401328 1401328 1401328 1401328 1401328 405334 352258 226217 157220 157220 100457 28120 28120 28120 24070 24070 24070 24070 24070 24070 24070 24070 24070 24070 24070 24070 24070 24070 24070 24070 11000 5826 4820 4059 4059 4059 4059 4059 2584 2572 2572 2572 2572 2421 1143 1075 992 660 660 660 560 532 513 427 408 400 340
Geracao 581: 1401328 1401328 1401328 1401328 1401328 1401328 1401328 1401328 1401328 1401328 1401328 1401328 1401328 1401328 1401328 1401328 1401328 1401328 1401328 1401328 1401328 1401328 1401328 1401328 1401328 1401328 1401328 1401328 1401328 1401328 1401328 1401328 1401328 1401328 1401328 1401328 1401328 1401328 1401328 1401328 1401328 1401328 1401328 1401328 1401328 1401328 1401328 1401328 1401328 1401328 1401328 1401328 590755 487149 460274 460274 460274 434437 430745 352258 352258 352258 226217 226217 226217 134619 48344 48344 38062 30333 28120 28000 24070 24070 24070 24070 24070 24070 24070 24070 24070 24070 14966 4059 2698 2689 2584 2466 1951 939 896 828 816 738 686 660 660 660 630 604
Geracao 582: 1401328 1401328 1401328 1401328 1401328 1401328 1401328 1401328 1401328 1401328 1401328 1401328 1401328 1401328 1401328 1401328 1401328 1401328 1401328 1401328 1401328 1401328 1401328 1401328 1401328 1401328 1401328 1401328 1401328 1401328 1401328 1401328 1401328 1401328 1401328 1401328 1401328 1401328 1401328 1401328 1401328 460274 460274 460274 352258 250959 236192 226217 226217 61503 54138 48344 48344 48344 48344 31924 28120 28120 28120 24070 24070 24070 24070 24070 24070 24070 24070 24070 24070 24070 16736 5826 4820 4382 4059 4059 4059 4059 3058 2824 2710 2665 2584 2584 2584 1905 1049 979 829 727 686 665 660 660 660 630 606 589 582 407
Geracao 583: 1401328 1401328 1401328 1401328 1401328 1401328 1401328 1401328 1401328 1401328 1401328 1401328 1401328 1401328 1401328 1401328 1401328 1401328 1401328 1401328 1401328 1401328 1401328 1401328 1401328 1401328 1401328 1401328 1401328 1401328 1401328 1401328 1401328 1401328 1401328 1401328 1401328 1401328 1401328 1401328 1401328 1401328 1401328 1401328 1401328 1401328 1401328 1401328 1401328 1401328 1401328 551200 460274 460274 460274 352258 236192 207128 157220 134619 134619 48344 48344 48344 48344 48344 38062 28120 28120 28120 24070 24070 24070 24070 24070 24070 24070 24070 24070 24070 24070 24070 9638 9638 6495 6335 4380 4059 4059 2584 714 660 660 660 660 660 593 577 504 370
Geracao 584: 1401328 1401328 1401328 1401328 1401328 1401328 1401328 1401328 1401328 1401328 1401328 1401328 1401328 1401328 1401328 1401328 1401328 1401328 1401328 1401328 1401328 1401328 1401328 1401328 1401328 1401328 1401328 1401328 1401328 1401328 1401328 1401328 1401328 1401328 1401328 1401328 1401328 1401328 1401328 1401328 1401328 1401328 1401328 1401328 1401328 1401328 1401328 1401328 1401328 1401328 1401328 1401328 1401328 460274 352258 236192 134619 95874 76180 48344 28120 28120 24070 24070 24070 24070 24070 24070 24070 24070 24070 24070 24070 24070 14966 9992 9638 5826 5138 4059 4059 4059 4059 4059 4059 2493 2400 2323 717 660 660 660 660 649 634 630 626 370 341 340
Geracao 585: 1401328 1401328 1401328 1401328 1401328 1401328 1401328 1401328 1401328 1401328 1401328 1401328 1401328 1401328 1401328 1401328 1401328 1401328 1401328 1401328 1401328 1401328 1401328 1401328 1401328 1401328 1401328 1401328 1401328 1401328 1401328 1401328 1401328 1401328 1401328 1401328 1401328 1401328 1401328 1401328 1401328 1401328 1401328 1401328 1401328 1401328 590047 460274 374784 352258 317618 236192 236192 109761 48344 28379 28120 24070 24070 24070 24070 24070 24070 24070 24070 24070 24070 24070 24070 24070 24070 18542 10802 7966 6459 4059 4059 4059 4059 3926 3693 2853 2603 2371 2278 1199 1176 946 905 696 660 649 600 547 454 432 370 370 370 344
Geracao 586: 1401328 1401328 1401328 1401328 1401328 1401328 1401328 1401328 1401328 1401328 1401328 1401328 1401328 1401328 1401328 1401328 1401328 1401328 1401328 1401328 1401328 1401328 1401328 1401328 1401328 1401328 1401328 1401328 1401328 1401328 1401328 1401328 1401328 1401328 1401328 1401328 1401328 1401328 1401328 1401328 1401328 1401328 1401328 1401328 1401328 1401328 1401328 1401328 1401328 1401328 1401328 1401328 460274 226217 226217 60897 51573 28120 28120 24070 24070 24070 24070 24070 24070 24070 24070 24070 24070 24070 24070 17585 14966 4603 4059 4059 4059 4059 4059 4059 3508 2870 2750 2658 2493 2410 2396 660 660 660 660 660 660 660 660 660 483 371 356 303
Geracao 587: 1401328 1401328 1401328 1401328 1401328 1401328 1401328 1401328 1401328 1401328 1401328 1401328 1401328 1401328 1401328 1401328 1401328 1401328 1401328 1401328 1401328 1401328 1401328 1401328 1401328 1401328 1401328 1401328 1401328 1401328 1401328 1401328 1401328 1401328 1401328 1401328 1401328 1401328 1401328 1401328 1401328 1401328 1401328 1401328 1401328 579719 440138 352258 335429 279965 134619 109761 109761 61503 61503 48344 48344 48344 43131 28120 24070 24070 24070 24070 24070 24070 24070 24070 24070 24070 24070 24070 24070 24070 24070 24070 24070 14966 14966 14966 5826 4509 4059 4059 3438 3003 2715 2669 2064 1137 990 789 721 707 661 660 659 630 575 370
Geracao 588: 1401328 1401328 1401328 1401328 1401328 1401328 1401328 1401328 1401328 1401328 1401328 1401328 1401328 1401328 1401328 1401328 1401328 1401328 1401328 1401328 1401328 1401328 1401328 1401328 1401328 1401328 1401328 1401328 1401328 1401328 1401328 1401328 1401328 1401328 1401328 1401328 1401328 781705 487229 460274 352258 352258 352258 352258 226217 117055 80066 61328 48344 28120 24070 24070 24070 24070 24070 24070 24070 24070 24070 24070 24070 24070 24070 24070 24070 24070 24070 4059 4059 4059 4059 4059 4059 3672 3410 2770 2493 2493 1599 1231 1208 1050 1039 1022 965 948 879 871 860 733 732 690 658 630 630 578 507 422 367 330
Geracao 589: 1401328 1401328 1401328 1401328 1401328 1401328 1401328 1401328 1401328 1401328 1401328 1401328 1401328 1401328 1401328 1401328 1401328 1401328 1401328 1401328 1401328 1401328 1401328 1401328 1401328 1401328 1401328 1401328 1401328 1401328 1401328 1401328 1401328 1401328 1401328 1401328 1401328 1401328 763215 531994 460274 460274 460274 460274 460274 352258 352258 347232 109761 48344 28409 28120 28120 24070 24070 24070 24070 24070 24070 24070 24070 24070 24070 24070 24070 24070 24070 24070 24070 24070 24070 24070 17585 9638 5826 5826 4820 4756 4059 4059 4059 4059 4059 3183 2472 2402 1972 1137 1137 1000 949 949 780 700 666 632 583 492 334 310
Geracao 590: 1401328 1401328 1401328 1401328 1401328 1401328 1401328 1401328 1401328 1401328 1401328 1401328 1401328 1401328 1401328 1401328 1401328 1401328 1401328 1401328 1401328 1401328 1401328 1401328 1401328 1401328 1401328 1401328 1401328 1401328 1401328 1401328 1401328 1401328 1401328 1401328 1401328 1401328 487229 487229 460274 460274 460274 460274 460274 352258 352258 331155 331155 134619 48344 44128 28120 28120 24070 24070 24070 24070 24070 24070 24070 24070 24070 24070 24070 24070 24070 24070 24070 18280 14966 14966 14966 9638 6512 4720 4542 4329 4059 4059 4059 2658 2652 2493 1476 1140 1036 993 852 823 692 647 642 606 602 514 466 450 348 300
Geracao 591: 1401328 1401328 1401328 1401328 1401328 1401328 1401328 1401328 1401328 1401328 1401328 1401328 1401328 1401328 1401328 1401328 1401328 1401328 1401328 1401328 1401328 1401328 1401328 1401328 1401328 1401328 1401328 1401328 1401328 1401328 1401328 1401328 1401328 1401328 1401328 1401328 1401328 1401328 460274 380534 352258 352258 244611 236192 134619 109761 60007 48344 48344 48344 48344 36501 24627 24070 24070 24070 24070 24070 24070 24070 24070 24070 24070 24070 24070 24070 24070 24070 24070 14966 14966 5826 5573 4692 4059 4059 4059 4059 4059 4059 4059 2652 2599 2566 2493 2373 2369 823 823 823 630 630 630 630 578 480 364 363 357 336
Geracao 592: 1401328 1401328 1401328 1401328 1401328 1401328 1401328 1401328 1401328 1401328 1401328 1401328 1401328 1401328 1401328 1401328 1401328 1401328 1401328 1401328 1401328 1401328 1401328 1401328 1401328 1401328 1401328 1401328 1401328 1401328 1401328 1401328 1401328 1401328 1401328 1401328 1401328 1401328 1401328 1401328 1401328 1401328 1401328 1401328 1401328 1401328 1401328 1401328 1401328 1401328 1401328 1178840 460274 134576 60436 48344 48344 48344 48344 28120 28120 24789 24070 24070 24070 24070 24070 24070 24070 24070 18897 14966 14966 14966 14966 14966 4059 4059 4059 4059 4059 4059 4059 4059 3123 2996 2527 823 823 823 823 823 823 668 668 660 651 576 443 434
Geracao 593: 1401328 1401328 1401328 1401328 1401328 1401328 1401328 1401328 1401328 1401328 1401328 1401328 1401328 1401328 1401328 1401328 1401328 1401328 1401328 1401328 1401328 1401328 1401328 1401328 1401328 1401328 1401328 1401328 1401328 1401328 1401328 1401328 1401328 1401328 1401328 1401328 1401328 1401328 1401328 561248 463310 460274 352258 352258 236192 191951 48344 48344 42004 28120 28120 28120 24070 24070 24070 24070 24070 24070 24070 24070 24070 24070 24070 24070 24070 24070 24070 24070 24070 24070 24070 14966 14966 14966 14966 12361 9638 5826 4351 4059 4059 4059 4059 4059 2917 2453 2385 1737 826 823 823 823 660 499 461 434 433 399 336 336
Geracao 594: 1401328 1401328 1401328 1401328 1401328 1401328 1401328 1401328 1401328 1401328 1401328 1401328 1401328 1401328 1401328 1401328 1401328 1401328 1401328 1401328 1401328 1401328 1401328 1401328 1401328 1401328 1401328 1401328 1401328 1401328 1401328 1401328 1401328 1401328 1401328 1401328 1401328 1401328 1401328 1401328 622043 469767 460274 352258 290176 226217 109761 94184 28120 28120 28120 28120 28120 24070 24070 24070 24070 24070 24070 24070 24070 24070 24070 24070 24070 24070 24070 24070 24070 20079 6642 5826 5826 4561 4059 4059 4059 4059 4059 4014 3471 2656 2493 2385 2385 2385 1484 823 823 823 823 823 823 823 770 660 660 399 336 336
Geracao 595: 1401328 1401328 1401328 1401328 1401328 1401328 1401328 1401328 1401328 1401328 1401328 1401328 1401328 1401328 1401328 1401328 1401328 1401328 1401328 1401328 1401328 1401328 1401328 1401328 1401328 1401328 1401328 1401328 1401328 1401328 1401328 1401328 1401328 1401328 1401328 1401328 1401328 1401328 1401328 1401328 613805 460274 460274 441301 352258 352258 339970 226217 54329 31862 28120 28120 24070 24070 24070 24070 24070 24070 24070 24070 24070 24070 24070 24070 24070 24070 24070 24070 24070 24070 24070 24070 24070 24070 14966 14966 14966 14966 14082 12653 8999 6495 5941 4059 4059 4059 4059 4059 4059 4059 4059 2970 2651 2562 2491 823 823 391 336 328
Geracao 596: 1401328 1401328 1401328 1401328 1401328 1401328 1401328 1401328 1401328 1401328 1401328 1401328 1401328 1401328 1401328 1401328 1401328 1401328 1401328 1401328 1401328 1401328 1401328 1401328 1401328 1401328 1401328 1401328 1401328 1401328 1401328 1401328 1401328 1401328 1401328 1401328 1401328 1401328 1401328 1401328 1401328 1401328 1401328 1401328 1401328 1401328 1401328 1401328 1401328 1401328 613805 493585 439314 408832 226217 218642 211092 134619 65977 48344 28120 24070 24070 24070 24070 24070 24070 24070 24070 24070 24070 24070 24027 9793 9638 6009 5826 5094 4400 4059 4059 4059 4059 4007 2896 2715 2553 2493 2487 2424 2373 993 823 823 798 660 650 630 630 481
Geracao 597: 1401328 1401328 1401328 1401328 1401328 1401328 1401328 1401328 1401328 1401328 1401328 1401328 1401328 1401328 1401328 1401328 1401328 1401328 1401328 1401328 1401328 1401328 1401328 1401328 1401328 1401328 1401328 1401328 1401328 1401328 1401328 1401328 1401328 1401328 1401328 1401328 1401328 1401328 1401328 1401328 1401328 1401328 1401328 1401328 532330 460274 460274 460274 460274 352258 352258 352258 279965 236192 187991 112027 82246 62411 48344 48344 28120 28120 28120 24070 24070 24070 24070 24070 24070 24070 24070 24070 24070 24070 24070 24070 24070 9638 8860 4820 4620 4059 4059 4059 2587 2480 2349 890 823 823 823 823 823 650 630 630 630 630 630 602
Geracao 598: 1401328 1401328 1401328 1401328 1401328 1401328 1401328 1401328 1401328 1401328 1401328 1401328 1401328 1401328 1401328 1401328 1401328 1401328 1401328 1401328 1401328 1401328 1401328 1401328 1401328 1401328 1401328 1401328 1401328 1401328 1401328 1401328 1401328 1401328 1401328 1401328 1401328 1401328 1401328 1401328 1401328 1401328 1401328 1401328 1401328 1401328 1401328 807419 656803 533154 65977 49306 28120 28120 28120 24789 24789 24070 24070 24070 24070 24070 24070 24070 24070 24070 24070 24070 24070 24070 24070 24070 24070 24070 24070 24070 24070 23081 9638 8054 4059 4059 4059 4059 4059 2549 2478 2408 2406 823 823 823 823 701 630 622 568 429 425 233
Geracao 599: 1401328 1401328 1401328 1401328 1401328 1401328 1401328 1401328 1401328 1401328 1401328 1401328 1401328 1401328 1401328 1401328 1401328 1401328 1401328 1401328 1401328 1401328 1401328 1401328 1401328 1401328 1401328 1401328 1401328 1401328 1401328 1401328 1401328 1401328 1401328 1401328 1401328 1401328 1401328 1154331 901343 460274 460274 460274 460274 460274 352258 352258 352258 259978 226217 115537 61503 61503 61503 24070 24070 24070 24070 24070 24070 24070 24070 24070 24070 24070 14966 14966 14966 9638 4919 4059 4059 4059 4059 4059 4059 4059 3772 2740 2687 2517 2482 891 858 823 823 823 810 630 630 630 615 606 577 495 424 420 380 377
Geracao 600: 1401328 1401328 1401328 1401328 1401328 1401328 1401328 1401328 1401328 1401328 1401328 1401328 1401328 1401328 1401328 1401328 1401328 1401328 1401328 1401328 1401328 1401328 1401328 1401328 1401328 1401328 1401328 1401328 1401328 1401328 1401328 1401328 1401328 1401328 1401328 1401328 1401328 1401328 1401328 1401328 1401328 1401328 1401328 1401328 352258 352258 279965 236192 226217 205680 164452 61503 28120 28120 24070 24070 24070 24070 24070 24070 24070 24070 24070 24070 24070 24070 24070 24070 24070 24070 24070 24070 24070 24070 24070 24070 14966 4351 4059 4059 4059 4059 3409 3409 3239 2804 2803 2564 1157 1062 823 823 805 682 630 630 607 520 416 284
Geracao 601: 1401328 1401328 1401328 1401328 1401328 1401328 1401328 1401328 1401328 1401328 1401328 1401328 1401328 1401328 1401328 1401328 1401328 1401328 1401328 1401328 1401328 1401328 1401328 1401328 1401328 1401328 1401328 1401328 1401328 1401328 1401328 1401328 1401328 1401328 1401328 1401328 1401328 1401328 1401328 1401328 1401328 486931 460274 460274 354185 352258 331155 236192 236192 226217 224286 49354 41584 28120 24070 24070 24070 24070 24070 24070 24070 24070 24070 24070 24070 24070 24070 24070 24070 24070 24070 24070 24070 24070 24070 24070 14966 14966 14966 9638 7093 4563 4059 4059 4059 4059 4059 3924 3569 2855 823 823 765 699 630 630 630 538 474 429
Geracao 602: 1401328 1401328 1401328 1401328 1401328 1401328 1401328 1401328 1401328 1401328 1401328 1401328 1401328 1401328 1401328 1401328 1401328 1401328 1401328 1401328 1401328 1401328 1401328 1401328 1401328 1401328 1401328 1401328 1401328 1401328 1401328 1401328 1401328 1401328 352258 331155 279965 236192 236192 218441 88001 71593 46106 28351 28120 28120 24891 24070 24070 24070 24070 24070 24070 24070 24070 24070 24070 24070 24070 24070 24070 24070 24070 24070 24070 24070 24070 24070 24070 24070 14966 14966 14966 14966 8852 4471 4059 4059 4059 4059 4059 4059 2651 2651 2557 2549 2460 2374 1572 882 823 823 823 823 823 823 721 660 474 388
Geracao 603: 1401328 1401328 1401328 1401328 1401328 1401328 1401328 1401328 1401328 1401328 1401328 1401328 1401328 1401328 1401328 1401328 1401328 1401328 1401328 1401328 1401328 1401328 1401328 1401328 1401328 1401328 1401328 1401328 1401328 1401328 1401328 1401328 1401328 1401328 1401328 1401328 642486 460274 460274 460274 460274 295687 284180 236192 236192 236192 232282 199861 188371 112004 61503 28120 24070 24070 24070 24070 24070 24070 24070 24070 24070 24070 24070 24070 24070 24070 24070 24070 24070 24070 24070 24070 24070 24070 24070 24070 24070 24070 24070 24070 14966 14966 14966 14966 14966 6130 4059 4059 4059 4059 4059 2403 850 823 823 823 823 823 660 485
Geracao 604: 1401328 1401328 1401328 1401328 1401328 1401328 1401328 1401328 1401328 1401328 1401328 1401328 1401328 1401328 1401328 1401328 1401328 1401328 1401328 1401328 1401328 1401328 1401328 1401328 1401328 1401328 1401328 1401328 1401328 1401328 1401328 1401328 1401328 1401328 1401328 1401328 1401328 460274 352258 352258 279965 236192 226217 199806 134619 53453 48344 48344 48344 38062 28120 28120 24789 24070 24070 24070 24070 24070 24070 24070 24070 24070 24070 24070 24070 24070 24070 24070 24070 14966 14966 14966 12233 6137 4059 4059 4059 4059 4059 3062 2969 2969 2965 2651 993 993 993 842 823 823 660 658 654 630 614 530 450 420 414 400
Geracao 605: 1401328 1401328 1401328 1401328 1401328 1401328 1401328 1401328 1401328 1401328 1401328 1401328 1401328 1401328 1401328 1401328 1401328 1401328 1401328 1401328 1401328 1401328 1401328 1401328 1401328 1401328 1401328 1401328 1401328 1401328 1401328 1401328 1401328 1401328 1401328 1401328 1401328 1401328 1401328 1401328 1401328 532330 460274 460274 440138 354185 352763 352258 352258 352258 290176 284123 226217 134619 80332 49354 48344 38062 28120 28120 28120 28120 24789 24070 24070 24070 24070 24070 24070 24070 24070 24070 24070 24070 24070 24070 24070 14966 14966 14966 14966 9638 4059 4059 4059 3834 3224 2652 2434 2433 2391 2208 2158 1055 993 823 823 823 543 451
Geracao 606: 1401328 1401328 1401328 1401328 1401328 1401328 1401328 1401328 1401328 1401328 1401328 1401328 1401328 1401328 1401328 1401328 1401328 1401328 1401328 1401328 1401328 1401328 1401328 1401328 1401328 1401328 1401328 1401328 1401328 1401328 1401328 1401328 1401328 1401328 1401328 1401328 1401328 1401328 1401328 1401328 1401328 1401328 1401328 1401328 1401328 1401328 1401328 1401328 1401328 460274 460274 460274 460274 460274 352258 352258 246003 236192 236192 236192 109761 54004 48344 48344 48344 28120 28120 28120 28120 24070 24070 24070 24070 24070 24070 24070 24070 24070 24070 24070 24070 24070 24070 24070 24070 14966 14966 14966 14966 5157 954 823 823 660 658 643 636 630 424 387
Geracao 607: 1401328 1401328 1401328 1401328 1401328 1401328 1401328 1401328 1401328 1401328 1401328 1401328 1401328 1401328 1401328 1401328 1401328 1401328 1401328 1401328 1401328 1401328 1401328 1401328 1401328 1401328 1401328 1401328 1401328 1401328 1401328 1401328 1401328 1401328 1401328 1401328 1401328 1401328 1401328 1401328 1401328 1401328 1401328 1401328 1401328 1401328 1401328 626239 181295 162148 134619 109761 109761 54015 48344 28120 24530 24070 24070 24070 24070 24070 24070 24070 24070 24070 24070 24070 24070 24070 24070 24070 24070 24070 24070 24070 24070 24070 24070 14966 9638 5152 4820 4059 4059 2780 2559 2506 2447 630 630 630 630 630 566 543 543 543 518 370